time,P,G(i),H_sun,T2m,WS10m,Int
20190101:0010,0.0,0.0,0.0,4.52,2.21,0.0
20190101:0110,0.0,0.0,0.0,4.51,2.28,0.0
20190101:0210,0.0,0.0,0.0,4.5,2.34,0.0
20190101:0310,0.0,0.0,0.0,4.42,2.76,0.0
20190101:0410,0.0,0.0,0.0,4.27,2.9,0.0
20190101:0510,0.0,0.0,0.0,4.05,3.1,0.0
20190101:0610,0.0,0.0,0.0,3.86,3.1,0.0
20190101:0710,0.0,0.0,0.0,4.28,3.1,0.0
20190101:0810,365.0,7.35,6.68,4.3,3.52,0.0
20190101:0910,17190.0,54.23,12.37,4.58,4.34,0.0
20190101:1010,4425.0,21.14,16.09,4.55,4.62,0.0
20190101:1110,91480.0,218.57,17.52,4.54,4.76,0.0
20190101:1210,76260.0,185.58,16.5,4.43,4.83,0.0
20190101:1310,4745.0,22.06,13.15,4.32,5.31,0.0
20190101:1410,3215.0,17.46,7.78,3.94,4.9,0.0
20190101:1510,0.0,0.0,0.0,3.56,4.83,0.0
20190101:1610,0.0,0.0,0.0,3.36,4.9,0.0
20190101:1710,0.0,0.0,0.0,3.31,5.1,0.0
20190101:1810,0.0,0.0,0.0,3.37,5.24,0.0
20190101:1910,0.0,0.0,0.0,3.7,5.86,0.0
20190101:2010,0.0,0.0,0.0,3.34,6.55,0.0
20190101:2110,0.0,0.0,0.0,2.62,5.45,0.0
20190101:2210,0.0,0.0,0.0,2.14,5.66,0.0
20190101:2310,0.0,0.0,0.0,1.28,5.79,0.0
20190102:0010,0.0,0.0,0.0,0.62,6.0,0.0
20190102:0110,0.0,0.0,0.0,0.14,6.14,0.0
20190102:0210,0.0,0.0,0.0,-0.28,5.38,0.0
20190102:0310,0.0,0.0,0.0,-0.54,5.24,0.0
20190102:0410,0.0,0.0,0.0,-0.53,5.31,0.0
20190102:0510,0.0,0.0,0.0,-0.31,5.45,0.0
20190102:0610,0.0,0.0,0.0,-0.01,5.59,0.0
20190102:0710,0.0,0.0,0.0,0.5,5.52,0.0
20190102:0810,14795.0,47.43,6.71,0.24,5.1,0.0
20190102:0910,137055.0,311.33,12.41,0.44,4.62,0.0
20190102:1010,9645.0,34.93,16.15,0.89,4.97,0.0
20190102:1110,5480.0,23.9,17.6,1.29,5.03,0.0
20190102:1210,67795.0,164.93,16.61,0.94,5.38,0.0
20190102:1310,3280.0,17.46,13.27,0.54,4.9,0.0
20190102:1410,27790.0,77.6,7.9,0.3,4.97,0.0
20190102:1510,0.0,0.0,0.0,-0.06,4.83,0.0
20190102:1610,0.0,0.0,0.0,-0.73,4.34,0.0
20190102:1710,0.0,0.0,0.0,-1.15,4.28,0.0
20190102:1810,0.0,0.0,0.0,-1.46,4.07,0.0
20190102:1910,0.0,0.0,0.0,-1.51,3.72,0.0
20190102:2010,0.0,0.0,0.0,-1.64,3.86,0.0
20190102:2110,0.0,0.0,0.0,-1.61,3.72,0.0
20190102:2210,0.0,0.0,0.0,-1.68,3.66,0.0
20190102:2310,0.0,0.0,0.0,-1.74,3.38,0.0
20190103:0010,0.0,0.0,0.0,-1.9,3.38,0.0
20190103:0110,0.0,0.0,0.0,-2.15,3.1,0.0
20190103:0210,0.0,0.0,0.0,-2.14,3.1,0.0
20190103:0310,0.0,0.0,0.0,-2.37,3.03,0.0
20190103:0410,0.0,0.0,0.0,-2.48,3.03,0.0
20190103:0510,0.0,0.0,0.0,-2.69,3.03,0.0
20190103:0610,0.0,0.0,0.0,-2.93,3.03,0.0
20190103:0710,0.0,0.0,0.0,-2.71,2.48,0.0
20190103:0810,15760.0,49.29,6.74,-2.5,2.76,0.0
20190103:0910,52215.0,129.89,12.46,-2.15,3.03,0.0
20190103:1010,310085.0,697.57,16.23,-1.47,3.24,0.0
20190103:1110,261060.0,585.03,17.69,-0.78,3.45,0.0
20190103:1210,183090.0,410.86,16.71,-0.34,3.79,0.0
20190103:1310,34075.0,91.65,13.39,-0.16,4.0,0.0
20190103:1410,49640.0,125.59,8.03,-0.21,3.93,0.0
20190103:1510,0.0,0.0,0.0,-0.9,3.45,0.0
20190103:1610,0.0,0.0,0.0,-1.55,3.38,0.0
20190103:1710,0.0,0.0,0.0,-1.63,3.45,0.0
20190103:1810,0.0,0.0,0.0,-1.54,3.52,0.0
20190103:1910,0.0,0.0,0.0,-1.76,3.1,0.0
20190103:2010,0.0,0.0,0.0,-1.66,3.1,0.0
20190103:2110,0.0,0.0,0.0,-1.68,3.03,0.0
20190103:2210,0.0,0.0,0.0,-1.87,2.9,0.0
20190103:2310,0.0,0.0,0.0,-1.85,2.76,0.0
20190104:0010,0.0,0.0,0.0,-1.74,2.48,0.0
20190104:0110,0.0,0.0,0.0,-1.71,2.41,0.0
20190104:0210,0.0,0.0,0.0,-1.69,2.34,0.0
20190104:0310,0.0,0.0,0.0,-1.76,2.41,0.0
20190104:0410,0.0,0.0,0.0,-2.02,2.55,0.0
20190104:0510,0.0,0.0,0.0,-2.16,2.48,0.0
20190104:0610,0.0,0.0,0.0,-2.13,2.55,0.0
20190104:0710,0.0,0.0,0.0,-1.8,2.21,0.0
20190104:0810,390.0,7.35,6.78,-1.54,2.83,0.0
20190104:0910,30090.0,82.43,12.52,-1.11,3.03,0.0
20190104:1010,23590.0,68.02,16.31,-0.98,3.17,0.0
20190104:1110,27180.0,76.29,17.79,-0.64,3.59,0.0
20190104:1210,24730.0,70.77,16.83,-0.38,3.66,0.0
20190104:1310,20715.0,61.58,13.52,-0.03,4.0,0.0
20190104:1410,17650.0,54.24,8.16,-0.3,3.86,0.0
20190104:1510,0.0,0.0,0.0,-0.59,3.66,0.0
20190104:1610,0.0,0.0,0.0,-0.74,3.72,0.0
20190104:1710,0.0,0.0,0.0,-0.7,3.93,0.0
20190104:1810,0.0,0.0,0.0,-0.62,4.07,0.0
20190104:1910,0.0,0.0,0.0,-0.36,4.41,0.0
20190104:2010,0.0,0.0,0.0,-0.16,4.55,0.0
20190104:2110,0.0,0.0,0.0,-0.01,4.55,0.0
20190104:2210,0.0,0.0,0.0,0.1,4.41,0.0
20190104:2310,0.0,0.0,0.0,0.09,4.28,0.0
20190105:0010,0.0,0.0,0.0,0.19,4.28,0.0
20190105:0110,0.0,0.0,0.0,0.3,4.48,0.0
20190105:0210,0.0,0.0,0.0,0.37,4.62,0.0
20190105:0310,0.0,0.0,0.0,0.46,4.76,0.0
20190105:0410,0.0,0.0,0.0,0.51,4.69,0.0
20190105:0510,0.0,0.0,0.0,0.54,4.97,0.0
20190105:0610,0.0,0.0,0.0,0.58,5.17,0.0
20190105:0710,0.0,0.0,0.0,0.6,5.38,0.0
20190105:0810,65725.0,160.16,6.83,0.69,5.38,0.0
20190105:0910,270365.0,604.42,12.59,0.88,5.24,0.0
20190105:1010,23780.0,68.93,16.39,1.06,4.9,0.0
20190105:1110,118335.0,272.72,17.9,1.08,4.41,0.0
20190105:1210,32450.0,88.63,16.95,1.11,4.21,0.0
20190105:1310,51685.0,130.57,13.65,1.32,3.93,0.0
20190105:1410,137565.0,318.08,8.31,1.89,3.79,0.0
20190105:1510,0.0,0.0,0.0,2.39,3.45,0.0
20190105:1610,0.0,0.0,0.0,2.8,3.17,0.0
20190105:1710,0.0,0.0,0.0,3.09,3.03,0.0
20190105:1810,0.0,0.0,0.0,3.24,2.97,0.0
20190105:1910,0.0,0.0,0.0,3.2,3.24,0.0
20190105:2010,0.0,0.0,0.0,3.17,3.31,0.0
20190105:2110,0.0,0.0,0.0,3.15,3.31,0.0
20190105:2210,0.0,0.0,0.0,3.1,3.31,0.0
20190105:2310,0.0,0.0,0.0,3.12,3.24,0.0
20190106:0010,0.0,0.0,0.0,3.17,3.1,0.0
20190106:0110,0.0,0.0,0.0,3.15,3.03,0.0
20190106:0210,0.0,0.0,0.0,3.19,2.83,0.0
20190106:0310,0.0,0.0,0.0,3.09,2.69,0.0
20190106:0410,0.0,0.0,0.0,3.06,2.48,0.0
20190106:0510,0.0,0.0,0.0,2.96,2.28,0.0
20190106:0610,0.0,0.0,0.0,2.72,2.14,0.0
20190106:0710,0.0,0.0,0.0,2.48,2.28,0.0
20190106:0810,49045.0,125.49,6.89,2.24,2.21,0.0
20190106:0910,169820.0,388.99,12.66,2.14,2.14,0.0
20190106:1010,57590.0,144.45,16.49,2.3,2.41,0.0
20190106:1110,66090.0,163.16,18.01,2.69,2.97,0.0
20190106:1210,92095.0,219.22,17.08,2.82,2.83,0.0
20190106:1310,40295.0,106.63,13.79,2.73,2.34,0.0
20190106:1410,16835.0,52.99,8.45,2.98,2.62,0.0
20190106:1510,0.0,0.0,0.0,2.64,2.0,0.0
20190106:1610,0.0,0.0,0.0,2.28,1.93,0.0
20190106:1710,0.0,0.0,0.0,2.06,1.86,0.0
20190106:1810,0.0,0.0,0.0,2.0,1.72,0.0
20190106:1910,0.0,0.0,0.0,2.47,2.07,0.0
20190106:2010,0.0,0.0,0.0,2.63,2.21,0.0
20190106:2110,0.0,0.0,0.0,2.65,2.28,0.0
20190106:2210,0.0,0.0,0.0,2.66,2.07,0.0
20190106:2310,0.0,0.0,0.0,2.72,2.14,0.0
20190107:0010,0.0,0.0,0.0,2.78,2.28,0.0
20190107:0110,0.0,0.0,0.0,2.81,2.34,0.0
20190107:0210,0.0,0.0,0.0,2.8,2.48,0.0
20190107:0310,0.0,0.0,0.0,2.78,2.69,0.0
20190107:0410,0.0,0.0,0.0,2.75,2.76,0.0
20190107:0510,0.0,0.0,0.0,2.71,2.76,0.0
20190107:0610,0.0,0.0,0.0,2.64,2.69,0.0
20190107:0710,0.0,0.0,0.0,2.38,2.9,0.0
20190107:0810,49215.0,125.82,6.95,2.41,2.97,0.0
20190107:0910,23255.0,68.09,12.75,2.61,3.17,0.0
20190107:1010,16940.0,53.31,16.59,3.0,3.93,0.0
20190107:1110,32305.0,89.16,18.13,3.13,3.52,0.0
20190107:1210,19590.0,59.74,17.22,3.39,3.59,0.0
20190107:1310,22330.0,66.18,13.94,3.15,2.9,0.0
20190107:1410,30580.0,84.81,8.61,2.76,2.69,0.0
20190107:1510,0.0,0.0,0.0,2.46,2.62,0.0
20190107:1610,0.0,0.0,0.0,2.1,2.62,0.0
20190107:1710,0.0,0.0,0.0,1.89,2.76,0.0
20190107:1810,0.0,0.0,0.0,1.58,2.9,0.0
20190107:1910,0.0,0.0,0.0,1.07,3.03,0.0
20190107:2010,0.0,0.0,0.0,0.98,3.1,0.0
20190107:2110,0.0,0.0,0.0,0.93,3.38,0.0
20190107:2210,0.0,0.0,0.0,0.78,3.59,0.0
20190107:2310,0.0,0.0,0.0,0.67,3.72,0.0
20190108:0010,0.0,0.0,0.0,0.7,3.93,0.0
20190108:0110,0.0,0.0,0.0,0.82,4.14,0.0
20190108:0210,0.0,0.0,0.0,0.93,4.41,0.0
20190108:0310,0.0,0.0,0.0,0.99,4.55,0.0
20190108:0410,0.0,0.0,0.0,1.13,4.83,0.0
20190108:0510,0.0,0.0,0.0,1.25,5.03,0.0
20190108:0610,0.0,0.0,0.0,1.42,5.1,0.0
20190108:0710,0.0,0.0,0.0,1.51,4.97,0.0
20190108:0810,141705.0,325.07,7.02,1.69,4.9,0.0
20190108:0910,77455.0,185.78,12.83,1.99,4.97,0.0
20190108:1010,16980.0,53.31,16.7,2.57,4.48,0.0
20190108:1110,24710.0,71.69,18.26,3.26,4.62,0.0
20190108:1210,27090.0,77.21,17.36,3.31,4.69,0.0
20190108:1310,9505.0,34.93,14.09,3.69,4.9,0.0
20190108:1410,20965.0,62.73,8.77,3.28,7.03,0.0
20190108:1510,0.0,0.0,0.0,2.65,6.21,0.0
20190108:1610,0.0,0.0,0.0,2.06,5.86,0.0
20190108:1710,0.0,0.0,0.0,2.01,5.86,0.0
20190108:1810,0.0,0.0,0.0,2.07,6.07,0.0
20190108:1910,0.0,0.0,0.0,1.89,6.55,0.0
20190108:2010,0.0,0.0,0.0,1.61,6.69,0.0
20190108:2110,0.0,0.0,0.0,1.24,6.69,0.0
20190108:2210,0.0,0.0,0.0,1.0,6.48,0.0
20190108:2310,0.0,0.0,0.0,0.78,6.28,0.0
20190109:0010,0.0,0.0,0.0,0.75,6.28,0.0
20190109:0110,0.0,0.0,0.0,0.92,6.76,0.0
20190109:0210,0.0,0.0,0.0,0.84,6.9,0.0
20190109:0310,0.0,0.0,0.0,0.45,6.76,0.0
20190109:0410,0.0,0.0,0.0,0.26,6.14,0.0
20190109:0510,0.0,0.0,0.0,-0.16,6.28,0.0
20190109:0610,0.0,0.0,0.0,-0.45,5.52,0.0
20190109:0710,0.0,0.0,0.0,-0.34,4.97,0.0
20190109:0810,33055.0,88.95,7.09,-0.38,4.62,0.0
20190109:0910,40630.0,105.81,12.93,-0.21,4.55,0.0
20190109:1010,35570.0,95.16,16.82,-0.05,4.62,0.0
20190109:1110,48225.0,122.81,18.4,0.09,5.1,0.0
20190109:1210,36710.0,97.77,17.51,0.28,5.38,0.0
20190109:1310,28640.0,79.65,14.25,0.11,5.31,0.0
20190109:1410,36800.0,97.54,8.93,0.0,4.83,0.0
20190109:1510,0.0,0.0,0.0,-0.25,4.41,0.0
20190109:1610,0.0,0.0,0.0,-0.62,4.28,0.0
20190109:1710,0.0,0.0,0.0,-0.7,4.0,0.0
20190109:1810,0.0,0.0,0.0,-0.71,4.28,0.0
20190109:1910,0.0,0.0,0.0,-0.84,3.45,0.0
20190109:2010,0.0,0.0,0.0,-0.93,3.31,0.0
20190109:2110,0.0,0.0,0.0,-0.96,3.38,0.0
20190109:2210,0.0,0.0,0.0,-1.04,3.59,0.0
20190109:2310,0.0,0.0,0.0,-1.03,3.24,0.0
20190110:0010,0.0,0.0,0.0,-1.05,3.45,0.0
20190110:0110,0.0,0.0,0.0,-0.86,3.38,0.0
20190110:0210,0.0,0.0,0.0,-0.69,3.31,0.0
20190110:0310,0.0,0.0,0.0,-0.49,3.52,0.0
20190110:0410,0.0,0.0,0.0,-0.4,3.45,0.0
20190110:0510,0.0,0.0,0.0,-0.42,3.38,0.0
20190110:0610,0.0,0.0,0.0,-0.38,3.38,0.0
20190110:0710,0.0,0.0,0.0,-0.31,3.38,0.0
20190110:0810,30710.0,83.87,7.18,-0.36,3.17,0.0
20190110:0910,115610.0,265.49,13.03,-0.03,4.0,0.0
20190110:1010,135120.0,307.51,16.94,0.32,4.41,0.0
20190110:1110,123415.0,283.25,18.54,0.55,4.21,0.0
20190110:1210,154275.0,349.37,17.67,0.41,4.0,0.0
20190110:1310,266655.0,598.65,14.42,0.23,4.07,0.0
20190110:1410,157270.0,358.05,9.1,-0.03,3.86,0.0
20190110:1510,0.0,0.0,0.0,-0.6,3.45,0.0
20190110:1610,0.0,0.0,0.0,-1.27,2.97,0.0
20190110:1710,0.0,0.0,0.0,-1.81,2.69,0.0
20190110:1810,0.0,0.0,0.0,-2.19,2.48,0.0
20190110:1910,0.0,0.0,0.0,-1.99,2.55,0.0
20190110:2010,0.0,0.0,0.0,-2.06,2.28,0.0
20190110:2110,0.0,0.0,0.0,-2.28,2.14,0.0
20190110:2210,0.0,0.0,0.0,-2.53,1.93,0.0
20190110:2310,0.0,0.0,0.0,-3.44,1.59,0.0
20190111:0010,0.0,0.0,0.0,-4.9,1.59,0.0
20190111:0110,0.0,0.0,0.0,-5.9,1.86,0.0
20190111:0210,0.0,0.0,0.0,-6.61,2.07,0.0
20190111:0310,0.0,0.0,0.0,-6.78,2.07,0.0
20190111:0410,0.0,0.0,0.0,-6.61,2.07,0.0
20190111:0510,0.0,0.0,0.0,-6.05,2.07,0.0
20190111:0610,0.0,0.0,0.0,-5.23,2.41,0.0
20190111:0710,0.0,0.0,0.0,-3.91,2.55,0.0
20190111:0810,6290.0,25.74,7.27,-3.12,3.1,0.0
20190111:0910,48465.0,121.66,13.14,-2.69,3.38,0.0
20190111:1010,10905.0,37.68,17.07,-2.34,3.59,0.0
20190111:1110,18935.0,56.99,18.69,-2.06,3.66,0.0
20190111:1210,24105.0,68.93,17.84,-1.91,3.52,0.0
20190111:1310,12735.0,42.28,14.59,-1.82,3.31,0.0
20190111:1410,11610.0,39.52,9.28,-1.7,3.52,0.0
20190111:1510,0.0,0.0,0.0,-1.68,4.14,0.0
20190111:1610,0.0,0.0,0.0,-1.71,3.86,0.0
20190111:1710,0.0,0.0,0.0,-1.74,3.31,0.0
20190111:1810,0.0,0.0,0.0,-1.61,3.38,0.0
20190111:1910,0.0,0.0,0.0,-1.62,3.86,0.0
20190111:2010,0.0,0.0,0.0,-1.35,3.72,0.0
20190111:2110,0.0,0.0,0.0,-1.01,3.86,0.0
20190111:2210,0.0,0.0,0.0,-0.67,3.79,0.0
20190111:2310,0.0,0.0,0.0,-0.38,3.86,0.0
20190112:0010,0.0,0.0,0.0,0.11,3.93,0.0
20190112:0110,0.0,0.0,0.0,0.48,3.93,0.0
20190112:0210,0.0,0.0,0.0,0.71,3.93,0.0
20190112:0310,0.0,0.0,0.0,0.89,3.93,0.0
20190112:0410,0.0,0.0,0.0,1.04,3.86,0.0
20190112:0510,0.0,0.0,0.0,1.05,3.79,0.0
20190112:0610,0.0,0.0,0.0,1.14,3.79,0.0
20190112:0710,0.0,0.0,0.0,0.94,3.86,0.0
20190112:0810,27150.0,76.28,7.36,1.06,3.86,0.0
20190112:0910,25770.0,73.5,13.26,1.22,3.72,0.0
20190112:1010,16300.0,51.47,17.21,1.41,3.52,0.0
20190112:1110,10685.0,37.68,18.85,1.67,3.86,0.0
20190112:1210,37200.0,99.55,18.01,1.76,4.14,0.0
20190112:1310,12875.0,43.2,14.77,1.96,4.62,0.0
20190112:1410,9600.0,34.93,9.46,1.71,4.48,0.0
20190112:1510,0.0,1.84,2.49,1.37,4.28,0.0
20190112:1610,0.0,0.0,0.0,1.17,4.34,0.0
20190112:1710,0.0,0.0,0.0,1.0,4.48,0.0
20190112:1810,0.0,0.0,0.0,0.98,4.69,0.0
20190112:1910,0.0,0.0,0.0,1.01,5.03,0.0
20190112:2010,0.0,0.0,0.0,1.02,5.1,0.0
20190112:2110,0.0,0.0,0.0,1.01,5.1,0.0
20190112:2210,0.0,0.0,0.0,1.01,4.97,0.0
20190112:2310,0.0,0.0,0.0,0.96,4.83,0.0
20190113:0010,0.0,0.0,0.0,0.85,4.48,0.0
20190113:0110,0.0,0.0,0.0,0.75,4.21,0.0
20190113:0210,0.0,0.0,0.0,0.62,4.07,0.0
20190113:0310,0.0,0.0,0.0,0.88,4.0,0.0
20190113:0410,0.0,0.0,0.0,1.54,4.14,0.0
20190113:0510,0.0,0.0,0.0,2.03,4.28,0.0
20190113:0610,0.0,0.0,0.0,2.2,4.28,0.0
20190113:0710,0.0,0.0,0.0,1.96,3.59,0.0
20190113:0810,6785.0,27.57,7.47,2.18,3.52,0.0
20190113:0910,9560.0,34.93,13.39,2.54,3.86,0.0
20190113:1010,21235.0,63.42,17.35,2.6,4.21,0.0
20190113:1110,32495.0,89.16,19.01,1.92,3.59,0.0
20190113:1210,27340.0,77.21,18.18,1.33,4.07,0.0
20190113:1310,27980.0,78.58,14.96,1.28,3.79,0.0
20190113:1410,34275.0,92.57,9.65,1.67,4.69,0.0
20190113:1510,0.0,2.76,2.68,2.59,5.66,0.0
20190113:1610,0.0,0.0,0.0,3.51,5.66,0.0
20190113:1710,0.0,0.0,0.0,4.16,6.0,0.0
20190113:1810,0.0,0.0,0.0,4.58,6.34,0.0
20190113:1910,0.0,0.0,0.0,5.36,6.14,0.0
20190113:2010,0.0,0.0,0.0,5.4,6.62,0.0
20190113:2110,0.0,0.0,0.0,5.35,6.62,0.0
20190113:2210,0.0,0.0,0.0,5.07,6.34,0.0
20190113:2310,0.0,0.0,0.0,4.54,6.41,0.0
20190114:0010,0.0,0.0,0.0,3.81,6.48,0.0
20190114:0110,0.0,0.0,0.0,3.18,5.86,0.0
20190114:0210,0.0,0.0,0.0,2.78,5.72,0.0
20190114:0310,0.0,0.0,0.0,2.59,5.52,0.0
20190114:0410,0.0,0.0,0.0,2.6,5.79,0.0
20190114:0510,0.0,0.0,0.0,2.36,5.79,0.0
20190114:0610,0.0,0.0,0.0,1.91,5.1,0.0
20190114:0710,0.0,0.0,0.0,1.98,4.69,0.0
20190114:0810,166560.0,380.26,7.58,1.67,4.34,0.0
20190114:0910,154595.0,351.89,13.52,1.86,4.07,0.0
20190114:1010,187315.0,423.22,17.51,2.12,4.69,0.0
20190114:1110,83755.0,200.37,19.18,2.22,4.62,0.0
20190114:1210,126170.0,290.92,18.37,2.04,4.34,0.0
20190114:1310,3865.0,19.3,15.15,1.95,4.76,0.0
20190114:1410,166485.0,379.68,9.84,1.83,4.97,0.0
20190114:1510,0.0,4.6,2.87,1.29,5.17,0.0
20190114:1610,0.0,0.0,0.0,0.55,4.69,0.0
20190114:1710,0.0,0.0,0.0,0.0,4.83,0.0
20190114:1810,0.0,0.0,0.0,-0.38,4.69,0.0
20190114:1910,0.0,0.0,0.0,-0.87,4.28,0.0
20190114:2010,0.0,0.0,0.0,-1.13,4.14,0.0
20190114:2110,0.0,0.0,0.0,-1.28,3.93,0.0
20190114:2210,0.0,0.0,0.0,-1.48,4.0,0.0
20190114:2310,0.0,0.0,0.0,-1.73,4.0,0.0
20190115:0010,0.0,0.0,0.0,-1.65,4.21,0.0
20190115:0110,0.0,0.0,0.0,-1.46,4.41,0.0
20190115:0210,0.0,0.0,0.0,-1.19,4.62,0.0
20190115:0310,0.0,0.0,0.0,-1.05,4.69,0.0
20190115:0410,0.0,0.0,0.0,-1.03,4.55,0.0
20190115:0510,0.0,0.0,0.0,-0.95,4.48,0.0
20190115:0610,0.0,0.0,0.0,-0.9,4.41,0.0
20190115:0710,0.0,0.0,0.0,-0.28,4.62,0.0
20190115:0810,68255.0,165.43,7.7,-0.2,3.72,0.0
20190115:0910,41280.0,107.37,13.65,0.03,4.55,0.0
20190115:1010,20665.0,61.58,17.67,0.65,5.59,0.0
20190115:1110,22210.0,65.26,19.36,1.0,5.59,0.0
20190115:1210,64185.0,157.91,18.56,1.7,5.52,0.0
20190115:1310,16260.0,51.47,15.35,2.11,5.24,0.0
20190115:1410,1820.0,12.87,10.04,2.14,3.86,0.0
20190115:1510,0.0,3.68,3.07,2.02,4.55,0.0
20190115:1610,0.0,0.0,0.0,1.79,4.41,0.0
20190115:1710,0.0,0.0,0.0,1.7,4.48,0.0
20190115:1810,0.0,0.0,0.0,1.78,4.62,0.0
20190115:1910,0.0,0.0,0.0,1.97,4.69,0.0
20190115:2010,0.0,0.0,0.0,2.09,4.76,0.0
20190115:2110,0.0,0.0,0.0,2.13,4.69,0.0
20190115:2210,0.0,0.0,0.0,2.15,4.41,0.0
20190115:2310,0.0,0.0,0.0,2.11,4.07,0.0
20190116:0010,0.0,0.0,0.0,2.07,3.86,0.0
20190116:0110,0.0,0.0,0.0,2.07,3.79,0.0
20190116:0210,0.0,0.0,0.0,1.96,3.66,0.0
20190116:0310,0.0,0.0,0.0,1.75,3.45,0.0
20190116:0410,0.0,0.0,0.0,1.44,3.31,0.0
20190116:0510,0.0,0.0,0.0,1.27,3.1,0.0
20190116:0610,0.0,0.0,0.0,1.0,2.76,0.0
20190116:0710,0.0,0.0,0.0,1.18,2.83,0.0
20190116:0810,13440.0,44.44,7.82,1.17,2.62,0.0
20190116:0910,56970.0,142.43,13.8,1.59,2.41,0.0
20190116:1010,30380.0,84.56,17.83,2.44,3.17,0.0
20190116:1110,128310.0,298.34,19.54,3.21,3.03,0.0
20190116:1210,177035.0,407.05,18.76,3.82,2.9,0.0
20190116:1310,249485.0,575.28,15.55,4.41,2.83,0.0
20190116:1410,199575.0,462.49,10.25,3.76,2.48,0.0
20190116:1510,370.0,7.35,3.27,3.27,2.14,0.0
20190116:1610,0.0,0.0,0.0,3.05,2.34,0.0
20190116:1710,0.0,0.0,0.0,1.97,2.48,0.0
20190116:1810,0.0,0.0,0.0,1.37,2.62,0.0
20190116:1910,0.0,0.0,0.0,0.87,2.41,0.0
20190116:2010,0.0,0.0,0.0,0.53,2.55,0.0
20190116:2110,0.0,0.0,0.0,0.51,2.55,0.0
20190116:2210,0.0,0.0,0.0,0.43,2.55,0.0
20190116:2310,0.0,0.0,0.0,0.4,2.55,0.0
20190117:0010,0.0,0.0,0.0,0.26,2.62,0.0
20190117:0110,0.0,0.0,0.0,0.29,2.83,0.0
20190117:0210,0.0,0.0,0.0,0.6,3.03,0.0
20190117:0310,0.0,0.0,0.0,1.21,3.45,0.0
20190117:0410,0.0,0.0,0.0,1.97,4.07,0.0
20190117:0510,0.0,0.0,0.0,2.55,4.34,0.0
20190117:0610,0.0,0.0,0.0,2.65,4.21,0.0
20190117:0710,0.0,0.0,0.0,2.94,3.59,0.0
20190117:0810,8115.0,31.25,7.95,3.24,3.52,0.0
20190117:0910,21030.0,63.42,13.95,4.42,3.17,0.0
20190117:1010,18655.0,57.91,18.01,5.08,3.24,0.0
20190117:1110,12305.0,42.28,19.74,5.05,4.14,0.0
20190117:1210,26025.0,75.37,18.96,5.35,4.34,0.0
20190117:1310,18645.0,57.91,15.76,5.36,4.41,0.0
20190117:1410,11220.0,39.52,10.45,5.05,4.34,0.0
20190117:1510,795.0,9.19,3.47,4.54,4.55,0.0
20190117:1610,0.0,0.0,0.0,3.88,4.28,0.0
20190117:1710,0.0,0.0,0.0,3.41,4.69,0.0
20190117:1810,0.0,0.0,0.0,2.79,5.03,0.0
20190117:1910,0.0,0.0,0.0,2.2,4.9,0.0
20190117:2010,0.0,0.0,0.0,1.69,4.69,0.0
20190117:2110,0.0,0.0,0.0,0.93,4.07,0.0
20190117:2210,0.0,0.0,0.0,0.38,3.86,0.0
20190117:2310,0.0,0.0,0.0,0.16,4.0,0.0
20190118:0010,0.0,0.0,0.0,-0.39,3.93,0.0
20190118:0110,0.0,0.0,0.0,-0.79,4.07,0.0
20190118:0210,0.0,0.0,0.0,-1.05,4.07,0.0
20190118:0310,0.0,0.0,0.0,-1.15,4.0,0.0
20190118:0410,0.0,0.0,0.0,-1.32,4.14,0.0
20190118:0510,0.0,0.0,0.0,-1.52,4.07,0.0
20190118:0610,0.0,0.0,0.0,-1.59,3.79,0.0
20190118:0710,0.0,0.0,0.0,-1.69,3.31,0.0
20190118:0810,63865.0,155.39,8.09,-1.6,2.76,0.0
20190118:0910,97505.0,226.56,14.11,-0.98,3.66,0.0
20190118:1010,333330.0,758.58,18.18,-0.44,3.03,0.0
20190118:1110,272225.0,616.95,19.93,0.08,2.76,0.0
20190118:1210,85185.0,202.66,19.17,0.08,2.41,0.0
20190118:1310,243600.0,554.34,15.97,0.06,1.93,0.0
20190118:1410,187505.0,429.13,10.67,-0.17,1.66,0.0
20190118:1510,7520.0,29.71,3.68,-1.23,1.38,0.0
20190118:1610,0.0,0.0,0.0,-2.9,1.24,0.0
20190118:1710,0.0,0.0,0.0,-1.65,1.17,0.0
20190118:1810,0.0,0.0,0.0,-1.52,1.24,0.0
20190118:1910,0.0,0.0,0.0,-1.91,1.31,0.0
20190118:2010,0.0,0.0,0.0,-3.15,1.38,0.0
20190118:2110,0.0,0.0,0.0,-4.6,1.59,0.0
20190118:2210,0.0,0.0,0.0,-4.59,1.52,0.0
20190118:2310,0.0,0.0,0.0,-4.55,1.52,0.0
20190119:0010,0.0,0.0,0.0,-4.54,1.52,0.0
20190119:0110,0.0,0.0,0.0,-5.28,1.52,0.0
20190119:0210,0.0,0.0,0.0,-5.65,1.66,0.0
20190119:0310,0.0,0.0,0.0,-5.88,1.79,0.0
20190119:0410,0.0,0.0,0.0,-5.78,1.79,0.0
20190119:0510,0.0,0.0,0.0,-5.46,1.86,0.0
20190119:0610,0.0,0.0,0.0,-5.07,2.0,0.0
20190119:0710,0.0,0.0,0.0,-4.99,1.93,0.0
20190119:0810,182515.0,408.63,8.23,-4.88,1.86,0.0
20190119:0910,282715.0,635.58,14.28,-3.38,2.0,0.0
20190119:1010,358505.0,820.52,18.37,-2.13,2.28,0.0
20190119:1110,366090.0,842.67,20.14,-1.32,2.34,0.0
20190119:1210,344270.0,791.1,19.38,-0.43,2.41,0.0
20190119:1310,318335.0,727.23,16.19,-0.13,2.55,0.0
20190119:1410,209720.0,476.38,10.89,-0.4,2.55,0.0
20190119:1510,78110.0,194.58,3.9,-1.47,2.34,0.0
20190119:1610,0.0,0.0,0.0,-2.8,2.41,0.0
20190119:1710,0.0,0.0,0.0,-3.63,2.48,0.0
20190119:1810,0.0,0.0,0.0,-4.31,2.34,0.0
20190119:1910,0.0,0.0,0.0,-5.19,2.21,0.0
20190119:2010,0.0,0.0,0.0,-6.25,2.14,0.0
20190119:2110,0.0,0.0,0.0,-7.61,2.0,0.0
20190119:2210,0.0,0.0,0.0,-8.49,1.93,0.0
20190119:2310,0.0,0.0,0.0,-8.37,1.86,0.0
20190120:0010,0.0,0.0,0.0,-7.88,1.79,0.0
20190120:0110,0.0,0.0,0.0,-7.48,1.72,0.0
20190120:0210,0.0,0.0,0.0,-7.62,1.72,0.0
20190120:0310,0.0,0.0,0.0,-7.93,1.66,0.0
20190120:0410,0.0,0.0,0.0,-6.51,1.66,0.0
20190120:0510,0.0,0.0,0.0,-6.86,1.66,0.0
20190120:0610,0.0,0.0,0.0,-7.16,1.66,0.0
20190120:0710,0.0,0.0,0.0,-7.52,1.59,0.0
20190120:0810,182435.0,405.9,8.38,-6.86,1.45,0.0
20190120:0910,274895.0,613.65,14.45,-5.36,1.66,0.0
20190120:1010,259690.0,583.11,18.56,-3.35,1.79,0.0
20190120:1110,81700.0,193.91,20.35,-2.38,1.45,0.0
20190120:1210,30095.0,82.72,19.6,-1.7,1.24,0.0
20190120:1310,26805.0,75.37,16.42,-1.37,1.31,0.0
20190120:1410,24805.0,70.65,11.11,-1.51,1.52,0.0
20190120:1510,21685.0,64.9,4.12,-2.19,1.52,0.0
20190120:1610,0.0,0.0,0.0,-3.63,1.79,0.0
20190120:1710,0.0,0.0,0.0,-4.95,1.93,0.0
20190120:1810,0.0,0.0,0.0,-5.72,2.07,0.0
20190120:1910,0.0,0.0,0.0,-6.04,1.86,0.0
20190120:2010,0.0,0.0,0.0,-6.48,1.86,0.0
20190120:2110,0.0,0.0,0.0,-6.58,1.86,0.0
20190120:2210,0.0,0.0,0.0,-6.89,1.93,0.0
20190120:2310,0.0,0.0,0.0,-7.61,1.86,0.0
20190121:0010,0.0,0.0,0.0,-8.12,1.79,0.0
20190121:0110,0.0,0.0,0.0,-8.28,1.79,0.0
20190121:0210,0.0,0.0,0.0,-5.34,1.72,0.0
20190121:0310,0.0,0.0,0.0,-5.7,1.72,0.0
20190121:0410,0.0,0.0,0.0,-5.37,1.59,0.0
20190121:0510,0.0,0.0,0.0,-5.67,1.59,0.0
20190121:0610,0.0,0.0,0.0,-5.87,1.59,0.0
20190121:0710,0.0,0.0,0.0,-6.48,1.66,0.0
20190121:0810,187930.0,420.45,8.54,-5.68,1.38,0.0
20190121:0910,274610.0,617.94,14.63,-4.33,1.38,0.0
20190121:1010,339715.0,779.98,18.76,-2.74,1.52,0.0
20190121:1110,350835.0,816.74,20.56,-1.21,1.38,0.0
20190121:1210,260840.0,597.34,19.83,-1.34,0.97,0.0
20190121:1310,273365.0,631.1,16.65,-1.04,0.69,0.0
20190121:1410,191435.0,440.92,11.34,-0.9,0.48,0.0
20190121:1510,70985.0,179.09,4.34,-1.11,0.48,0.0
20190121:1610,0.0,0.0,0.0,-1.43,0.55,0.0
20190121:1710,0.0,0.0,0.0,-1.88,0.48,0.0
20190121:1810,0.0,0.0,0.0,-2.26,0.21,0.0
20190121:1910,0.0,0.0,0.0,-4.32,1.03,0.0
20190121:2010,0.0,0.0,0.0,-3.76,0.76,0.0
20190121:2110,0.0,0.0,0.0,-4.14,0.76,0.0
20190121:2210,0.0,0.0,0.0,-4.66,1.17,0.0
20190121:2310,0.0,0.0,0.0,-5.17,0.97,0.0
20190122:0010,0.0,0.0,0.0,-5.43,0.41,0.0
20190122:0110,0.0,0.0,0.0,-5.76,0.62,0.0
20190122:0210,0.0,0.0,0.0,-6.09,0.62,0.0
20190122:0310,0.0,0.0,0.0,-6.36,0.41,0.0
20190122:0410,0.0,0.0,0.0,-6.51,0.41,0.0
20190122:0510,0.0,0.0,0.0,-6.55,0.62,0.0
20190122:0610,0.0,0.0,0.0,-6.49,0.76,0.0
20190122:0710,0.0,0.0,0.0,-7.41,0.69,0.0
20190122:0810,54650.0,133.48,8.71,-6.67,0.62,0.0
20190122:0910,51000.0,126.76,14.81,-4.84,0.9,0.0
20190122:1010,26800.0,74.45,18.97,-4.37,1.79,0.0
20190122:1110,20980.0,61.58,20.79,-3.02,1.72,0.0
20190122:1210,16195.0,50.55,20.07,-2.34,1.66,0.0
20190122:1310,14980.0,47.79,16.88,-1.53,1.66,0.0
20190122:1410,7610.0,29.41,11.57,-1.52,1.79,0.0
20190122:1510,1335.0,11.03,4.56,-2.03,1.52,0.0
20190122:1610,0.0,0.0,0.0,-3.08,1.59,0.0
20190122:1710,0.0,0.0,0.0,-3.82,1.59,0.0
20190122:1810,0.0,0.0,0.0,-3.99,1.59,0.0
20190122:1910,0.0,0.0,0.0,-4.72,1.38,0.0
20190122:2010,0.0,0.0,0.0,-7.38,1.45,0.0
20190122:2110,0.0,0.0,0.0,-7.36,1.45,0.0
20190122:2210,0.0,0.0,0.0,-7.09,1.31,0.0
20190122:2310,0.0,0.0,0.0,-5.06,1.03,0.0
20190123:0010,0.0,0.0,0.0,-6.59,1.17,0.0
20190123:0110,0.0,0.0,0.0,-7.83,1.31,0.0
20190123:0210,0.0,0.0,0.0,-8.85,1.52,0.0
20190123:0310,0.0,0.0,0.0,-10.4,1.66,0.0
20190123:0410,0.0,0.0,0.0,-10.73,1.72,0.0
20190123:0510,0.0,0.0,0.0,-10.49,1.72,0.0
20190123:0610,0.0,0.0,0.0,-10.41,1.72,0.0
20190123:0710,0.0,0.0,0.0,-9.83,1.66,0.0
20190123:0810,21820.0,61.96,8.88,-8.7,1.86,0.0
20190123:0910,42980.0,108.65,15.0,-6.55,2.21,0.0
20190123:1010,36070.0,94.67,19.18,-5.06,2.55,0.0
20190123:1110,39240.0,102.02,21.02,-3.9,2.76,0.0
20190123:1210,23365.0,67.1,20.3,-2.63,2.83,0.0
20190123:1310,35720.0,94.84,17.13,-2.31,2.48,0.0
20190123:1410,25560.0,72.1,11.81,-2.19,2.48,0.0
20190123:1510,0.0,4.6,4.79,-2.81,2.69,0.0
20190123:1610,0.0,0.0,0.0,-3.13,2.34,0.0
20190123:1710,0.0,0.0,0.0,-3.42,2.28,0.0
20190123:1810,0.0,0.0,0.0,-3.57,2.07,0.0
20190123:1910,0.0,0.0,0.0,-4.36,2.34,0.0
20190123:2010,0.0,0.0,0.0,-4.57,2.21,0.0
20190123:2110,0.0,0.0,0.0,-4.65,2.14,0.0
20190123:2210,0.0,0.0,0.0,-4.63,1.86,0.0
20190123:2310,0.0,0.0,0.0,-4.75,1.86,0.0
20190124:0010,0.0,0.0,0.0,-4.81,1.93,0.0
20190124:0110,0.0,0.0,0.0,-4.99,1.86,0.0
20190124:0210,0.0,0.0,0.0,-5.21,1.79,0.0
20190124:0310,0.0,0.0,0.0,-5.2,1.52,0.0
20190124:0410,0.0,0.0,0.0,-5.5,1.38,0.0
20190124:0510,0.0,0.0,0.0,-5.93,1.38,0.0
20190124:0610,0.0,0.0,0.0,-6.27,1.45,0.0
20190124:0710,0.0,0.0,0.0,-6.75,1.24,0.0
20190124:0810,74095.0,174.16,9.05,-6.82,1.24,0.0
20190124:0910,80570.0,188.72,15.2,-5.17,1.24,0.0
20190124:1010,32380.0,87.32,19.4,-3.35,0.97,0.0
20190124:1110,23285.0,67.1,21.25,-2.44,0.62,0.0
20190124:1210,18465.0,56.07,20.55,-1.91,0.14,0.0
20190124:1310,22790.0,66.18,17.37,-1.77,0.14,0.0
20190124:1410,11950.0,40.44,12.05,-1.71,0.21,0.0
20190124:1510,3330.0,17.46,5.03,-2.21,0.41,0.0
20190124:1610,0.0,0.0,0.0,-3.03,0.55,0.0
20190124:1710,0.0,0.0,0.0,-2.72,0.62,0.0
20190124:1810,0.0,0.0,0.0,-2.65,0.55,0.0
20190124:1910,0.0,0.0,0.0,-3.64,0.48,0.0
20190124:2010,0.0,0.0,0.0,-3.95,0.76,0.0
20190124:2110,0.0,0.0,0.0,-3.96,0.62,0.0
20190124:2210,0.0,0.0,0.0,-4.36,0.9,0.0
20190124:2310,0.0,0.0,0.0,-7.24,1.45,0.0
20190125:0010,0.0,0.0,0.0,-8.3,1.66,0.0
20190125:0110,0.0,0.0,0.0,-8.62,1.72,0.0
20190125:0210,0.0,0.0,0.0,-8.75,1.66,0.0
20190125:0310,0.0,0.0,0.0,-9.38,1.72,0.0
20190125:0410,0.0,0.0,0.0,-8.65,1.79,0.0
20190125:0510,0.0,0.0,0.0,-7.94,1.86,0.0
20190125:0610,0.0,0.0,0.0,-7.91,1.93,0.0
20190125:0710,0.0,0.0,0.0,-7.01,1.86,0.0
20190125:0810,50345.0,124.32,9.24,-5.82,2.62,0.0
20190125:0910,54535.0,133.79,15.41,-5.0,2.62,0.0
20190125:1010,37205.0,97.43,19.63,-4.39,2.28,0.0
20190125:1110,36725.0,96.51,21.49,-4.06,2.28,0.0
20190125:1210,17110.0,52.39,20.8,-3.81,2.62,0.0
20190125:1310,15155.0,47.79,17.62,-3.71,2.97,0.0
20190125:1410,19075.0,56.99,12.29,-3.64,3.17,0.0
20190125:1510,13260.0,43.69,5.26,-3.76,2.9,0.0
20190125:1610,0.0,0.0,0.0,-3.8,2.69,0.0
20190125:1710,0.0,0.0,0.0,-3.99,2.21,0.0
20190125:1810,0.0,0.0,0.0,-4.38,2.14,0.0
20190125:1910,0.0,0.0,0.0,-4.4,2.21,0.0
20190125:2010,0.0,0.0,0.0,-4.64,2.34,0.0
20190125:2110,0.0,0.0,0.0,-4.19,2.69,0.0
20190125:2210,0.0,0.0,0.0,-3.66,2.97,0.0
20190125:2310,0.0,0.0,0.0,-3.29,3.24,0.0
20190126:0010,0.0,0.0,0.0,-3.07,3.45,0.0
20190126:0110,0.0,0.0,0.0,-2.93,3.59,0.0
20190126:0210,0.0,0.0,0.0,-2.69,3.66,0.0
20190126:0310,0.0,0.0,0.0,-2.48,3.72,0.0
20190126:0410,0.0,0.0,0.0,-2.18,3.66,0.0
20190126:0510,0.0,0.0,0.0,-1.74,3.72,0.0
20190126:0610,0.0,0.0,0.0,-1.17,3.86,0.0
20190126:0710,0.0,0.0,0.0,-1.05,3.93,0.0
20190126:0810,15115.0,48.2,9.43,-0.46,4.07,0.0
20190126:0910,20295.0,60.66,15.62,0.28,4.34,0.0
20190126:1010,38875.0,102.99,19.86,0.94,3.72,0.0
20190126:1110,22535.0,66.18,21.74,1.42,4.0,0.0
20190126:1210,24080.0,69.85,21.05,1.98,5.38,0.0
20190126:1310,23250.0,68.02,17.88,2.22,4.76,0.0
20190126:1410,14710.0,47.79,12.54,2.47,4.83,0.0
20190126:1510,1050.0,10.11,5.5,2.35,4.48,0.0
20190126:1610,0.0,0.0,0.0,2.24,4.28,0.0
20190126:1710,0.0,0.0,0.0,2.17,4.07,0.0
20190126:1810,0.0,0.0,0.0,2.05,3.59,0.0
20190126:1910,0.0,0.0,0.0,1.75,3.17,0.0
20190126:2010,0.0,0.0,0.0,1.68,3.1,0.0
20190126:2110,0.0,0.0,0.0,1.62,3.1,0.0
20190126:2210,0.0,0.0,0.0,1.53,3.03,0.0
20190126:2310,0.0,0.0,0.0,1.45,3.1,0.0
20190127:0010,0.0,0.0,0.0,1.34,3.03,0.0
20190127:0110,0.0,0.0,0.0,1.1,2.9,0.0
20190127:0210,0.0,0.0,0.0,0.91,2.83,0.0
20190127:0310,0.0,0.0,0.0,0.66,2.83,0.0
20190127:0410,0.0,0.0,0.0,0.5,2.97,0.0
20190127:0510,0.0,0.0,0.0,0.35,3.03,0.0
20190127:0610,0.0,0.0,0.0,0.32,3.1,0.0
20190127:0710,0.0,0.0,0.0,0.77,3.38,0.0
20190127:0810,8560.0,32.17,9.62,1.1,3.24,0.0
20190127:0910,20125.0,60.66,15.83,1.79,3.03,0.0
20190127:1010,56315.0,142.23,20.1,2.61,2.69,0.0
20190127:1110,72330.0,177.61,21.99,3.26,2.9,0.0
20190127:1210,100370.0,238.94,21.31,4.02,2.97,0.0
20190127:1310,235630.0,543.53,18.14,4.22,2.55,0.0
20190127:1410,217330.0,503.56,12.79,4.86,2.97,0.0
20190127:1510,92435.0,230.06,5.75,4.73,2.83,0.0
20190127:1610,0.0,0.0,0.0,3.16,2.76,0.0
20190127:1710,0.0,0.0,0.0,2.1,2.83,0.0
20190127:1810,0.0,0.0,0.0,1.72,2.97,0.0
20190127:1910,0.0,0.0,0.0,1.57,3.17,0.0
20190127:2010,0.0,0.0,0.0,1.42,3.17,0.0
20190127:2110,0.0,0.0,0.0,1.38,3.24,0.0
20190127:2210,0.0,0.0,0.0,1.11,3.38,0.0
20190127:2310,0.0,0.0,0.0,1.05,3.45,0.0
20190128:0010,0.0,0.0,0.0,0.95,3.66,0.0
20190128:0110,0.0,0.0,0.0,0.67,4.48,0.0
20190128:0210,0.0,0.0,0.0,0.25,4.62,0.0
20190128:0310,0.0,0.0,0.0,-0.02,4.0,0.0
20190128:0410,0.0,0.0,0.0,-0.22,3.59,0.0
20190128:0510,0.0,0.0,0.0,-0.53,3.38,0.0
20190128:0610,0.0,0.0,0.0,-0.32,3.31,0.0
20190128:0710,0.0,0.0,0.0,0.1,3.31,0.0
20190128:0810,65020.0,159.03,9.82,0.34,3.24,0.0
20190128:0910,26210.0,74.45,16.06,0.64,3.66,0.0
20190128:1010,13665.0,45.04,20.34,1.28,4.41,0.0
20190128:1110,15895.0,50.55,22.25,1.94,5.93,0.0
20190128:1210,10655.0,37.68,21.58,2.3,5.66,0.0
20190128:1310,20885.0,62.5,18.4,2.38,6.21,0.0
20190128:1410,7485.0,29.41,13.05,1.85,4.07,0.0
20190128:1510,16810.0,53.12,5.99,1.41,4.76,0.0
20190128:1610,0.0,0.0,0.0,0.84,4.55,0.0
20190128:1710,0.0,0.0,0.0,0.57,4.41,0.0
20190128:1810,0.0,0.0,0.0,0.32,4.34,0.0
20190128:1910,0.0,0.0,0.0,0.15,4.21,0.0
20190128:2010,0.0,0.0,0.0,0.28,4.41,0.0
20190128:2110,0.0,0.0,0.0,0.3,4.62,0.0
20190128:2210,0.0,0.0,0.0,0.19,4.69,0.0
20190128:2310,0.0,0.0,0.0,0.01,4.69,0.0
20190129:0010,0.0,0.0,0.0,-0.26,4.55,0.0
20190129:0110,0.0,0.0,0.0,-0.69,4.21,0.0
20190129:0210,0.0,0.0,0.0,-0.87,4.14,0.0
20190129:0310,0.0,0.0,0.0,-1.11,4.14,0.0
20190129:0410,0.0,0.0,0.0,-1.44,4.0,0.0
20190129:0510,0.0,0.0,0.0,-1.55,3.52,0.0
20190129:0610,0.0,0.0,0.0,-1.57,3.17,0.0
20190129:0710,0.0,0.0,0.0,-1.8,3.03,0.0
20190129:0810,21540.0,63.04,10.03,-1.49,3.52,0.0
20190129:0910,33120.0,89.45,16.29,-0.98,3.59,0.0
20190129:1010,64835.0,158.79,20.59,-0.41,3.1,0.0
20190129:1110,62795.0,155.05,22.52,0.21,2.97,0.0
20190129:1210,12955.0,43.2,21.85,0.54,2.76,0.0
20190129:1310,39235.0,103.85,18.67,0.65,2.34,0.0
20190129:1410,29355.0,81.61,13.31,0.59,1.86,0.0
20190129:1510,1070.0,10.11,6.24,-0.26,1.1,0.0
20190129:1610,0.0,0.0,0.0,-1.06,0.97,0.0
20190129:1710,0.0,0.0,0.0,-1.58,1.17,0.0
20190129:1810,0.0,0.0,0.0,-2.66,1.52,0.0
20190129:1910,0.0,0.0,0.0,-5.09,1.86,0.0
20190129:2010,0.0,0.0,0.0,-6.35,2.07,0.0
20190129:2110,0.0,0.0,0.0,-7.32,2.28,0.0
20190129:2210,0.0,0.0,0.0,-8.09,2.41,0.0
20190129:2310,0.0,0.0,0.0,-8.51,2.48,0.0
20190130:0010,0.0,0.0,0.0,-8.37,2.48,0.0
20190130:0110,0.0,0.0,0.0,-8.8,2.55,0.0
20190130:0210,0.0,0.0,0.0,-9.19,2.62,0.0
20190130:0310,0.0,0.0,0.0,-9.44,2.69,0.0
20190130:0410,0.0,0.0,0.0,-9.47,2.69,0.0
20190130:0510,0.0,0.0,0.0,-9.21,2.48,0.0
20190130:0610,0.0,0.0,0.0,-9.01,2.34,0.0
20190130:0710,0.0,3.45,2.49,-9.17,2.34,0.0
20190130:0810,40075.0,102.0,10.24,-7.34,2.0,0.0
20190130:0910,47305.0,118.4,16.52,-5.71,2.0,0.0
20190130:1010,68575.0,166.05,20.84,-1.9,2.14,0.0
20190130:1110,101385.0,236.98,22.78,-0.76,2.41,0.0
20190130:1210,133690.0,307.08,22.12,0.3,2.76,0.0
20190130:1310,225610.0,511.65,18.94,1.14,2.9,0.0
20190130:1410,94690.0,224.08,13.57,1.47,2.83,0.0
20190130:1510,25830.0,74.49,6.5,0.89,2.69,0.0
20190130:1610,0.0,0.0,0.0,-0.23,2.62,0.0
20190130:1710,0.0,0.0,0.0,-0.51,2.55,0.0
20190130:1810,0.0,0.0,0.0,-0.62,2.55,0.0
20190130:1910,0.0,0.0,0.0,-0.64,2.83,0.0
20190130:2010,0.0,0.0,0.0,-0.4,2.83,0.0
20190130:2110,0.0,0.0,0.0,-0.43,2.9,0.0
20190130:2210,0.0,0.0,0.0,-0.65,2.76,0.0
20190130:2310,0.0,0.0,0.0,-0.96,2.48,0.0
20190131:0010,0.0,0.0,0.0,-1.61,2.0,0.0
20190131:0110,0.0,0.0,0.0,-2.34,1.79,0.0
20190131:0210,0.0,0.0,0.0,-3.87,1.59,0.0
20190131:0310,0.0,0.0,0.0,-5.04,1.52,0.0
20190131:0410,0.0,0.0,0.0,-5.42,1.52,0.0
20190131:0510,0.0,0.0,0.0,-4.78,1.45,0.0
20190131:0610,0.0,0.0,0.0,-3.71,1.38,0.0
20190131:0710,945.0,9.48,2.69,-5.73,1.66,0.0
20190131:0810,127940.0,291.65,10.46,-3.68,1.45,0.0
20190131:0910,114130.0,259.65,16.76,-4.73,1.72,0.0
20190131:1010,226710.0,509.8,21.1,-2.06,2.07,0.0
20190131:1110,183580.0,417.86,23.06,0.59,2.34,0.0
20190131:1210,185110.0,422.58,22.4,1.41,2.41,0.0
20190131:1310,203055.0,463.72,19.22,1.77,2.34,0.0
20190131:1410,105450.0,248.19,13.84,1.74,2.21,0.0
20190131:1510,1570.0,11.95,6.75,0.78,1.72,0.0
20190131:1610,0.0,0.0,0.0,-0.68,2.0,0.0
20190131:1710,0.0,0.0,0.0,-1.76,2.07,0.0
20190131:1810,0.0,0.0,0.0,-2.51,2.14,0.0
20190131:1910,0.0,0.0,0.0,-4.3,2.0,0.0
20190131:2010,0.0,0.0,0.0,-5.07,1.86,0.0
20190131:2110,0.0,0.0,0.0,-6.05,2.0,0.0
20190131:2210,0.0,0.0,0.0,-6.63,2.14,0.0
20190131:2310,0.0,0.0,0.0,-6.99,2.28,0.0
20190201:0010,0.0,0.0,0.0,-6.89,2.41,0.0
20190201:0110,0.0,0.0,0.0,-5.18,2.41,0.0
20190201:0210,0.0,0.0,0.0,-3.3,2.48,0.0
20190201:0310,0.0,0.0,0.0,-1.92,2.48,0.0
20190201:0410,0.0,0.0,0.0,-1.36,2.55,0.0
20190201:0510,0.0,0.0,0.0,-1.14,2.69,0.0
20190201:0610,0.0,0.0,0.0,-1.05,2.62,0.0
20190201:0710,0.0,3.45,2.9,-1.1,2.34,0.0
20190201:0810,6895.0,27.57,10.69,-0.88,1.86,0.0
20190201:0910,42830.0,111.21,17.01,-0.5,1.52,0.0
20190201:1010,69985.0,171.0,21.37,0.66,1.79,0.0
20190201:1110,73185.0,179.03,23.34,1.9,1.86,0.0
20190201:1210,7805.0,30.33,22.69,2.3,1.86,0.0
20190201:1310,51230.0,131.14,19.5,2.32,1.79,0.0
20190201:1410,31485.0,87.02,14.11,2.52,2.0,0.0
20190201:1510,15140.0,49.1,7.01,2.14,2.21,0.0
20190201:1610,0.0,0.0,0.0,1.22,2.55,0.0
20190201:1710,0.0,0.0,0.0,0.7,2.62,0.0
20190201:1810,0.0,0.0,0.0,0.47,2.62,0.0
20190201:1910,0.0,0.0,0.0,0.11,3.03,0.0
20190201:2010,0.0,0.0,0.0,0.03,2.62,0.0
20190201:2110,0.0,0.0,0.0,0.03,2.21,0.0
20190201:2210,0.0,0.0,0.0,-0.01,1.72,0.0
20190201:2310,0.0,0.0,0.0,-0.28,1.38,0.0
20190202:0010,0.0,0.0,0.0,-0.82,1.17,0.0
20190202:0110,0.0,0.0,0.0,-1.43,0.83,0.0
20190202:0210,0.0,0.0,0.0,-2.42,1.1,0.0
20190202:0310,0.0,0.0,0.0,-3.08,1.45,0.0
20190202:0410,0.0,0.0,0.0,-3.46,1.45,0.0
20190202:0510,0.0,0.0,0.0,-2.96,1.45,0.0
20190202:0610,0.0,0.0,0.0,-2.34,1.45,0.0
20190202:0710,0.0,5.17,3.11,-2.29,1.24,0.0
20190202:0810,17630.0,54.12,10.92,-1.22,1.31,0.0
20190202:0910,7205.0,28.49,17.26,-0.05,1.31,0.0
20190202:1010,24890.0,71.69,21.64,1.31,2.0,0.0
20190202:1110,49915.0,128.46,23.62,2.3,2.0,0.0
20190202:1210,37535.0,101.1,22.98,3.04,2.21,0.0
20190202:1310,56655.0,143.81,19.78,3.74,2.07,0.0
20190202:1410,37845.0,102.13,14.39,4.4,1.86,0.0
20190202:1510,2910.0,16.54,7.27,4.38,1.24,0.0
20190202:1610,0.0,0.0,0.0,3.62,1.24,0.0
20190202:1710,0.0,0.0,0.0,2.17,0.9,0.0
20190202:1810,0.0,0.0,0.0,2.66,0.07,0.0
20190202:1910,0.0,0.0,0.0,2.37,0.41,0.0
20190202:2010,0.0,0.0,0.0,2.23,0.34,0.0
20190202:2110,0.0,0.0,0.0,1.98,0.41,0.0
20190202:2210,0.0,0.0,0.0,1.33,0.76,0.0
20190202:2310,0.0,0.0,0.0,0.54,1.52,0.0
20190203:0010,0.0,0.0,0.0,1.29,1.79,0.0
20190203:0110,0.0,0.0,0.0,1.15,2.07,0.0
20190203:0210,0.0,0.0,0.0,1.15,2.55,0.0
20190203:0310,0.0,0.0,0.0,0.76,3.1,0.0
20190203:0410,0.0,0.0,0.0,0.53,3.66,0.0
20190203:0510,0.0,0.0,0.0,0.19,3.45,0.0
20190203:0610,0.0,0.0,0.0,-0.07,3.52,0.0
20190203:0710,0.0,4.31,3.33,-0.25,4.07,0.0
20190203:0810,14540.0,46.88,11.16,-0.46,4.0,0.0
20190203:0910,18785.0,56.99,17.52,-0.36,4.07,0.0
20190203:1010,28380.0,79.05,21.92,-0.45,3.93,0.0
20190203:1110,35750.0,95.59,23.91,-0.44,3.72,0.0
20190203:1210,47335.0,121.06,23.27,-0.53,3.52,0.0
20190203:1310,41120.0,107.36,20.07,-0.6,3.45,0.0
20190203:1410,26435.0,74.52,14.66,-0.66,3.79,0.0
20190203:1510,3920.0,19.3,7.53,-0.72,2.9,0.0
20190203:1610,0.0,0.0,0.0,-0.84,3.45,0.0
20190203:1710,0.0,0.0,0.0,-0.9,3.52,0.0
20190203:1810,0.0,0.0,0.0,-0.98,3.52,0.0
20190203:1910,0.0,0.0,0.0,-1.07,3.38,0.0
20190203:2010,0.0,0.0,0.0,-1.23,3.1,0.0
20190203:2110,0.0,0.0,0.0,-1.35,2.83,0.0
20190203:2210,0.0,0.0,0.0,-1.52,2.76,0.0
20190203:2310,0.0,0.0,0.0,-1.66,2.69,0.0
20190204:0010,0.0,0.0,0.0,-1.78,2.62,0.0
20190204:0110,0.0,0.0,0.0,-1.95,2.55,0.0
20190204:0210,0.0,0.0,0.0,-1.89,2.34,0.0
20190204:0310,0.0,0.0,0.0,-2.2,2.07,0.0
20190204:0410,0.0,0.0,0.0,-2.94,1.93,0.0
20190204:0510,0.0,0.0,0.0,-3.82,1.93,0.0
20190204:0610,0.0,0.0,0.0,-4.48,1.72,0.0
20190204:0710,1175.0,10.34,3.55,-5.46,1.45,0.0
20190204:0810,54775.0,133.99,11.4,-6.25,1.03,0.0
20190204:0910,75910.0,181.42,17.78,-2.96,0.55,0.0
20190204:1010,75410.0,181.32,22.2,-2.22,0.76,0.0
20190204:1110,78250.0,188.54,24.21,-0.77,1.1,0.0
20190204:1210,67155.0,165.11,23.57,0.09,1.17,0.0
20190204:1310,99470.0,234.74,20.36,0.48,1.38,0.0
20190204:1410,74145.0,179.53,14.94,0.51,1.93,0.0
20190204:1510,28260.0,79.53,7.8,-0.26,1.66,0.0
20190204:1610,0.0,0.0,0.0,-1.74,1.66,0.0
20190204:1710,0.0,0.0,0.0,-3.42,1.59,0.0
20190204:1810,0.0,0.0,0.0,-5.05,2.07,0.0
20190204:1910,0.0,0.0,0.0,-6.71,2.21,0.0
20190204:2010,0.0,0.0,0.0,-8.35,2.07,0.0
20190204:2110,0.0,0.0,0.0,-8.89,1.93,0.0
20190204:2210,0.0,0.0,0.0,-9.81,2.0,0.0
20190204:2310,0.0,0.0,0.0,-10.21,1.93,0.0
20190205:0010,0.0,0.0,0.0,-9.9,1.72,0.0
20190205:0110,0.0,0.0,0.0,-8.67,1.38,0.0
20190205:0210,0.0,0.0,0.0,-7.98,1.24,0.0
20190205:0310,0.0,0.0,0.0,-10.28,1.59,0.0
20190205:0410,0.0,0.0,0.0,-11.92,1.86,0.0
20190205:0510,0.0,0.0,0.0,-10.19,1.24,0.0
20190205:0610,0.0,0.0,0.0,-9.17,0.83,0.0
20190205:0710,775.0,8.62,3.78,-14.11,1.38,0.0
20190205:0810,32370.0,83.87,11.65,-12.85,1.31,0.0
20190205:0910,36480.0,93.78,18.05,-10.16,1.03,0.0
20190205:1010,27155.0,74.45,22.49,-7.31,1.17,0.0
20190205:1110,30610.0,82.72,24.51,-5.28,1.17,0.0
20190205:1210,23415.0,67.1,23.87,-3.44,1.1,0.0
20190205:1310,18495.0,56.07,20.66,-2.01,1.03,0.0
20190205:1410,14175.0,45.96,15.23,-1.05,1.03,0.0
20190205:1510,6200.0,25.74,8.07,-0.69,1.1,0.0
20190205:1610,0.0,0.0,0.0,-1.19,1.38,0.0
20190205:1710,0.0,0.0,0.0,-2.31,1.66,0.0
20190205:1810,0.0,0.0,0.0,-2.67,1.45,0.0
20190205:1910,0.0,0.0,0.0,-4.19,1.24,0.0
20190205:2010,0.0,0.0,0.0,-4.73,1.38,0.0
20190205:2110,0.0,0.0,0.0,-5.05,1.31,0.0
20190205:2210,0.0,0.0,0.0,-5.51,1.38,0.0
20190205:2310,0.0,0.0,0.0,-6.08,1.45,0.0
20190206:0010,0.0,0.0,0.0,-6.78,1.59,0.0
20190206:0110,0.0,0.0,0.0,-7.37,1.52,0.0
20190206:0210,0.0,0.0,0.0,-7.91,1.52,0.0
20190206:0310,0.0,0.0,0.0,-8.61,1.66,0.0
20190206:0410,0.0,0.0,0.0,-9.3,1.66,0.0
20190206:0510,0.0,0.0,0.0,-10.25,1.66,0.0
20190206:0610,0.0,0.0,0.0,-10.91,1.59,0.0
20190206:0710,0.0,3.45,4.01,-9.7,1.52,0.0
20190206:0810,2535.0,14.71,11.9,-8.65,1.31,0.0
20190206:0910,29485.0,79.96,18.32,-6.02,1.45,0.0
20190206:1010,34110.0,90.99,22.78,-3.52,1.79,0.0
20190206:1110,26100.0,73.53,24.81,-2.06,1.79,0.0
20190206:1210,29135.0,80.88,24.18,-0.54,1.59,0.0
20190206:1310,61250.0,152.23,20.96,0.51,1.45,0.0
20190206:1410,37155.0,99.31,15.51,0.96,1.72,0.0
20190206:1510,4205.0,20.22,8.34,0.43,1.66,0.0
20190206:1610,0.0,0.0,0.0,-0.89,2.0,0.0
20190206:1710,0.0,0.0,0.0,-2.0,1.93,0.0
20190206:1810,0.0,0.0,0.0,-2.69,1.86,0.0
20190206:1910,0.0,0.0,0.0,-5.05,2.07,0.0
20190206:2010,0.0,0.0,0.0,-5.62,2.07,0.0
20190206:2110,0.0,0.0,0.0,-6.33,2.0,0.0
20190206:2210,0.0,0.0,0.0,-7.45,1.79,0.0
20190206:2310,0.0,0.0,0.0,-8.26,1.45,0.0
20190207:0010,0.0,0.0,0.0,-6.53,1.03,0.0
20190207:0110,0.0,0.0,0.0,-6.79,0.83,0.0
20190207:0210,0.0,0.0,0.0,-8.09,1.1,0.0
20190207:0310,0.0,0.0,0.0,-10.87,1.38,0.0
20190207:0410,0.0,0.0,0.0,-11.68,1.45,0.0
20190207:0510,0.0,0.0,0.0,-12.34,1.72,0.0
20190207:0610,0.0,0.0,0.0,-12.57,1.79,0.0
20190207:0710,0.0,5.17,4.25,-10.94,1.93,0.0
20190207:0810,7195.0,27.57,12.16,-8.95,2.0,0.0
20190207:0910,30500.0,81.8,18.6,-7.1,2.14,0.0
20190207:1010,39815.0,102.94,23.08,-4.93,2.14,0.0
20190207:1110,56070.0,139.05,25.12,-2.9,2.07,0.0
20190207:1210,43225.0,112.13,24.49,-0.92,2.14,0.0
20190207:1310,23420.0,68.02,21.26,0.31,2.14,0.0
20190207:1410,26150.0,74.45,15.8,0.8,2.07,0.0
20190207:1510,5485.0,23.9,8.61,1.02,2.07,0.0
20190207:1610,0.0,0.0,0.0,1.34,2.07,0.0
20190207:1710,0.0,0.0,0.0,1.61,2.07,0.0
20190207:1810,0.0,0.0,0.0,1.9,2.07,0.0
20190207:1910,0.0,0.0,0.0,1.45,2.0,0.0
20190207:2010,0.0,0.0,0.0,1.71,2.07,0.0
20190207:2110,0.0,0.0,0.0,1.89,2.21,0.0
20190207:2210,0.0,0.0,0.0,1.9,2.34,0.0
20190207:2310,0.0,0.0,0.0,1.67,2.28,0.0
20190208:0010,0.0,0.0,0.0,1.3,2.07,0.0
20190208:0110,0.0,0.0,0.0,0.59,2.21,0.0
20190208:0210,0.0,0.0,0.0,0.3,2.28,0.0
20190208:0310,0.0,0.0,0.0,0.0,2.28,0.0
20190208:0410,0.0,0.0,0.0,-0.16,2.28,0.0
20190208:0510,0.0,0.0,0.0,-0.3,2.34,0.0
20190208:0610,0.0,0.0,0.0,-0.51,2.34,0.0
20190208:0710,3220.0,17.24,4.5,-0.44,2.34,0.0
20190208:0810,38365.0,101.48,12.42,0.3,2.07,0.0
20190208:0910,75700.0,183.19,18.89,1.11,2.28,0.0
20190208:1010,86350.0,207.83,23.38,2.65,2.62,0.0
20190208:1110,100645.0,239.91,25.44,3.54,2.69,0.0
20190208:1210,93270.0,224.55,24.81,4.48,2.9,0.0
20190208:1310,123740.0,291.17,21.57,4.89,2.97,0.0
20190208:1410,74550.0,183.37,16.09,4.85,2.76,0.0
20190208:1510,67220.0,169.66,8.88,4.0,2.48,0.0
20190208:1610,0.0,0.0,0.0,2.46,2.55,0.0
20190208:1710,0.0,0.0,0.0,1.42,2.62,0.0
20190208:1810,0.0,0.0,0.0,0.88,2.62,0.0
20190208:1910,0.0,0.0,0.0,0.66,2.62,0.0
20190208:2010,0.0,0.0,0.0,0.39,2.69,0.0
20190208:2110,0.0,0.0,0.0,0.26,2.69,0.0
20190208:2210,0.0,0.0,0.0,0.02,2.76,0.0
20190208:2310,0.0,0.0,0.0,-0.1,2.9,0.0
20190209:0010,0.0,0.0,0.0,-0.14,2.97,0.0
20190209:0110,0.0,0.0,0.0,-0.21,2.9,0.0
20190209:0210,0.0,0.0,0.0,-0.4,2.9,0.0
20190209:0310,0.0,0.0,0.0,-0.67,2.97,0.0
20190209:0410,0.0,0.0,0.0,-0.73,3.1,0.0
20190209:0510,0.0,0.0,0.0,-0.34,3.1,0.0
20190209:0610,0.0,0.0,0.0,1.03,3.24,0.0
20190209:0710,4005.0,19.82,4.75,3.25,4.34,0.0
20190209:0810,74730.0,182.66,12.69,4.46,4.76,0.0
20190209:0910,183980.0,422.91,19.17,5.52,4.76,0.0
20190209:1010,66100.0,166.61,23.69,7.05,3.79,0.0
20190209:1110,139380.0,327.92,25.76,7.31,4.69,0.0
20190209:1210,175870.0,409.36,25.12,8.15,5.66,0.0
20190209:1310,188245.0,437.85,21.87,8.35,5.17,0.0
20190209:1410,134060.0,316.82,16.38,7.96,4.62,0.0
20190209:1510,32485.0,91.44,9.16,7.08,4.0,0.0
20190209:1610,0.0,0.0,0.0,5.6,3.72,0.0
20190209:1710,0.0,0.0,0.0,4.6,3.52,0.0
20190209:1810,0.0,0.0,0.0,4.15,3.52,0.0
20190209:1910,0.0,0.0,0.0,3.58,3.24,0.0
20190209:2010,0.0,0.0,0.0,3.42,3.17,0.0
20190209:2110,0.0,0.0,0.0,2.86,2.97,0.0
20190209:2210,0.0,0.0,0.0,2.42,2.62,0.0
20190209:2310,0.0,0.0,0.0,2.01,2.55,0.0
20190210:0010,0.0,0.0,0.0,1.84,2.48,0.0
20190210:0110,0.0,0.0,0.0,1.67,2.34,0.0
20190210:0210,0.0,0.0,0.0,1.54,2.28,0.0
20190210:0310,0.0,0.0,0.0,1.28,2.34,0.0
20190210:0410,0.0,0.0,0.0,0.97,2.41,0.0
20190210:0510,0.0,0.0,0.0,1.01,2.69,0.0
20190210:0610,0.0,0.0,0.0,1.35,2.9,0.0
20190210:0710,2090.0,13.79,5.0,2.22,3.1,0.0
20190210:0810,31940.0,88.07,12.96,2.95,3.17,0.0
20190210:0910,50895.0,131.09,19.47,4.21,3.31,0.0
20190210:1010,70145.0,174.53,24.0,5.53,3.66,0.0
20190210:1110,80405.0,197.76,26.08,6.26,3.72,0.0
20190210:1210,90435.0,220.44,25.45,7.07,3.72,0.0
20190210:1310,29620.0,84.56,22.19,7.76,3.66,0.0
20190210:1410,21110.0,64.34,16.68,7.37,3.52,0.0
20190210:1510,27015.0,78.7,9.44,7.5,3.52,0.0
20190210:1610,0.0,0.0,0.0,6.4,3.72,0.0
20190210:1710,0.0,0.0,0.0,6.01,4.21,0.0
20190210:1810,0.0,0.0,0.0,5.93,5.38,0.0
20190210:1910,0.0,0.0,0.0,5.36,6.55,0.0
20190210:2010,0.0,0.0,0.0,4.53,6.21,0.0
20190210:2110,0.0,0.0,0.0,3.91,6.21,0.0
20190210:2210,0.0,0.0,0.0,3.2,6.28,0.0
20190210:2310,0.0,0.0,0.0,2.77,6.41,0.0
20190211:0010,0.0,0.0,0.0,2.41,6.21,0.0
20190211:0110,0.0,0.0,0.0,2.37,6.28,0.0
20190211:0210,0.0,0.0,0.0,2.18,6.21,0.0
20190211:0310,0.0,0.0,0.0,1.81,6.0,0.0
20190211:0410,0.0,0.0,0.0,1.31,5.52,0.0
20190211:0510,0.0,0.0,0.0,0.94,5.1,0.0
20190211:0610,0.0,0.0,0.0,0.81,4.69,0.0
20190211:0710,12445.0,42.4,5.26,0.59,4.55,0.0
20190211:0810,53675.0,134.87,13.24,0.93,4.55,0.0
20190211:0910,103495.0,242.3,19.77,1.46,4.07,0.0
20190211:1010,105040.0,246.04,24.32,1.89,5.45,0.0
20190211:1110,269300.0,607.72,26.4,2.53,5.59,0.0
20190211:1210,48355.0,125.0,25.77,3.15,5.38,0.0
20190211:1310,46920.0,121.86,22.5,3.32,5.03,0.0
20190211:1410,19235.0,58.82,16.97,3.23,4.97,0.0
20190211:1510,3835.0,19.3,9.71,3.11,5.52,0.0
20190211:1610,0.0,0.0,0.0,2.48,4.97,0.0
20190211:1710,0.0,0.0,0.0,1.73,4.83,0.0
20190211:1810,0.0,0.0,0.0,1.06,4.41,0.0
20190211:1910,0.0,0.0,0.0,0.97,4.69,0.0
20190211:2010,0.0,0.0,0.0,0.75,4.41,0.0
20190211:2110,0.0,0.0,0.0,0.49,4.0,0.0
20190211:2210,0.0,0.0,0.0,0.35,3.86,0.0
20190211:2310,0.0,0.0,0.0,0.24,3.59,0.0
20190212:0010,0.0,0.0,0.0,0.07,3.79,0.0
20190212:0110,0.0,0.0,0.0,-0.11,3.86,0.0
20190212:0210,0.0,0.0,0.0,-0.32,3.79,0.0
20190212:0310,0.0,0.0,0.0,-0.27,4.14,0.0
20190212:0410,0.0,0.0,0.0,-0.38,4.07,0.0
20190212:0510,0.0,0.0,0.0,-0.51,4.0,0.0
20190212:0610,0.0,0.0,0.0,-0.54,4.28,0.0
20190212:0710,1325.0,11.03,5.53,-0.5,4.07,0.0
20190212:0810,64125.0,156.79,13.52,-0.16,4.0,0.0
20190212:0910,114750.0,265.04,20.07,0.63,4.9,0.0
20190212:1010,81485.0,195.23,24.64,1.08,5.38,0.0
20190212:1110,51930.0,132.35,26.73,2.19,5.79,0.0
20190212:1210,20090.0,60.66,26.1,2.51,5.79,0.0
20190212:1310,98600.0,232.93,22.82,2.58,5.24,0.0
20190212:1410,59155.0,147.91,17.27,2.68,5.31,0.0
20190212:1510,45595.0,119.39,10.0,2.54,4.0,0.0
20190212:1610,0.0,0.0,0.0,1.9,3.31,0.0
20190212:1710,0.0,0.0,0.0,1.07,3.1,0.0
20190212:1810,0.0,0.0,0.0,0.72,2.97,0.0
20190212:1910,0.0,0.0,0.0,0.29,2.9,0.0
20190212:2010,0.0,0.0,0.0,0.37,2.76,0.0
20190212:2110,0.0,0.0,0.0,0.46,2.69,0.0
20190212:2210,0.0,0.0,0.0,0.42,2.48,0.0
20190212:2310,0.0,0.0,0.0,0.35,2.34,0.0
20190213:0010,0.0,0.0,0.0,0.28,2.28,0.0
20190213:0110,0.0,0.0,0.0,0.07,2.14,0.0
20190213:0210,0.0,0.0,0.0,-0.21,2.14,0.0
20190213:0310,0.0,0.0,0.0,-0.58,2.07,0.0
20190213:0410,0.0,0.0,0.0,-0.86,2.0,0.0
20190213:0510,0.0,0.0,0.0,-1.25,2.0,0.0
20190213:0610,0.0,0.0,0.0,-1.46,2.0,0.0
20190213:0710,102620.0,248.66,5.8,-1.18,2.07,0.0
20190213:0810,184575.0,421.45,13.81,-0.02,1.86,0.0
20190213:0910,201935.0,462.16,20.38,2.08,2.28,0.0
20190213:1010,347485.0,814.54,24.96,3.33,2.48,0.0
20190213:1110,363345.0,859.92,27.07,4.45,2.55,0.0
20190213:1210,346990.0,822.35,26.43,5.23,2.41,0.0
20190213:1310,241915.0,565.14,23.14,5.83,2.21,0.0
20190213:1410,237120.0,557.21,17.57,6.17,1.93,0.0
20190213:1510,64140.0,163.82,10.28,5.96,1.72,0.0
20190213:1610,0.0,0.0,0.0,4.81,1.59,0.0
20190213:1710,0.0,0.0,0.0,3.28,1.72,0.0
20190213:1810,0.0,0.0,0.0,1.8,1.52,0.0
20190213:1910,0.0,0.0,0.0,0.55,1.45,0.0
20190213:2010,0.0,0.0,0.0,-0.38,1.45,0.0
20190213:2110,0.0,0.0,0.0,-0.98,1.45,0.0
20190213:2210,0.0,0.0,0.0,-1.33,1.45,0.0
20190213:2310,0.0,0.0,0.0,-1.49,1.45,0.0
20190214:0010,0.0,0.0,0.0,-1.35,1.38,0.0
20190214:0110,0.0,0.0,0.0,-1.26,1.31,0.0
20190214:0210,0.0,0.0,0.0,-1.32,1.24,0.0
20190214:0310,0.0,0.0,0.0,-1.61,1.17,0.0
20190214:0410,0.0,0.0,0.0,-1.14,0.9,0.0
20190214:0510,0.0,0.0,0.0,-0.59,0.76,0.0
20190214:0610,0.0,0.0,0.0,-0.95,0.76,0.0
20190214:0710,31370.0,86.83,6.07,-2.26,1.1,0.0
20190214:0810,103355.0,242.5,14.1,-0.83,0.69,0.0
20190214:0910,104880.0,248.89,20.69,1.98,0.62,0.0
20190214:1010,240310.0,565.99,25.29,3.88,0.62,0.0
20190214:1110,371555.0,917.56,27.41,5.61,0.69,0.0
20190214:1210,352080.0,864.74,26.77,6.9,0.9,0.0
20190214:1310,314275.0,761.22,23.46,7.56,1.1,0.0
20190214:1410,248855.0,597.5,17.88,7.69,0.83,0.0
20190214:1510,129100.0,318.2,10.56,7.26,0.28,0.0
20190214:1610,0.0,0.0,0.0,6.24,0.48,0.0
20190214:1710,0.0,0.0,0.0,5.15,0.76,0.0
20190214:1810,0.0,0.0,0.0,4.05,0.55,0.0
20190214:1910,0.0,0.0,0.0,2.71,0.41,0.0
20190214:2010,0.0,0.0,0.0,1.84,0.97,0.0
20190214:2110,0.0,0.0,0.0,1.65,0.34,0.0
20190214:2210,0.0,0.0,0.0,1.39,0.41,0.0
20190214:2310,0.0,0.0,0.0,0.34,1.03,0.0
20190215:0010,0.0,0.0,0.0,0.68,0.69,0.0
20190215:0110,0.0,0.0,0.0,0.54,0.48,0.0
20190215:0210,0.0,0.0,0.0,-0.04,0.97,0.0
20190215:0310,0.0,0.0,0.0,-1.13,1.03,0.0
20190215:0410,0.0,0.0,0.0,-0.61,0.97,0.0
20190215:0510,0.0,0.0,0.0,-0.35,0.69,0.0
20190215:0610,0.0,0.0,0.0,-0.25,0.34,0.0
20190215:0710,97025.0,237.19,6.35,-0.7,0.62,0.0
20190215:0810,240515.0,560.89,14.4,0.3,0.34,0.0
20190215:0910,317975.0,766.12,21.01,3.53,0.34,0.0
20190215:1010,363900.0,902.28,25.62,5.97,0.48,0.0
20190215:1110,385035.0,972.59,27.75,7.86,0.55,0.0
20190215:1210,363345.0,912.37,27.11,9.13,0.69,0.0
20190215:1310,320575.0,790.6,23.78,9.76,0.9,0.0
20190215:1410,255840.0,620.32,18.18,9.65,0.97,0.0
20190215:1510,139895.0,343.58,10.84,8.71,1.38,0.0
20190215:1610,0.0,0.0,0.0,6.88,1.86,0.0
20190215:1710,0.0,0.0,0.0,4.59,2.0,0.0
20190215:1810,0.0,0.0,0.0,2.57,1.93,0.0
20190215:1910,0.0,0.0,0.0,1.64,2.07,0.0
20190215:2010,0.0,0.0,0.0,0.72,2.0,0.0
20190215:2110,0.0,0.0,0.0,-0.66,2.0,0.0
20190215:2210,0.0,0.0,0.0,-1.31,2.0,0.0
20190215:2310,0.0,0.0,0.0,-1.76,2.0,0.0
20190216:0010,0.0,0.0,0.0,-1.96,1.93,0.0
20190216:0110,0.0,0.0,0.0,-2.03,1.93,0.0
20190216:0210,0.0,0.0,0.0,-1.99,1.79,0.0
20190216:0310,0.0,0.0,0.0,-1.82,1.72,0.0
20190216:0410,0.0,0.0,0.0,-1.36,1.52,0.0
20190216:0510,0.0,0.0,0.0,-0.56,1.24,0.0
20190216:0610,0.0,0.0,0.0,-0.07,1.1,0.0
20190216:0710,107165.0,256.36,6.63,-2.83,1.93,0.0
20190216:0810,249065.0,572.9,14.7,0.07,1.45,0.0
20190216:0910,327305.0,777.05,21.33,4.3,1.52,0.0
20190216:1010,375365.0,911.04,25.96,6.26,1.72,0.0
20190216:1110,395445.0,974.59,28.09,7.94,1.79,0.0
20190216:1210,375055.0,922.25,27.45,9.03,1.86,0.0
20190216:1310,326420.0,793.27,24.11,9.52,1.79,0.0
20190216:1410,257230.0,617.59,18.49,9.37,1.66,0.0
20190216:1510,143880.0,351.0,11.13,8.13,1.86,0.0
20190216:1610,565.0,8.27,2.57,6.07,2.34,0.0
20190216:1710,0.0,0.0,0.0,3.88,2.41,0.0
20190216:1810,0.0,0.0,0.0,2.51,2.21,0.0
20190216:1910,0.0,0.0,0.0,2.41,2.07,0.0
20190216:2010,0.0,0.0,0.0,1.61,2.07,0.0
20190216:2110,0.0,0.0,0.0,1.14,2.0,0.0
20190216:2210,0.0,0.0,0.0,-0.97,1.93,0.0
20190216:2310,0.0,0.0,0.0,-1.7,1.86,0.0
20190217:0010,0.0,0.0,0.0,-1.97,1.79,0.0
20190217:0110,0.0,0.0,0.0,-2.15,1.72,0.0
20190217:0210,0.0,0.0,0.0,-2.33,1.72,0.0
20190217:0310,0.0,0.0,0.0,-2.48,1.66,0.0
20190217:0410,0.0,0.0,0.0,-2.66,1.72,0.0
20190217:0510,0.0,0.0,0.0,-2.73,1.72,0.0
20190217:0610,0.0,0.0,0.0,-2.74,1.66,0.0
20190217:0710,106970.0,255.94,6.92,-2.84,1.59,0.0
20190217:0810,232350.0,535.47,15.01,0.31,1.17,0.0
20190217:0910,327310.0,777.56,21.65,4.03,1.38,0.0
20190217:1010,377200.0,918.67,26.3,6.33,1.59,0.0
20190217:1110,389585.0,961.76,28.44,8.32,1.72,0.0
20190217:1210,373175.0,922.2,27.79,9.61,1.72,0.0
20190217:1310,327670.0,801.34,24.44,10.26,1.66,0.0
20190217:1410,268450.0,649.34,18.79,10.18,1.52,0.0
20190217:1510,147865.0,362.72,11.42,9.21,1.59,0.0
20190217:1610,350.0,7.35,2.83,7.39,2.14,0.0
20190217:1710,0.0,0.0,0.0,5.21,2.28,0.0
20190217:1810,0.0,0.0,0.0,3.63,2.14,0.0
20190217:1910,0.0,0.0,0.0,3.34,2.14,0.0
20190217:2010,0.0,0.0,0.0,2.15,2.21,0.0
20190217:2110,0.0,0.0,0.0,1.16,2.14,0.0
20190217:2210,0.0,0.0,0.0,0.34,2.07,0.0
20190217:2310,0.0,0.0,0.0,-0.3,2.0,0.0
20190218:0010,0.0,0.0,0.0,-1.69,1.86,0.0
20190218:0110,0.0,0.0,0.0,-2.11,1.86,0.0
20190218:0210,0.0,0.0,0.0,-2.28,1.79,0.0
20190218:0310,0.0,0.0,0.0,-2.3,1.72,0.0
20190218:0410,0.0,0.0,0.0,-2.38,1.72,0.0
20190218:0510,0.0,0.0,0.0,-2.55,1.72,0.0
20190218:0610,0.0,0.0,0.0,-2.71,1.72,0.0
20190218:0710,116340.0,276.78,7.21,-2.93,1.66,0.0
20190218:0810,240340.0,553.99,15.32,0.0,1.1,0.0
20190218:0910,331440.0,792.56,21.98,4.14,1.1,0.0
20190218:1010,377870.0,928.62,26.65,6.34,1.17,0.0
20190218:1110,389580.0,969.94,28.8,8.26,1.31,0.0
20190218:1210,374565.0,932.16,28.14,9.52,1.38,0.0
20190218:1310,331700.0,816.11,24.77,10.07,1.31,0.0
20190218:1410,254910.0,617.31,19.1,9.98,1.17,0.0
20190218:1510,151955.0,372.88,11.7,9.19,1.38,0.0
20190218:1610,2550.0,16.4,3.1,7.69,1.72,0.0
20190218:1710,0.0,0.0,0.0,5.46,1.79,0.0
20190218:1810,0.0,0.0,0.0,3.1,1.79,0.0
20190218:1910,0.0,0.0,0.0,2.21,1.86,0.0
20190218:2010,0.0,0.0,0.0,0.88,1.93,0.0
20190218:2110,0.0,0.0,0.0,0.18,1.93,0.0
20190218:2210,0.0,0.0,0.0,-0.31,1.86,0.0
20190218:2310,0.0,0.0,0.0,-1.44,1.93,0.0
20190219:0010,0.0,0.0,0.0,-1.85,1.93,0.0
20190219:0110,0.0,0.0,0.0,-2.13,1.93,0.0
20190219:0210,0.0,0.0,0.0,-2.4,1.93,0.0
20190219:0310,0.0,0.0,0.0,-2.47,2.0,0.0
20190219:0410,0.0,0.0,0.0,-2.39,2.07,0.0
20190219:0510,0.0,0.0,0.0,-2.35,2.14,0.0
20190219:0610,0.0,0.0,0.0,-2.34,2.14,0.0
20190219:0710,88200.0,214.04,7.51,-1.64,2.21,0.0
20190219:0810,191610.0,439.9,15.63,1.36,1.86,0.0
20190219:0910,292530.0,685.45,22.31,4.66,2.0,0.0
20190219:1010,347670.0,830.98,27.0,6.58,2.28,0.0
20190219:1110,98405.0,240.13,29.15,8.0,2.62,0.0
20190219:1210,31795.0,90.07,28.49,8.84,2.97,0.0
20190219:1310,23595.0,70.77,25.1,9.11,3.1,0.0
20190219:1410,25930.0,76.29,19.41,8.93,3.03,0.0
20190219:1510,6580.0,27.57,11.99,7.73,2.41,0.0
20190219:1610,165.0,6.43,3.37,6.1,2.28,0.0
20190219:1710,0.0,0.0,0.0,5.13,2.21,0.0
20190219:1810,0.0,0.0,0.0,4.27,2.34,0.0
20190219:1910,0.0,0.0,0.0,2.74,2.28,0.0
20190219:2010,0.0,0.0,0.0,2.28,2.14,0.0
20190219:2110,0.0,0.0,0.0,2.28,1.93,0.0
20190219:2210,0.0,0.0,0.0,2.03,1.86,0.0
20190219:2310,0.0,0.0,0.0,1.59,1.93,0.0
20190220:0010,0.0,0.0,0.0,1.09,2.0,0.0
20190220:0110,0.0,0.0,0.0,0.79,2.0,0.0
20190220:0210,0.0,0.0,0.0,0.59,1.93,0.0
20190220:0310,0.0,0.0,0.0,0.42,1.93,0.0
20190220:0410,0.0,0.0,0.0,0.36,1.79,0.0
20190220:0510,0.0,0.0,0.0,0.14,1.79,0.0
20190220:0610,0.0,0.0,0.0,-0.44,1.79,0.0
20190220:0710,14405.0,46.72,7.81,-0.8,1.45,0.0
20190220:0810,55155.0,139.31,15.95,1.53,1.31,0.0
20190220:0910,85015.0,206.39,22.65,3.53,1.45,0.0
20190220:1010,83830.0,205.31,27.35,4.99,1.86,0.0
20190220:1110,137630.0,326.14,29.51,6.48,2.41,0.0
20190220:1210,208715.0,489.62,28.84,7.38,2.69,0.0
20190220:1310,166190.0,391.51,25.43,7.74,2.76,0.0
20190220:1410,88600.0,217.47,19.72,7.95,2.62,0.0
20190220:1510,146610.0,355.09,12.28,7.78,2.48,0.0
20190220:1610,0.0,5.51,3.64,6.64,1.79,0.0
20190220:1710,0.0,0.0,0.0,5.29,1.86,0.0
20190220:1810,0.0,0.0,0.0,4.11,1.93,0.0
20190220:1910,0.0,0.0,0.0,3.34,1.52,0.0
20190220:2010,0.0,0.0,0.0,2.48,1.45,0.0
20190220:2110,0.0,0.0,0.0,2.08,1.45,0.0
20190220:2210,0.0,0.0,0.0,1.79,1.66,0.0
20190220:2310,0.0,0.0,0.0,1.69,1.72,0.0
20190221:0010,0.0,0.0,0.0,1.36,1.79,0.0
20190221:0110,0.0,0.0,0.0,1.7,1.79,0.0
20190221:0210,0.0,0.0,0.0,1.45,1.79,0.0
20190221:0310,0.0,0.0,0.0,1.42,1.72,0.0
20190221:0410,0.0,0.0,0.0,0.2,1.72,0.0
20190221:0510,0.0,0.0,0.0,0.03,1.79,0.0
20190221:0610,0.0,0.0,0.0,-0.03,1.79,0.0
20190221:0710,30565.0,85.47,8.11,1.13,1.72,0.0
20190221:0810,242155.0,562.46,16.27,2.71,1.52,0.0
20190221:0910,167740.0,393.08,22.99,5.64,1.72,0.0
20190221:1010,108120.0,260.55,27.7,7.02,2.55,0.0
20190221:1110,109495.0,264.97,29.87,8.6,3.52,0.0
20190221:1210,78515.0,196.24,29.19,9.2,4.07,0.0
20190221:1310,74970.0,188.36,25.77,9.62,4.14,0.0
20190221:1410,53525.0,139.97,20.03,9.38,3.31,0.0
20190221:1510,99605.0,246.25,12.57,8.92,3.03,0.0
20190221:1610,2560.0,15.63,3.92,8.1,2.76,0.0
20190221:1710,0.0,0.0,0.0,7.36,2.48,0.0
20190221:1810,0.0,0.0,0.0,6.67,2.34,0.0
20190221:1910,0.0,0.0,0.0,5.51,2.55,0.0
20190221:2010,0.0,0.0,0.0,4.72,2.48,0.0
20190221:2110,0.0,0.0,0.0,4.27,2.48,0.0
20190221:2210,0.0,0.0,0.0,4.27,2.48,0.0
20190221:2310,0.0,0.0,0.0,4.68,2.69,0.0
20190222:0010,0.0,0.0,0.0,5.27,2.9,0.0
20190222:0110,0.0,0.0,0.0,5.63,3.1,0.0
20190222:0210,0.0,0.0,0.0,5.78,3.38,0.0
20190222:0310,0.0,0.0,0.0,5.58,3.45,0.0
20190222:0410,0.0,0.0,0.0,5.47,3.31,0.0
20190222:0510,0.0,0.0,0.0,5.34,3.1,0.0
20190222:0610,0.0,0.0,0.0,5.25,2.9,0.0
20190222:0710,51155.0,134.66,8.42,5.67,2.9,0.0
20190222:0810,72075.0,178.88,16.59,5.94,2.76,0.0
20190222:0910,62490.0,158.34,23.34,6.32,3.1,0.0
20190222:1010,102010.0,246.2,28.06,6.88,3.66,0.0
20190222:1110,149825.0,352.92,30.24,7.46,4.07,0.0
20190222:1210,25715.0,75.37,29.55,7.67,3.52,0.0
20190222:1310,18055.0,56.99,26.11,7.45,2.9,0.0
20190222:1410,81155.0,200.19,20.35,7.15,2.83,0.0
20190222:1510,73735.0,185.04,12.86,6.49,2.62,0.0
20190222:1610,7100.0,30.59,4.19,5.69,2.62,0.0
20190222:1710,0.0,0.0,0.0,4.75,2.55,0.0
20190222:1810,0.0,0.0,0.0,3.92,2.83,0.0
20190222:1910,0.0,0.0,0.0,3.41,2.97,0.0
20190222:2010,0.0,0.0,0.0,2.41,3.45,0.0
20190222:2110,0.0,0.0,0.0,1.16,3.38,0.0
20190222:2210,0.0,0.0,0.0,0.05,3.17,0.0
20190222:2310,0.0,0.0,0.0,-1.01,2.9,0.0
20190223:0010,0.0,0.0,0.0,-1.86,2.62,0.0
20190223:0110,0.0,0.0,0.0,-2.32,2.48,0.0
20190223:0210,0.0,0.0,0.0,-2.7,2.34,0.0
20190223:0310,0.0,0.0,0.0,-2.9,2.14,0.0
20190223:0410,0.0,0.0,0.0,-3.03,2.0,0.0
20190223:0510,0.0,0.0,0.0,-3.25,1.93,0.0
20190223:0610,0.0,0.0,0.0,-3.41,2.07,0.0
20190223:0710,137790.0,323.96,8.73,-2.81,1.93,0.0
20190223:0810,204095.0,460.93,16.92,-1.49,2.34,0.0
20190223:0910,317740.0,727.62,23.68,-0.05,2.48,0.0
20190223:1010,391985.0,920.07,28.43,1.44,2.55,0.0
20190223:1110,412755.0,982.8,30.6,2.69,2.48,0.0
20190223:1210,390665.0,928.27,29.91,3.54,2.48,0.0
20190223:1310,337590.0,793.97,26.44,4.03,2.34,0.0
20190223:1410,237725.0,552.23,20.66,4.22,2.21,0.0
20190223:1510,92670.0,225.79,13.15,3.97,2.14,0.0
20190223:1610,6385.0,27.68,4.46,2.86,1.93,0.0
20190223:1710,0.0,0.0,0.0,1.18,2.07,0.0
20190223:1810,0.0,0.0,0.0,0.05,2.21,0.0
20190223:1910,0.0,0.0,0.0,-0.8,2.14,0.0
20190223:2010,0.0,0.0,0.0,-1.3,2.07,0.0
20190223:2110,0.0,0.0,0.0,-1.64,1.93,0.0
20190223:2210,0.0,0.0,0.0,-1.9,1.79,0.0
20190223:2310,0.0,0.0,0.0,-2.25,1.59,0.0
20190224:0010,0.0,0.0,0.0,-2.55,1.59,0.0
20190224:0110,0.0,0.0,0.0,-2.77,1.52,0.0
20190224:0210,0.0,0.0,0.0,-2.99,1.45,0.0
20190224:0310,0.0,0.0,0.0,-3.17,1.38,0.0
20190224:0410,0.0,0.0,0.0,-3.36,1.31,0.0
20190224:0510,0.0,0.0,0.0,-3.51,1.24,0.0
20190224:0610,0.0,0.0,0.0,-3.66,1.17,0.0
20190224:0710,132540.0,313.41,9.05,-3.03,0.76,0.0
20190224:0810,252755.0,584.76,17.26,-0.67,0.62,0.0
20190224:0910,260965.0,609.06,24.03,1.69,0.76,0.0
20190224:1010,103130.0,247.98,28.79,3.63,0.62,0.0
20190224:1110,149115.0,354.27,30.97,5.43,0.69,0.0
20190224:1210,267800.0,642.53,30.27,6.7,0.83,0.0
20190224:1310,333610.0,819.45,26.78,7.46,0.69,0.0
20190224:1410,257550.0,621.95,20.98,7.69,0.55,0.0
20190224:1510,162085.0,395.59,13.44,7.38,0.62,0.0
20190224:1610,9100.0,36.37,4.73,6.41,0.83,0.0
20190224:1710,0.0,0.0,0.0,4.36,0.9,0.0
20190224:1810,0.0,0.0,0.0,2.84,1.03,0.0
20190224:1910,0.0,0.0,0.0,3.65,0.83,0.0
20190224:2010,0.0,0.0,0.0,2.99,0.76,0.0
20190224:2110,0.0,0.0,0.0,2.1,0.9,0.0
20190224:2210,0.0,0.0,0.0,1.04,0.9,0.0
20190224:2310,0.0,0.0,0.0,0.83,0.83,0.0
20190225:0010,0.0,0.0,0.0,1.05,0.62,0.0
20190225:0110,0.0,0.0,0.0,0.79,0.48,0.0
20190225:0210,0.0,0.0,0.0,-0.49,0.97,0.0
20190225:0310,0.0,0.0,0.0,-1.77,1.17,0.0
20190225:0410,0.0,0.0,0.0,-1.85,1.03,0.0
20190225:0510,0.0,0.0,0.0,-1.69,0.9,0.0
20190225:0610,0.0,0.0,0.0,-1.05,0.69,0.0
20190225:0710,129355.0,308.05,9.37,-1.46,0.69,0.0
20190225:0810,220115.0,513.43,17.59,1.31,0.34,0.0
20190225:0910,318675.0,772.61,24.39,4.95,0.41,0.0
20190225:1010,349335.0,872.43,29.16,7.59,0.34,0.0
20190225:1110,371160.0,946.57,31.35,9.47,0.34,0.0
20190225:1210,359405.0,909.36,30.63,10.71,0.69,0.0
20190225:1310,320875.0,797.18,27.12,11.37,0.97,0.0
20190225:1410,245680.0,598.4,21.29,11.44,1.1,0.0
20190225:1510,154485.0,380.14,13.73,10.66,1.52,0.0
20190225:1610,11780.0,44.55,5.0,8.85,2.21,0.0
20190225:1710,0.0,0.0,0.0,6.48,2.34,0.0
20190225:1810,0.0,0.0,0.0,4.55,2.28,0.0
20190225:1910,0.0,0.0,0.0,4.51,2.07,0.0
20190225:2010,0.0,0.0,0.0,3.5,2.0,0.0
20190225:2110,0.0,0.0,0.0,2.61,2.0,0.0
20190225:2210,0.0,0.0,0.0,1.83,2.0,0.0
20190225:2310,0.0,0.0,0.0,0.98,1.93,0.0
20190226:0010,0.0,0.0,0.0,0.21,1.79,0.0
20190226:0110,0.0,0.0,0.0,-0.3,1.72,0.0
20190226:0210,0.0,0.0,0.0,-0.64,1.72,0.0
20190226:0310,0.0,0.0,0.0,-0.87,1.72,0.0
20190226:0410,0.0,0.0,0.0,-0.95,1.72,0.0
20190226:0510,0.0,0.0,0.0,-0.87,1.79,0.0
20190226:0610,0.0,0.0,0.0,-0.69,1.79,0.0
20190226:0710,134030.0,318.64,9.69,-0.07,1.66,0.0
20190226:0810,237850.0,554.45,17.93,3.04,1.31,0.0
20190226:0910,331105.0,799.74,24.74,6.93,1.38,0.0
20190226:1010,378055.0,937.67,29.53,9.23,1.52,0.0
20190226:1110,395635.0,992.18,31.72,10.93,1.79,0.0
20190226:1210,342760.0,845.42,31.0,12.2,2.21,0.0
20190226:1310,316140.0,774.15,27.47,12.96,2.41,0.0
20190226:1410,236520.0,572.57,21.61,13.14,2.41,0.0
20190226:1510,105710.0,265.29,14.02,12.57,1.79,0.0
20190226:1610,9415.0,37.05,5.27,10.73,2.14,0.0
20190226:1710,0.0,0.0,0.0,8.07,2.41,0.0
20190226:1810,0.0,0.0,0.0,6.21,2.34,0.0
20190226:1910,0.0,0.0,0.0,6.32,2.14,0.0
20190226:2010,0.0,0.0,0.0,5.28,2.07,0.0
20190226:2110,0.0,0.0,0.0,4.6,2.07,0.0
20190226:2210,0.0,0.0,0.0,4.12,2.07,0.0
20190226:2310,0.0,0.0,0.0,3.33,1.86,0.0
20190227:0010,0.0,0.0,0.0,2.33,1.79,0.0
20190227:0110,0.0,0.0,0.0,1.31,1.66,0.0
20190227:0210,0.0,0.0,0.0,0.51,1.59,0.0
20190227:0310,0.0,0.0,0.0,0.0,1.52,0.0
20190227:0410,0.0,0.0,0.0,-0.23,1.45,0.0
20190227:0510,0.0,0.0,0.0,-0.31,1.31,0.0
20190227:0610,0.0,0.0,0.0,-0.11,1.1,0.0
20190227:0710,137145.0,328.93,10.02,0.99,0.76,0.0
20190227:0810,245955.0,583.95,18.27,3.32,0.14,0.0
20190227:0910,324315.0,802.22,25.1,7.04,0.14,0.0
20190227:1010,366085.0,932.74,29.9,9.5,0.28,0.0
20190227:1110,383590.0,992.93,32.1,11.38,0.41,0.0
20190227:1210,360495.0,924.71,31.36,12.68,0.62,0.0
20190227:1310,331870.0,838.24,27.81,13.46,0.9,0.0
20190227:1410,258815.0,639.41,21.92,13.73,1.1,0.0
20190227:1510,163650.0,408.8,14.31,13.5,1.17,0.0
20190227:1610,12505.0,46.72,5.55,12.44,1.38,0.0
20190227:1710,0.0,0.0,0.0,10.55,1.93,0.0
20190227:1810,0.0,0.0,0.0,8.46,2.21,0.0
20190227:1910,0.0,0.0,0.0,7.4,2.0,0.0
20190227:2010,0.0,0.0,0.0,6.02,2.07,0.0
20190227:2110,0.0,0.0,0.0,4.88,2.14,0.0
20190227:2210,0.0,0.0,0.0,4.11,2.21,0.0
20190227:2310,0.0,0.0,0.0,3.64,2.34,0.0
20190228:0010,0.0,0.0,0.0,3.26,2.41,0.0
20190228:0110,0.0,0.0,0.0,3.04,2.48,0.0
20190228:0210,0.0,0.0,0.0,2.68,2.48,0.0
20190228:0310,0.0,0.0,0.0,2.42,2.55,0.0
20190228:0410,0.0,0.0,0.0,2.12,2.62,0.0
20190228:0510,0.0,0.0,0.0,2.18,2.69,0.0
20190228:0610,0.0,0.0,0.0,2.37,2.83,0.0
20190228:0710,137675.0,329.39,10.34,3.3,3.03,0.0
20190228:0810,253480.0,589.07,18.62,5.91,3.38,0.0
20190228:0910,340815.0,807.76,25.47,8.35,3.59,0.0
20190228:1010,392805.0,943.5,30.28,10.17,4.41,0.0
20190228:1110,411610.0,997.95,32.48,11.51,4.69,0.0
20190228:1210,383670.0,927.98,31.73,12.47,4.83,0.0
20190228:1310,342245.0,822.22,28.15,13.08,4.9,0.0
20190228:1410,247250.0,589.43,22.24,13.3,4.9,0.0
20190228:1510,11105.0,40.44,14.6,13.07,4.55,0.0
20190228:1610,29570.0,95.12,5.82,12.07,4.28,0.0
20190228:1710,0.0,0.0,0.0,10.84,4.21,0.0
20190228:1810,0.0,0.0,0.0,9.84,4.21,0.0
20190228:1910,0.0,0.0,0.0,10.19,4.34,0.0
20190228:2010,0.0,0.0,0.0,9.68,4.76,0.0
20190228:2110,0.0,0.0,0.0,9.22,5.1,0.0
20190228:2210,0.0,0.0,0.0,8.81,4.9,0.0
20190228:2310,0.0,0.0,0.0,8.25,4.21,0.0
20190301:0010,0.0,0.0,0.0,7.7,3.72,0.0
20190301:0110,0.0,0.0,0.0,7.21,3.59,0.0
20190301:0210,0.0,0.0,0.0,6.52,3.38,0.0
20190301:0310,0.0,0.0,0.0,6.0,3.31,0.0
20190301:0410,0.0,0.0,0.0,5.89,3.38,0.0
20190301:0510,0.0,0.0,0.0,5.69,3.24,0.0
20190301:0610,0.0,0.0,0.0,5.63,3.24,0.0
20190301:0710,18905.0,58.79,10.67,6.0,3.72,0.0
20190301:0810,126045.0,298.65,18.96,6.45,3.03,0.0
20190301:0910,71155.0,178.19,25.83,6.88,2.83,0.0
20190301:1010,27820.0,79.96,30.66,6.43,3.03,0.0
20190301:1110,58865.0,150.74,32.86,6.6,3.38,0.0
20190301:1210,103390.0,249.83,32.1,6.87,3.45,0.0
20190301:1310,102110.0,246.8,28.5,7.2,3.72,0.0
20190301:1410,40945.0,110.45,22.55,7.3,3.72,0.0
20190301:1510,37215.0,102.13,14.89,7.46,3.31,0.0
20190301:1610,15260.0,52.86,6.09,7.13,2.9,0.0
20190301:1710,0.0,0.0,0.0,6.3,2.48,0.0
20190301:1810,0.0,0.0,0.0,5.57,2.41,0.0
20190301:1910,0.0,0.0,0.0,5.37,2.69,0.0
20190301:2010,0.0,0.0,0.0,5.05,2.69,0.0
20190301:2110,0.0,0.0,0.0,4.78,2.76,0.0
20190301:2210,0.0,0.0,0.0,4.74,2.62,0.0
20190301:2310,0.0,0.0,0.0,4.61,2.41,0.0
20190302:0010,0.0,0.0,0.0,4.44,2.28,0.0
20190302:0110,0.0,0.0,0.0,4.21,2.28,0.0
20190302:0210,0.0,0.0,0.0,3.9,2.21,0.0
20190302:0310,0.0,0.0,0.0,3.61,2.28,0.0
20190302:0410,0.0,0.0,0.0,3.53,2.48,0.0
20190302:0510,0.0,0.0,0.0,3.38,2.62,0.0
20190302:0610,0.0,0.0,0.0,3.17,2.34,0.0
20190302:0710,22550.0,66.91,11.01,3.37,2.34,0.0
20190302:0810,20725.0,62.5,19.31,3.55,2.9,0.0
20190302:0910,48890.0,126.84,26.2,3.88,3.31,0.0
20190302:1010,26855.0,77.21,31.04,4.91,3.66,0.0
20190302:1110,26810.0,77.21,33.24,5.17,3.17,0.0
20190302:1210,14470.0,47.79,32.47,5.62,3.52,0.0
20190302:1310,26705.0,77.21,28.84,5.98,3.24,0.0
20190302:1410,18940.0,58.82,22.87,6.02,2.62,0.0
20190302:1510,16645.0,53.31,15.18,6.29,2.48,0.0
20190302:1610,15815.0,53.94,6.36,6.21,2.14,0.0
20190302:1710,0.0,0.0,0.0,5.85,2.14,0.0
20190302:1810,0.0,0.0,0.0,5.76,2.28,0.0
20190302:1910,0.0,0.0,0.0,4.82,1.79,0.0
20190302:2010,0.0,0.0,0.0,4.27,2.07,0.0
20190302:2110,0.0,0.0,0.0,4.11,2.34,0.0
20190302:2210,0.0,0.0,0.0,4.19,2.69,0.0
20190302:2310,0.0,0.0,0.0,4.55,3.1,0.0
20190303:0010,0.0,0.0,0.0,4.96,3.52,0.0
20190303:0110,0.0,0.0,0.0,5.29,3.72,0.0
20190303:0210,0.0,0.0,0.0,5.46,3.66,0.0
20190303:0310,0.0,0.0,0.0,5.36,3.72,0.0
20190303:0410,0.0,0.0,0.0,5.53,3.79,0.0
20190303:0510,0.0,0.0,0.0,5.53,3.59,0.0
20190303:0610,0.0,0.0,0.0,5.37,3.38,0.0
20190303:0710,33815.0,93.99,11.35,6.0,3.66,0.0
20190303:0810,23510.0,69.85,19.67,6.62,3.52,0.0
20190303:0910,37200.0,102.02,26.57,7.75,4.69,0.0
20190303:1010,29930.0,85.48,31.42,8.71,6.0,0.0
20190303:1110,74350.0,186.85,33.63,9.42,6.0,0.0
20190303:1210,83830.0,208.56,32.84,9.83,5.17,0.0
20190303:1310,41520.0,113.05,29.19,10.11,4.14,0.0
20190303:1410,61830.0,159.45,23.19,10.82,5.03,0.0
20190303:1510,38015.0,105.37,15.47,10.97,4.21,0.0
20190303:1610,7205.0,29.97,6.63,10.57,3.17,0.0
20190303:1710,0.0,0.0,0.0,9.57,2.69,0.0
20190303:1810,0.0,0.0,0.0,8.25,2.34,0.0
20190303:1910,0.0,0.0,0.0,7.92,2.41,0.0
20190303:2010,0.0,0.0,0.0,7.1,2.41,0.0
20190303:2110,0.0,0.0,0.0,6.65,2.41,0.0
20190303:2210,0.0,0.0,0.0,6.59,2.55,0.0
20190303:2310,0.0,0.0,0.0,6.36,2.9,0.0
20190304:0010,0.0,0.0,0.0,6.29,2.97,0.0
20190304:0110,0.0,0.0,0.0,6.29,2.76,0.0
20190304:0210,0.0,0.0,0.0,6.28,2.9,0.0
20190304:0310,0.0,0.0,0.0,5.91,3.03,0.0
20190304:0410,0.0,0.0,0.0,5.68,2.9,0.0
20190304:0510,0.0,0.0,0.0,5.53,2.97,0.0
20190304:0610,0.0,0.0,0.0,5.19,2.9,0.0
20190304:0710,102760.0,251.97,11.69,6.39,2.83,0.0
20190304:0810,190645.0,449.78,20.02,8.15,2.48,0.0
20190304:0910,54310.0,142.68,26.94,10.17,2.69,0.0
20190304:1010,120390.0,294.33,31.81,12.17,3.31,0.0
20190304:1110,36775.0,102.94,34.01,12.46,5.45,0.0
20190304:1210,12965.0,45.04,33.21,11.72,6.62,0.0
20190304:1310,33230.0,93.75,29.53,10.4,6.83,0.0
20190304:1410,22835.0,68.93,23.5,9.51,6.55,0.0
20190304:1510,12410.0,43.2,15.76,9.24,6.0,0.0
20190304:1610,155.0,6.43,6.9,8.92,6.9,0.0
20190304:1710,0.0,0.0,0.0,8.29,6.69,0.0
20190304:1810,0.0,0.0,0.0,7.31,7.38,0.0
20190304:1910,0.0,0.0,0.0,5.31,7.03,0.0
20190304:2010,0.0,0.0,0.0,4.57,5.66,0.0
20190304:2110,0.0,0.0,0.0,4.08,5.24,0.0
20190304:2210,0.0,0.0,0.0,3.71,4.83,0.0
20190304:2310,0.0,0.0,0.0,3.44,4.55,0.0
20190305:0010,0.0,0.0,0.0,3.3,4.21,0.0
20190305:0110,0.0,0.0,0.0,2.65,4.34,0.0
20190305:0210,0.0,0.0,0.0,2.78,5.03,0.0
20190305:0310,0.0,0.0,0.0,2.83,5.03,0.0
20190305:0410,0.0,0.0,0.0,2.78,4.9,0.0
20190305:0510,0.0,0.0,0.0,2.74,4.9,0.0
20190305:0610,0.0,1.72,2.8,2.91,5.24,0.0
20190305:0710,89975.0,218.29,12.03,2.99,4.9,0.0
20190305:0810,55755.0,141.38,20.38,3.68,4.97,0.0
20190305:0910,132945.0,309.81,27.32,4.61,5.66,0.0
20190305:1010,147105.0,342.28,32.2,5.58,6.41,0.0
20190305:1110,219370.0,505.23,34.4,6.42,6.07,0.0
20190305:1210,96340.0,233.78,33.58,7.17,5.52,0.0
20190305:1310,36440.0,100.19,29.88,7.67,5.59,0.0
20190305:1410,57415.0,147.5,23.82,7.62,5.66,0.0
20190305:1510,29195.0,82.86,16.05,5.87,5.31,0.0
20190305:1610,5070.0,22.98,7.17,4.19,4.48,0.0
20190305:1710,0.0,0.0,0.0,3.17,3.52,0.0
20190305:1810,0.0,0.0,0.0,3.1,3.52,0.0
20190305:1910,0.0,0.0,0.0,3.6,3.38,0.0
20190305:2010,0.0,0.0,0.0,3.48,2.97,0.0
20190305:2110,0.0,0.0,0.0,3.48,2.62,0.0
20190305:2210,0.0,0.0,0.0,3.54,2.21,0.0
20190305:2310,0.0,0.0,0.0,3.48,1.86,0.0
20190306:0010,0.0,0.0,0.0,3.3,1.59,0.0
20190306:0110,0.0,0.0,0.0,3.08,1.52,0.0
20190306:0210,0.0,0.0,0.0,3.28,1.38,0.0
20190306:0310,0.0,0.0,0.0,3.02,1.66,0.0
20190306:0410,0.0,0.0,0.0,3.03,1.93,0.0
20190306:0510,0.0,0.0,0.0,2.95,2.0,0.0
20190306:0610,0.0,1.72,3.13,2.91,2.28,0.0
20190306:0710,12370.0,42.28,12.37,3.85,2.62,0.0
20190306:0810,42815.0,113.64,20.74,4.95,3.17,0.0
20190306:0910,133355.0,314.73,27.69,6.59,4.0,0.0
20190306:1010,368680.0,878.81,32.59,8.21,3.79,0.0
20190306:1110,374800.0,904.32,34.79,9.81,3.66,0.0
20190306:1210,258425.0,615.61,33.96,11.12,3.66,0.0
20190306:1310,151705.0,365.02,30.23,11.94,3.66,0.0
20190306:1410,181275.0,434.36,24.13,12.48,3.59,0.0
20190306:1510,64895.0,168.76,16.34,12.63,3.31,0.0
20190306:1610,31740.0,98.82,7.44,11.83,2.62,0.0
20190306:1710,0.0,0.0,0.0,10.08,2.62,0.0
20190306:1810,0.0,0.0,0.0,8.8,2.83,0.0
20190306:1910,0.0,0.0,0.0,7.61,2.48,0.0
20190306:2010,0.0,0.0,0.0,7.08,2.55,0.0
20190306:2110,0.0,0.0,0.0,6.57,2.55,0.0
20190306:2210,0.0,0.0,0.0,6.08,2.48,0.0
20190306:2310,0.0,0.0,0.0,5.89,2.48,0.0
20190307:0010,0.0,0.0,0.0,5.81,2.62,0.0
20190307:0110,0.0,0.0,0.0,5.88,2.76,0.0
20190307:0210,0.0,0.0,0.0,5.62,2.83,0.0
20190307:0310,0.0,0.0,0.0,5.26,2.76,0.0
20190307:0410,0.0,0.0,0.0,4.93,2.83,0.0
20190307:0510,0.0,0.0,0.0,4.73,2.9,0.0
20190307:0610,455.0,7.76,3.47,4.48,2.62,0.0
20190307:0710,42365.0,113.72,12.72,6.23,2.76,0.0
20190307:0810,144365.0,342.81,21.1,8.05,2.62,0.0
20190307:0910,171680.0,407.39,28.07,9.53,2.97,0.0
20190307:1010,29245.0,84.56,32.98,10.47,4.14,0.0
20190307:1110,38345.0,105.7,35.18,10.03,3.86,0.0
20190307:1210,27815.0,80.88,34.33,9.5,3.86,0.0
20190307:1310,95510.0,234.97,30.57,9.83,4.0,0.0
20190307:1410,70830.0,179.32,24.45,10.03,4.55,0.0
20190307:1510,62600.0,160.74,16.63,9.29,4.97,0.0
20190307:1610,2840.0,16.54,7.71,8.5,3.79,0.0
20190307:1710,0.0,0.0,0.0,8.03,3.24,0.0
20190307:1810,0.0,0.0,0.0,7.06,3.03,0.0
20190307:1910,0.0,0.0,0.0,6.18,2.69,0.0
20190307:2010,0.0,0.0,0.0,5.47,2.76,0.0
20190307:2110,0.0,0.0,0.0,5.03,2.97,0.0
20190307:2210,0.0,0.0,0.0,4.78,3.17,0.0
20190307:2310,0.0,0.0,0.0,4.61,3.24,0.0
20190308:0010,0.0,0.0,0.0,4.44,3.24,0.0
20190308:0110,0.0,0.0,0.0,4.41,3.38,0.0
20190308:0210,0.0,0.0,0.0,4.38,3.59,0.0
20190308:0310,0.0,0.0,0.0,4.44,3.72,0.0
20190308:0410,0.0,0.0,0.0,4.47,3.93,0.0
20190308:0510,0.0,0.0,0.0,4.29,4.07,0.0
20190308:0610,265.0,6.89,3.81,4.27,4.21,0.0
20190308:0710,143955.0,343.49,13.07,5.61,4.34,0.0
20190308:0810,57755.0,147.2,21.46,6.12,5.59,0.0
20190308:0910,199435.0,459.7,28.45,6.94,6.48,0.0
20190308:1010,180440.0,419.52,33.37,7.84,6.83,0.0
20190308:1110,31575.0,89.16,35.57,8.36,6.76,0.0
20190308:1210,26785.0,78.13,34.71,8.81,6.07,0.0
20190308:1310,206720.0,482.35,30.92,9.09,5.79,0.0
20190308:1410,8565.0,33.09,24.76,8.86,5.79,0.0
20190308:1510,11785.0,41.36,16.91,7.72,5.31,0.0
20190308:1610,22180.0,69.67,7.98,6.57,3.86,0.0
20190308:1710,0.0,0.0,0.0,5.87,3.17,0.0
20190308:1810,0.0,0.0,0.0,5.17,2.97,0.0
20190308:1910,0.0,0.0,0.0,4.19,2.76,0.0
20190308:2010,0.0,0.0,0.0,3.96,2.62,0.0
20190308:2110,0.0,0.0,0.0,3.64,2.34,0.0
20190308:2210,0.0,0.0,0.0,3.6,2.34,0.0
20190308:2310,0.0,0.0,0.0,3.47,2.62,0.0
20190309:0010,0.0,0.0,0.0,3.48,2.83,0.0
20190309:0110,0.0,0.0,0.0,3.24,2.97,0.0
20190309:0210,0.0,0.0,0.0,3.11,3.17,0.0
20190309:0310,0.0,0.0,0.0,3.35,3.45,0.0
20190309:0410,0.0,0.0,0.0,3.83,3.86,0.0
20190309:0510,0.0,0.0,0.0,4.01,4.14,0.0
20190309:0610,0.0,2.76,4.15,4.44,4.41,0.0
20190309:0710,18305.0,56.99,13.42,5.01,5.38,0.0
20190309:0810,63825.0,159.81,21.83,5.07,6.0,0.0
20190309:0910,108035.0,256.98,28.83,5.58,5.93,0.0
20190309:1010,37090.0,101.1,33.76,6.39,6.34,0.0
20190309:1110,199975.0,462.17,35.97,7.21,7.03,0.0
20190309:1210,51860.0,135.11,35.09,7.69,6.76,0.0
20190309:1310,34820.0,96.51,31.27,7.98,6.97,0.0
20190309:1410,27220.0,79.05,25.08,8.43,5.72,0.0
20190309:1510,22985.0,68.93,17.2,8.1,5.79,0.0
20190309:1610,14910.0,50.1,8.24,7.7,5.86,0.0
20190309:1710,0.0,0.0,0.0,6.9,6.07,0.0
20190309:1810,0.0,0.0,0.0,6.74,6.97,0.0
20190309:1910,0.0,0.0,0.0,7.5,7.79,0.0
20190309:2010,0.0,0.0,0.0,7.24,8.55,0.0
20190309:2110,0.0,0.0,0.0,6.88,8.14,0.0
20190309:2210,0.0,0.0,0.0,6.36,6.21,0.0
20190309:2310,0.0,0.0,0.0,6.08,5.38,0.0
20190310:0010,0.0,0.0,0.0,6.13,4.76,0.0
20190310:0110,0.0,0.0,0.0,6.39,5.59,0.0
20190310:0210,0.0,0.0,0.0,6.49,5.17,0.0
20190310:0310,0.0,0.0,0.0,6.42,4.28,0.0
20190310:0410,0.0,0.0,0.0,6.19,3.59,0.0
20190310:0510,0.0,0.0,0.0,5.6,2.55,0.0
20190310:0610,0.0,4.6,4.49,5.23,2.28,0.0
20190310:0710,6960.0,28.49,13.77,6.55,3.52,0.0
20190310:0810,25080.0,73.53,22.2,6.48,3.38,0.0
20190310:0910,37760.0,102.94,29.22,6.58,3.38,0.0
20190310:1010,69695.0,175.6,34.16,8.12,5.38,0.0
20190310:1110,69055.0,174.63,36.36,9.1,7.03,0.0
20190310:1210,71540.0,180.14,35.46,9.12,7.24,0.0
20190310:1310,82315.0,204.17,31.62,9.44,7.52,0.0
20190310:1410,69360.0,174.81,25.39,9.27,8.41,0.0
20190310:1510,178250.0,424.78,17.49,10.27,7.93,0.0
20190310:1610,52885.0,155.09,8.51,10.03,8.76,0.0
20190310:1710,0.0,0.0,0.0,9.03,8.55,0.0
20190310:1810,0.0,0.0,0.0,8.15,8.41,0.0
20190310:1910,0.0,0.0,0.0,8.12,8.62,0.0
20190310:2010,0.0,0.0,0.0,6.98,8.55,0.0
20190310:2110,0.0,0.0,0.0,5.65,8.48,0.0
20190310:2210,0.0,0.0,0.0,4.53,7.79,0.0
20190310:2310,0.0,0.0,0.0,3.68,7.17,0.0
20190311:0010,0.0,0.0,0.0,3.04,6.34,0.0
20190311:0110,0.0,0.0,0.0,2.44,5.66,0.0
20190311:0210,0.0,0.0,0.0,1.92,5.03,0.0
20190311:0310,0.0,0.0,0.0,1.81,4.69,0.0
20190311:0410,0.0,0.0,0.0,1.87,4.28,0.0
20190311:0510,0.0,0.0,0.0,1.82,4.0,0.0
20190311:0610,820.0,9.19,4.83,1.31,4.48,0.0
20190311:0710,7495.0,29.41,14.12,1.6,4.83,0.0
20190311:0810,34515.0,93.75,22.56,2.27,4.83,0.0
20190311:0910,84225.0,203.22,29.6,2.83,5.1,0.0
20190311:1010,385115.0,881.76,34.55,2.66,5.79,0.0
20190311:1110,15800.0,50.55,36.76,3.08,5.31,0.0
20190311:1210,60645.0,152.58,35.84,3.82,5.38,0.0
20190311:1310,275150.0,627.58,31.96,3.97,5.38,0.0
20190311:1410,47815.0,124.08,25.71,3.71,5.38,0.0
20190311:1510,148190.0,345.86,17.77,2.87,4.9,0.0
20190311:1610,26875.0,79.99,8.78,2.53,4.76,0.0
20190311:1710,0.0,0.0,0.0,1.86,4.69,0.0
20190311:1810,0.0,0.0,0.0,1.36,4.14,0.0
20190311:1910,0.0,0.0,0.0,1.14,4.97,0.0
20190311:2010,0.0,0.0,0.0,0.91,5.17,0.0
20190311:2110,0.0,0.0,0.0,0.78,5.31,0.0
20190311:2210,0.0,0.0,0.0,0.43,5.52,0.0
20190311:2310,0.0,0.0,0.0,0.56,5.66,0.0
20190312:0010,0.0,0.0,0.0,0.47,5.31,0.0
20190312:0110,0.0,0.0,0.0,0.42,4.69,0.0
20190312:0210,0.0,0.0,0.0,0.63,4.34,0.0
20190312:0310,0.0,0.0,0.0,0.74,3.86,0.0
20190312:0410,0.0,0.0,0.0,0.72,3.31,0.0
20190312:0510,0.0,0.0,0.0,0.73,2.97,0.0
20190312:0610,2110.0,13.79,5.18,0.73,2.83,0.0
20190312:0710,60695.0,151.57,14.48,1.03,3.93,0.0
20190312:0810,255790.0,581.43,22.93,1.96,3.93,0.0
20190312:0910,280620.0,642.28,29.99,3.18,4.0,0.0
20190312:1010,185390.0,428.95,34.95,4.62,3.86,0.0
20190312:1110,227355.0,527.37,37.15,5.69,3.86,0.0
20190312:1210,173285.0,405.14,36.22,6.37,3.93,0.0
20190312:1310,28160.0,80.88,32.31,7.02,3.93,0.0
20190312:1410,291925.0,684.0,26.02,7.52,3.79,0.0
20190312:1510,188060.0,447.56,18.06,7.33,3.72,0.0
20190312:1610,57420.0,165.05,9.04,6.96,3.31,0.0
20190312:1710,0.0,0.0,0.0,5.8,3.03,0.0
20190312:1810,0.0,0.0,0.0,4.91,3.24,0.0
20190312:1910,0.0,0.0,0.0,4.43,3.45,0.0
20190312:2010,0.0,0.0,0.0,3.85,3.72,0.0
20190312:2110,0.0,0.0,0.0,3.37,3.93,0.0
20190312:2210,0.0,0.0,0.0,3.2,3.86,0.0
20190312:2310,0.0,0.0,0.0,3.22,3.66,0.0
20190313:0010,0.0,0.0,0.0,3.62,3.59,0.0
20190313:0110,0.0,0.0,0.0,4.23,3.79,0.0
20190313:0210,0.0,0.0,0.0,4.57,4.34,0.0
20190313:0310,0.0,0.0,0.0,4.75,4.97,0.0
20190313:0410,0.0,0.0,0.0,4.38,5.52,0.0
20190313:0510,0.0,0.0,0.0,3.42,4.9,0.0
20190313:0610,2940.0,16.54,5.53,2.78,4.62,0.0
20190313:0710,83835.0,203.65,14.83,2.53,3.93,0.0
20190313:0810,185335.0,422.6,23.31,3.12,5.24,0.0
20190313:0910,326380.0,743.25,30.38,4.1,6.34,0.0
20190313:1010,68720.0,170.96,35.35,4.8,6.0,0.0
20190313:1110,170820.0,395.7,37.55,5.74,6.34,0.0
20190313:1210,17040.0,54.23,36.59,6.5,6.34,0.0
20190313:1310,96215.0,233.3,32.65,7.09,5.72,0.0
20190313:1410,143830.0,338.15,26.33,7.33,5.45,0.0
20190313:1510,192750.0,452.93,18.34,6.58,6.07,0.0
20190313:1610,45735.0,130.85,9.31,6.0,4.48,0.0
20190313:1710,0.0,0.0,0.0,5.28,4.28,0.0
20190313:1810,0.0,0.0,0.0,3.98,4.34,0.0
20190313:1910,0.0,0.0,0.0,3.3,4.34,0.0
20190313:2010,0.0,0.0,0.0,2.86,4.55,0.0
20190313:2110,0.0,0.0,0.0,2.54,4.69,0.0
20190313:2210,0.0,0.0,0.0,2.28,4.62,0.0
20190313:2310,0.0,0.0,0.0,1.73,4.48,0.0
20190314:0010,0.0,0.0,0.0,1.74,4.48,0.0
20190314:0110,0.0,0.0,0.0,1.9,4.34,0.0
20190314:0210,0.0,0.0,0.0,2.12,4.28,0.0
20190314:0310,0.0,0.0,0.0,2.11,4.21,0.0
20190314:0410,0.0,0.0,0.0,2.13,4.0,0.0
20190314:0510,0.0,0.0,0.0,1.81,3.66,0.0
20190314:0610,2100.0,13.79,5.87,1.54,3.52,0.0
20190314:0710,16955.0,53.31,15.19,2.78,3.72,0.0
20190314:0810,94875.0,227.39,23.68,3.76,3.24,0.0
20190314:0910,89495.0,216.79,30.76,4.67,3.79,0.0
20190314:1010,68085.0,170.04,35.75,5.05,4.48,0.0
20190314:1110,68775.0,171.88,37.95,5.61,4.9,0.0
20190314:1210,67030.0,167.28,36.97,4.81,5.72,0.0
20190314:1310,0.0,0.0,0.0,4.02,6.0,0.0
20190314:1410,85075.0,205.28,26.64,3.5,5.72,0.0
20190314:1510,5105.0,22.98,18.63,2.99,5.79,0.0
20190314:1610,19485.0,60.21,9.57,2.38,5.45,0.0
20190314:1710,0.0,0.0,0.0,2.03,5.1,0.0
20190314:1810,0.0,0.0,0.0,2.5,6.0,0.0
20190314:1910,0.0,0.0,0.0,2.84,6.0,0.0
20190314:2010,0.0,0.0,0.0,2.98,5.86,0.0
20190314:2110,0.0,0.0,0.0,3.15,5.38,0.0
20190314:2210,0.0,0.0,0.0,3.44,5.24,0.0
20190314:2310,0.0,0.0,0.0,3.74,5.52,0.0
20190315:0010,0.0,0.0,0.0,3.65,5.24,0.0
20190315:0110,0.0,0.0,0.0,3.5,4.97,0.0
20190315:0210,0.0,0.0,0.0,3.33,4.69,0.0
20190315:0310,0.0,0.0,0.0,3.15,4.55,0.0
20190315:0410,0.0,0.0,0.0,3.04,4.76,0.0
20190315:0510,0.0,0.0,0.0,3.19,4.9,0.0
20190315:0610,0.0,5.51,6.22,3.01,4.28,0.0
20190315:0710,26675.0,76.46,15.55,3.84,4.0,0.0
20190315:0810,48045.0,125.06,24.05,4.48,4.34,0.0
20190315:0910,44555.0,117.65,31.15,5.44,5.31,0.0
20190315:1010,61475.0,155.33,36.15,5.38,5.86,0.0
20190315:1110,34850.0,95.59,38.34,5.1,4.76,0.0
20190315:1210,42175.0,112.13,37.35,4.92,4.41,0.0
20190315:1310,36755.0,100.19,33.34,5.73,4.69,0.0
20190315:1410,24650.0,72.61,26.95,7.09,5.38,0.0
20190315:1510,15810.0,51.47,18.91,7.76,6.0,0.0
20190315:1610,7925.0,31.25,9.84,7.93,6.28,0.0
20190315:1710,0.0,0.0,0.0,7.96,6.34,0.0
20190315:1810,0.0,0.0,0.0,7.91,6.55,0.0
20190315:1910,0.0,0.0,0.0,8.61,7.79,0.0
20190315:2010,0.0,0.0,0.0,8.48,7.31,0.0
20190315:2110,0.0,0.0,0.0,8.49,7.59,0.0
20190315:2210,0.0,0.0,0.0,8.53,7.79,0.0
20190315:2310,0.0,0.0,0.0,8.49,7.79,0.0
20190316:0010,0.0,0.0,0.0,8.43,7.45,0.0
20190316:0110,0.0,0.0,0.0,8.33,7.45,0.0
20190316:0210,0.0,0.0,0.0,8.27,7.66,0.0
20190316:0310,0.0,0.0,0.0,8.12,7.03,0.0
20190316:0410,0.0,0.0,0.0,8.01,7.03,0.0
20190316:0510,0.0,0.0,0.0,7.92,6.48,0.0
20190316:0610,1495.0,11.95,6.57,7.71,5.72,0.0
20190316:0710,16600.0,53.31,15.91,6.98,3.72,0.0
20190316:0810,20375.0,62.5,24.42,7.07,3.38,0.0
20190316:0910,22260.0,67.1,31.54,7.5,4.0,0.0
20190316:1010,19175.0,59.74,36.55,7.92,5.59,0.0
20190316:1110,36385.0,100.19,38.74,8.02,5.86,0.0
20190316:1210,149570.0,352.51,37.73,7.79,5.66,0.0
20190316:1310,46780.0,124.08,33.69,8.3,5.45,0.0
20190316:1410,68440.0,173.1,27.26,8.83,5.31,0.0
20190316:1510,14935.0,49.63,19.19,9.37,4.41,0.0
20190316:1610,17685.0,57.25,10.1,9.76,4.21,0.0
20190316:1710,0.0,0.0,0.0,9.23,3.45,0.0
20190316:1810,0.0,0.0,0.0,8.38,3.1,0.0
20190316:1910,0.0,0.0,0.0,7.69,2.76,0.0
20190316:2010,0.0,0.0,0.0,7.01,2.69,0.0
20190316:2110,0.0,0.0,0.0,6.45,2.55,0.0
20190316:2210,0.0,0.0,0.0,5.77,2.34,0.0
20190316:2310,0.0,0.0,0.0,5.03,2.28,0.0
20190317:0010,0.0,0.0,0.0,4.49,2.34,0.0
20190317:0110,0.0,0.0,0.0,4.16,2.41,0.0
20190317:0210,0.0,0.0,0.0,3.98,2.55,0.0
20190317:0310,0.0,0.0,0.0,3.83,2.55,0.0
20190317:0410,0.0,0.0,0.0,3.82,2.69,0.0
20190317:0510,0.0,0.0,0.0,3.78,2.83,0.0
20190317:0610,45600.0,134.75,6.92,4.0,2.9,0.0
20190317:0710,73630.0,184.3,16.27,6.74,3.24,0.0
20190317:0810,225950.0,535.85,24.8,9.77,2.9,0.0
20190317:0910,353085.0,854.94,31.93,12.36,3.86,0.0
20190317:1010,409010.0,1003.5,36.95,13.96,4.76,0.0
20190317:1110,379025.0,926.82,39.14,14.8,5.17,0.0
20190317:1210,409400.0,1008.18,38.1,15.1,5.03,0.0
20190317:1310,365745.0,889.63,34.03,15.26,5.31,0.0
20190317:1410,58695.0,155.06,27.57,14.79,5.86,0.0
20190317:1510,126445.0,309.26,19.47,12.0,5.03,0.0
20190317:1610,51725.0,147.99,10.36,9.01,5.38,0.0
20190317:1710,0.0,0.0,0.0,6.45,4.48,0.0
20190317:1810,0.0,0.0,0.0,5.02,3.1,0.0
20190317:1910,0.0,0.0,0.0,4.96,3.03,0.0
20190317:2010,0.0,0.0,0.0,4.16,3.72,0.0
20190317:2110,0.0,0.0,0.0,3.83,3.79,0.0
20190317:2210,0.0,0.0,0.0,3.46,4.21,0.0
20190317:2310,0.0,0.0,0.0,2.89,4.55,0.0
20190318:0010,0.0,0.0,0.0,2.6,4.0,0.0
20190318:0110,0.0,0.0,0.0,2.45,4.0,0.0
20190318:0210,0.0,0.0,0.0,2.07,3.66,0.0
20190318:0310,0.0,0.0,0.0,1.78,3.59,0.0
20190318:0410,0.0,0.0,0.0,1.48,3.45,0.0
20190318:0510,0.0,0.0,0.0,1.17,3.17,0.0
20190318:0610,14940.0,49.48,7.27,1.25,3.38,0.0
20190318:0710,141590.0,331.95,16.63,2.15,3.17,0.0
20190318:0810,77720.0,189.12,25.17,3.06,4.9,0.0
20190318:0910,51855.0,133.27,32.32,3.98,4.83,0.0
20190318:1010,35730.0,97.43,37.36,4.74,5.03,0.0
20190318:1110,442765.0,1047.54,39.54,5.58,4.97,0.0
20190318:1210,39105.0,105.7,38.48,6.14,4.69,0.0
20190318:1310,24690.0,72.61,34.37,6.66,4.55,0.0
20190318:1410,243195.0,564.62,27.88,6.71,4.28,0.0
20190318:1510,171980.0,406.68,19.75,6.2,4.0,0.0
20190318:1610,67285.0,189.12,10.62,5.52,3.24,0.0
20190318:1710,0.0,0.0,0.0,4.78,2.48,0.0
20190318:1810,0.0,0.0,0.0,3.54,2.34,0.0
20190318:1910,0.0,0.0,0.0,2.45,2.21,0.0
20190318:2010,0.0,0.0,0.0,1.81,2.21,0.0
20190318:2110,0.0,0.0,0.0,1.38,2.21,0.0
20190318:2210,0.0,0.0,0.0,0.94,2.14,0.0
20190318:2310,0.0,0.0,0.0,0.49,2.07,0.0
20190319:0010,0.0,0.0,0.0,0.11,1.93,0.0
20190319:0110,0.0,0.0,0.0,-0.33,1.86,0.0
20190319:0210,0.0,0.0,0.0,-0.72,1.72,0.0
20190319:0310,0.0,0.0,0.0,-1.26,1.66,0.0
20190319:0410,0.0,0.0,0.0,-1.97,1.66,0.0
20190319:0510,0.0,0.0,0.0,-2.61,1.66,0.0
20190319:0610,33320.0,96.43,7.63,-2.79,1.45,0.0
20190319:0710,146890.0,343.97,16.99,0.44,1.45,0.0
20190319:0810,290790.0,680.25,25.55,2.58,1.52,0.0
20190319:0910,328640.0,773.71,32.72,4.19,2.34,0.0
20190319:1010,322390.0,762.39,37.76,5.21,2.48,0.0
20190319:1110,262540.0,617.15,39.94,6.03,2.62,0.0
20190319:1210,401420.0,973.44,38.85,6.9,2.69,0.0
20190319:1310,120940.0,290.13,34.71,7.02,2.76,0.0
20190319:1410,161100.0,379.98,28.19,7.1,2.9,0.0
20190319:1510,153220.0,365.74,20.03,6.59,2.76,0.0
20190319:1610,47870.0,134.79,10.88,6.27,2.55,0.0
20190319:1710,0.0,0.0,0.0,5.57,1.93,0.0
20190319:1810,0.0,0.0,0.0,4.39,1.66,0.0
20190319:1910,0.0,0.0,0.0,2.69,1.66,0.0
20190319:2010,0.0,0.0,0.0,1.34,1.59,0.0
20190319:2110,0.0,0.0,0.0,0.14,1.52,0.0
20190319:2210,0.0,0.0,0.0,-0.67,1.31,0.0
20190319:2310,0.0,0.0,0.0,-0.29,0.97,0.0
20190320:0010,0.0,0.0,0.0,0.3,0.62,0.0
20190320:0110,0.0,0.0,0.0,0.03,0.55,0.0
20190320:0210,0.0,0.0,0.0,-0.18,0.55,0.0
20190320:0310,0.0,0.0,0.0,-0.39,0.55,0.0
20190320:0410,0.0,0.0,0.0,-0.53,0.41,0.0
20190320:0510,0.0,0.0,0.0,-0.62,0.48,0.0
20190320:0610,56825.0,160.07,7.98,-0.74,0.55,0.0
20190320:0710,189385.0,446.93,17.35,0.58,0.41,0.0
20190320:0810,286560.0,683.62,25.92,3.5,0.48,0.0
20190320:0910,361540.0,895.33,33.11,5.44,0.41,0.0
20190320:1010,403965.0,1031.66,38.16,6.36,0.28,0.0
20190320:1110,419085.0,1078.88,40.34,7.06,0.41,0.0
20190320:1210,404950.0,1038.26,39.23,7.7,0.41,0.0
20190320:1310,364030.0,918.33,35.06,8.19,0.34,0.0
20190320:1410,292565.0,721.57,28.49,8.44,0.21,0.0
20190320:1510,192855.0,473.86,20.3,8.4,0.21,0.0
20190320:1610,67890.0,193.66,11.14,8.08,0.48,0.0
20190320:1710,0.0,0.0,0.0,7.32,0.97,0.0
20190320:1810,0.0,0.0,0.0,5.19,1.17,0.0
20190320:1910,0.0,0.0,0.0,4.27,1.17,0.0
20190320:2010,0.0,0.0,0.0,3.17,1.17,0.0
20190320:2110,0.0,0.0,0.0,3.89,0.76,0.0
20190320:2210,0.0,0.0,0.0,3.2,0.76,0.0
20190320:2310,0.0,0.0,0.0,1.38,1.03,0.0
20190321:0010,0.0,0.0,0.0,-0.07,1.24,0.0
20190321:0110,0.0,0.0,0.0,-0.69,1.31,0.0
20190321:0210,0.0,0.0,0.0,-1.16,1.38,0.0
20190321:0310,0.0,0.0,0.0,-1.05,1.17,0.0
20190321:0410,0.0,0.0,0.0,-0.78,0.97,0.0
20190321:0510,0.0,0.0,0.0,-1.33,1.17,0.0
20190321:0610,57340.0,159.87,8.33,-1.44,1.31,0.0
20190321:0710,187365.0,443.21,17.71,1.41,0.48,0.0
20190321:0810,283170.0,676.33,26.3,4.67,0.69,0.0
20190321:0910,360330.0,884.89,33.5,7.04,1.1,0.0
20190321:1010,408580.0,1025.08,38.56,8.72,1.45,0.0
20190321:1110,414640.0,1045.48,40.73,10.03,1.72,0.0
20190321:1210,407160.0,1025.03,39.6,11.0,1.86,0.0
20190321:1310,356195.0,883.96,35.39,11.77,1.86,0.0
20190321:1410,282895.0,689.08,28.79,12.25,2.07,0.0
20190321:1510,185160.0,454.87,20.58,12.34,2.14,0.0
20190321:1610,66735.0,192.97,11.4,11.72,1.72,0.0
20190321:1710,0.0,0.0,0.0,9.99,2.07,0.0
20190321:1810,0.0,0.0,0.0,7.96,2.28,0.0
20190321:1910,0.0,0.0,0.0,7.57,2.21,0.0
20190321:2010,0.0,0.0,0.0,6.41,2.21,0.0
20190321:2110,0.0,0.0,0.0,5.47,2.14,0.0
20190321:2210,0.0,0.0,0.0,4.8,2.14,0.0
20190321:2310,0.0,0.0,0.0,3.99,2.14,0.0
20190322:0010,0.0,0.0,0.0,3.39,2.14,0.0
20190322:0110,0.0,0.0,0.0,2.9,2.21,0.0
20190322:0210,0.0,0.0,0.0,2.58,2.28,0.0
20190322:0310,0.0,0.0,0.0,2.43,2.34,0.0
20190322:0410,0.0,0.0,0.0,2.37,2.34,0.0
20190322:0510,0.0,0.0,0.0,2.36,2.34,0.0
20190322:0610,60955.0,172.19,8.69,3.24,2.28,0.0
20190322:0710,180530.0,429.2,18.07,4.99,1.72,0.0
20190322:0810,220790.0,525.13,26.68,8.78,1.93,0.0
20190322:0910,305295.0,743.02,33.89,11.42,2.21,0.0
20190322:1010,329035.0,814.62,38.96,13.38,2.28,0.0
20190322:1110,360925.0,907.96,41.13,14.79,2.34,0.0
20190322:1210,394660.0,1004.63,39.98,15.82,2.48,0.0
20190322:1310,349230.0,877.23,35.73,16.42,2.55,0.0
20190322:1410,279890.0,692.56,29.1,16.58,2.55,0.0
20190322:1510,180335.0,450.71,20.85,16.35,2.41,0.0
20190322:1610,65730.0,193.4,11.66,15.55,1.79,0.0
20190322:1710,0.0,0.0,0.0,13.79,1.93,0.0
20190322:1810,0.0,0.0,0.0,11.63,2.21,0.0
20190322:1910,0.0,0.0,0.0,10.63,2.14,0.0
20190322:2010,0.0,0.0,0.0,9.51,2.14,0.0
20190322:2110,0.0,0.0,0.0,8.56,2.07,0.0
20190322:2210,0.0,0.0,0.0,7.85,2.0,0.0
20190322:2310,0.0,0.0,0.0,7.19,1.86,0.0
20190323:0010,0.0,0.0,0.0,6.07,1.86,0.0
20190323:0110,0.0,0.0,0.0,5.08,1.86,0.0
20190323:0210,0.0,0.0,0.0,2.87,1.79,0.0
20190323:0310,0.0,0.0,0.0,2.11,1.72,0.0
20190323:0410,0.0,0.0,0.0,1.78,1.66,0.0
20190323:0510,0.0,0.0,0.0,1.31,1.66,0.0
20190323:0610,60640.0,168.67,9.04,1.42,1.45,0.0
20190323:0710,190395.0,456.01,18.44,4.95,0.83,0.0
20190323:0810,277140.0,672.69,27.05,8.52,0.83,0.0
20190323:0910,347985.0,871.93,34.28,11.11,1.03,0.0
20190323:1010,390480.0,1003.52,39.37,13.2,1.24,0.0
20190323:1110,401685.0,1040.24,41.53,14.7,1.52,0.0
20190323:1210,401360.0,1038.24,40.35,15.63,1.72,0.0
20190323:1310,350875.0,891.35,36.07,16.14,1.79,0.0
20190323:1410,278965.0,695.53,29.4,16.28,1.79,0.0
20190323:1510,182350.0,457.14,21.13,16.06,1.79,0.0
20190323:1610,66390.0,194.69,11.91,15.39,1.59,0.0
20190323:1710,0.0,0.0,0.0,13.69,1.93,0.0
20190323:1810,0.0,0.0,0.0,11.53,2.21,0.0
20190323:1910,0.0,0.0,0.0,10.77,2.14,0.0
20190323:2010,0.0,0.0,0.0,9.55,2.14,0.0
20190323:2110,0.0,0.0,0.0,8.73,2.21,0.0
20190323:2210,0.0,0.0,0.0,8.08,2.55,0.0
20190323:2310,0.0,0.0,0.0,7.42,2.55,0.0
20190324:0010,0.0,0.0,0.0,6.86,2.41,0.0
20190324:0110,0.0,0.0,0.0,6.3,2.41,0.0
20190324:0210,0.0,0.0,0.0,5.97,2.41,0.0
20190324:0310,0.0,0.0,0.0,5.89,2.48,0.0
20190324:0410,0.0,0.0,0.0,6.11,2.48,0.0
20190324:0510,0.0,0.0,0.0,6.15,2.48,0.0
20190324:0610,45110.0,128.88,9.39,6.4,2.41,0.0
20190324:0710,167035.0,398.98,18.8,6.72,2.14,0.0
20190324:0810,251125.0,597.09,27.43,8.52,2.14,0.0
20190324:0910,333910.0,820.78,34.67,10.26,1.59,0.0
20190324:1010,376510.0,961.96,39.77,11.92,0.97,0.0
20190324:1110,384120.0,997.13,41.93,13.31,0.83,0.0
20190324:1210,290130.0,724.18,40.72,14.0,1.31,0.0
20190324:1310,323515.0,808.3,36.41,14.4,1.79,0.0
20190324:1410,157165.0,384.89,29.7,14.66,2.55,0.0
20190324:1510,113495.0,283.69,21.4,14.42,3.1,0.0
20190324:1610,9020.0,34.93,12.17,13.45,2.69,0.0
20190324:1710,0.0,0.0,0.0,12.22,2.83,0.0
20190324:1810,0.0,0.0,0.0,10.8,2.48,0.0
20190324:1910,0.0,0.0,0.0,8.95,1.59,0.0
20190324:2010,0.0,0.0,0.0,8.01,1.59,0.0
20190324:2110,0.0,0.0,0.0,7.66,1.79,0.0
20190324:2210,0.0,0.0,0.0,7.32,2.07,0.0
20190324:2310,0.0,0.0,0.0,6.98,2.34,0.0
20190325:0010,0.0,0.0,0.0,6.59,2.62,0.0
20190325:0110,0.0,0.0,0.0,5.76,2.34,0.0
20190325:0210,0.0,0.0,0.0,5.07,2.21,0.0
20190325:0310,0.0,0.0,0.0,4.53,2.28,0.0
20190325:0410,0.0,0.0,0.0,4.11,2.76,0.0
20190325:0510,0.0,0.0,0.0,3.46,3.1,0.0
20190325:0610,46010.0,128.19,9.74,2.95,3.24,0.0
20190325:0710,190395.0,443.62,19.16,3.57,3.79,0.0
20190325:0810,142180.0,331.54,27.8,4.6,4.41,0.0
20190325:0910,92740.0,224.41,35.06,5.68,5.93,0.0
20190325:1010,21665.0,65.26,40.17,6.04,5.59,0.0
20190325:1110,237560.0,547.74,42.32,5.33,5.17,0.0
20190325:1210,23615.0,69.85,41.1,5.86,4.62,0.0
20190325:1310,376695.0,885.82,36.74,7.0,4.76,0.0
20190325:1410,210465.0,487.8,30.0,6.65,4.97,0.0
20190325:1510,10180.0,36.77,21.67,4.45,5.45,0.0
20190325:1610,4755.0,22.06,12.42,4.06,4.41,0.0
20190325:1710,765.0,9.07,2.74,3.7,4.34,0.0
20190325:1810,0.0,0.0,0.0,2.85,4.21,0.0
20190325:1910,0.0,0.0,0.0,2.11,3.59,0.0
20190325:2010,0.0,0.0,0.0,1.58,3.1,0.0
20190325:2110,0.0,0.0,0.0,1.23,2.83,0.0
20190325:2210,0.0,0.0,0.0,1.43,2.76,0.0
20190325:2310,0.0,0.0,0.0,1.72,2.55,0.0
20190326:0010,0.0,0.0,0.0,1.79,2.34,0.0
20190326:0110,0.0,0.0,0.0,1.79,2.34,0.0
20190326:0210,0.0,0.0,0.0,1.83,2.34,0.0
20190326:0310,0.0,0.0,0.0,1.86,2.28,0.0
20190326:0410,0.0,0.0,0.0,1.78,2.14,0.0
20190326:0510,0.0,0.0,0.0,1.69,2.14,0.0
20190326:0610,16755.0,53.08,10.1,1.68,2.34,0.0
20190326:0710,160125.0,373.24,19.52,2.03,2.69,0.0
20190326:0810,145930.0,339.4,28.17,2.96,2.76,0.0
20190326:0910,350725.0,824.43,35.45,4.32,2.97,0.0
20190326:1010,85555.0,209.39,40.57,5.32,3.45,0.0
20190326:1110,48460.0,126.84,42.72,5.91,3.93,0.0
20190326:1210,145580.0,343.73,41.47,6.45,4.14,0.0
20190326:1310,97330.0,236.59,37.07,6.97,4.34,0.0
20190326:1410,106295.0,255.99,30.29,7.09,4.62,0.0
20190326:1510,97070.0,236.12,21.94,6.81,4.76,0.0
20190326:1610,45430.0,125.71,12.67,6.32,4.41,0.0
20190326:1710,0.0,3.68,2.99,5.65,3.66,0.0
20190326:1810,0.0,0.0,0.0,4.98,3.1,0.0
20190326:1910,0.0,0.0,0.0,3.53,2.69,0.0
20190326:2010,0.0,0.0,0.0,2.95,2.76,0.0
20190326:2110,0.0,0.0,0.0,2.98,2.9,0.0
20190326:2210,0.0,0.0,0.0,2.87,2.83,0.0
20190326:2310,0.0,0.0,0.0,2.75,2.62,0.0
20190327:0010,0.0,0.0,0.0,2.55,2.48,0.0
20190327:0110,0.0,0.0,0.0,2.44,2.28,0.0
20190327:0210,0.0,0.0,0.0,2.57,2.14,0.0
20190327:0310,0.0,0.0,0.0,2.72,2.07,0.0
20190327:0410,0.0,0.0,0.0,2.76,1.93,0.0
20190327:0510,0.0,0.0,0.0,2.81,1.93,0.0
20190327:0610,26335.0,77.17,10.45,2.92,1.93,0.0
20190327:0710,83665.0,203.77,19.88,3.68,3.24,0.0
20190327:0810,135830.0,319.39,28.55,4.48,2.62,0.0
20190327:0910,122625.0,292.23,35.84,5.2,2.21,0.0
20190327:1010,75090.0,187.5,40.97,6.34,2.07,0.0
20190327:1110,140300.0,336.3,43.11,7.36,1.93,0.0
20190327:1210,85500.0,212.1,41.84,7.62,2.07,0.0
20190327:1310,161755.0,385.44,37.41,8.15,2.28,0.0
20190327:1410,103520.0,253.01,30.59,8.61,2.34,0.0
20190327:1510,74615.0,187.94,22.21,8.37,2.41,0.0
20190327:1610,51195.0,142.37,12.93,8.09,2.14,0.0
20190327:1710,350.0,7.35,3.24,7.52,1.52,0.0
20190327:1810,0.0,0.0,0.0,6.81,1.38,0.0
20190327:1910,0.0,0.0,0.0,5.85,1.24,0.0
20190327:2010,0.0,0.0,0.0,4.9,1.45,0.0
20190327:2110,0.0,0.0,0.0,3.9,1.45,0.0
20190327:2210,0.0,0.0,0.0,3.06,1.38,0.0
20190327:2310,0.0,0.0,0.0,2.41,1.31,0.0
20190328:0010,0.0,0.0,0.0,2.02,1.17,0.0
20190328:0110,0.0,0.0,0.0,2.06,1.1,0.0
20190328:0210,0.0,0.0,0.0,2.19,1.03,0.0
20190328:0310,0.0,0.0,0.0,1.93,1.17,0.0
20190328:0410,0.0,0.0,0.0,1.68,1.24,0.0
20190328:0510,0.0,0.0,0.0,1.37,1.31,0.0
20190328:0610,33520.0,94.95,10.8,1.95,0.97,0.0
20190328:0710,82690.0,203.76,20.24,4.73,1.03,0.0
20190328:0810,47740.0,125.92,28.92,6.28,1.24,0.0
20190328:0910,199035.0,473.28,36.23,7.25,1.31,0.0
20190328:1010,172995.0,414.13,41.37,7.94,1.31,0.0
20190328:1110,64090.0,164.52,43.51,9.0,2.14,0.0
20190328:1210,47500.0,126.84,42.2,9.53,2.21,0.0
20190328:1310,59990.0,155.33,37.74,9.29,2.21,0.0
20190328:1410,47165.0,125.92,30.88,9.23,2.21,0.0
20190328:1510,77285.0,194.74,22.48,8.9,1.86,0.0
20190328:1610,11700.0,41.36,13.18,8.68,1.59,0.0
20190328:1710,155.0,6.43,3.48,8.14,1.52,0.0
20190328:1810,0.0,0.0,0.0,7.59,1.59,0.0
20190328:1910,0.0,0.0,0.0,7.44,1.86,0.0
20190328:2010,0.0,0.0,0.0,7.13,1.79,0.0
20190328:2110,0.0,0.0,0.0,6.83,1.72,0.0
20190328:2210,0.0,0.0,0.0,6.46,1.72,0.0
20190328:2310,0.0,0.0,0.0,6.13,1.72,0.0
20190329:0010,0.0,0.0,0.0,5.83,1.79,0.0
20190329:0110,0.0,0.0,0.0,5.79,1.79,0.0
20190329:0210,0.0,0.0,0.0,5.57,1.79,0.0
20190329:0310,0.0,0.0,0.0,5.27,1.79,0.0
20190329:0410,0.0,0.0,0.0,5.02,1.72,0.0
20190329:0510,0.0,0.0,0.0,5.23,1.66,0.0
20190329:0610,49990.0,137.95,11.15,5.72,2.07,0.0
20190329:0710,150325.0,357.61,20.59,6.44,2.76,0.0
20190329:0810,293995.0,695.68,29.29,7.41,2.69,0.0
20190329:0910,299170.0,713.07,36.62,8.43,2.76,0.0
20190329:1010,314000.0,757.18,41.77,9.62,2.69,0.0
20190329:1110,425330.0,1065.73,43.9,10.75,2.48,0.0
20190329:1210,412160.0,1037.21,42.57,11.62,2.21,0.0
20190329:1310,365920.0,912.09,38.07,12.35,2.0,0.0
20190329:1410,288690.0,708.58,31.18,12.9,1.86,0.0
20190329:1510,192235.0,474.61,22.74,13.03,1.93,0.0
20190329:1610,76270.0,220.19,13.43,12.63,1.93,0.0
20190329:1710,1965.0,13.79,3.73,11.56,1.52,0.0
20190329:1810,0.0,0.0,0.0,9.93,1.86,0.0
20190329:1910,0.0,0.0,0.0,8.94,1.93,0.0
20190329:2010,0.0,0.0,0.0,7.71,1.93,0.0
20190329:2110,0.0,0.0,0.0,6.49,1.93,0.0
20190329:2210,0.0,0.0,0.0,5.56,1.86,0.0
20190329:2310,0.0,0.0,0.0,4.44,1.79,0.0
20190330:0010,0.0,0.0,0.0,3.35,1.66,0.0
20190330:0110,0.0,0.0,0.0,2.42,1.45,0.0
20190330:0210,0.0,0.0,0.0,2.35,1.24,0.0
20190330:0310,0.0,0.0,0.0,2.33,1.03,0.0
20190330:0410,0.0,0.0,0.0,1.57,1.17,0.0
20190330:0510,0.0,0.0,0.0,0.48,1.38,0.0
20190330:0610,84015.0,225.41,11.5,1.36,1.17,0.0
20190330:0710,195915.0,468.66,20.95,5.29,0.83,0.0
20190330:0810,299365.0,725.79,29.66,8.53,1.24,0.0
20190330:0910,361255.0,900.85,37.0,10.84,1.45,0.0
20190330:1010,396600.0,1014.15,42.16,12.61,1.45,0.0
20190330:1110,412005.0,1069.37,44.29,13.99,1.45,0.0
20190330:1210,400780.0,1039.1,42.94,15.1,1.52,0.0
20190330:1310,349000.0,889.75,38.39,15.83,1.52,0.0
20190330:1410,266025.0,665.34,31.47,16.15,1.38,0.0
20190330:1510,186250.0,469.22,23.0,16.07,1.24,0.0
20190330:1610,73505.0,215.05,13.67,15.65,0.97,0.0
20190330:1710,2865.0,17.06,3.97,14.54,0.97,0.0
20190330:1810,0.0,0.0,0.0,12.06,1.1,0.0
20190330:1910,0.0,0.0,0.0,11.67,1.03,0.0
20190330:2010,0.0,0.0,0.0,11.23,0.97,0.0
20190330:2110,0.0,0.0,0.0,9.54,1.1,0.0
20190330:2210,0.0,0.0,0.0,8.84,1.1,0.0
20190330:2310,0.0,0.0,0.0,9.05,0.83,0.0
20190331:0010,0.0,0.0,0.0,8.56,0.34,0.0
20190331:0110,0.0,0.0,0.0,8.15,0.0,0.0
20190331:0210,0.0,0.0,0.0,7.69,0.34,0.0
20190331:0310,0.0,0.0,0.0,7.1,0.76,0.0
20190331:0410,0.0,0.0,0.0,5.64,1.1,0.0
20190331:0510,0.0,0.0,0.0,4.71,1.17,0.0
20190331:0610,77970.0,211.54,11.84,4.94,0.97,0.0
20190331:0710,188510.0,456.17,21.3,6.65,0.28,0.0
20190331:0810,279290.0,691.59,30.03,10.02,0.21,0.0
20190331:0910,342710.0,888.83,37.39,12.77,0.0,0.0
20190331:1010,377010.0,1000.48,42.56,14.5,0.21,0.0
20190331:1110,359720.0,942.16,44.68,15.54,0.62,0.0
20190331:1210,122670.0,309.51,43.3,16.07,1.03,0.0
20190331:1310,303900.0,769.24,38.72,16.23,1.31,0.0
20190331:1410,108420.0,273.8,31.76,16.03,1.66,0.0
20190331:1510,63410.0,167.73,23.27,15.61,2.0,0.0
20190331:1610,43740.0,125.09,13.92,14.95,2.28,0.0
20190331:1710,2690.0,16.36,4.22,13.26,2.69,0.0
20190331:1810,0.0,0.0,0.0,11.29,3.17,0.0
20190331:1910,0.0,0.0,0.0,9.59,3.66,0.0
20190331:2010,0.0,0.0,0.0,8.48,3.52,0.0
20190331:2110,0.0,0.0,0.0,7.6,3.45,0.0
20190331:2210,0.0,0.0,0.0,6.9,3.45,0.0
20190331:2310,0.0,0.0,0.0,6.24,3.45,0.0
20190401:0010,0.0,0.0,0.0,5.7,3.45,0.0
20190401:0110,0.0,0.0,0.0,5.27,3.45,0.0
20190401:0210,0.0,0.0,0.0,4.92,3.38,0.0
20190401:0310,0.0,0.0,0.0,4.64,3.24,0.0
20190401:0410,0.0,0.0,0.0,4.35,3.24,0.0
20190401:0510,0.0,0.0,0.0,4.13,3.24,0.0
20190401:0610,68330.0,182.88,12.19,4.63,3.24,0.0
20190401:0710,185195.0,434.15,21.66,5.26,3.59,0.0
20190401:0810,284435.0,664.9,30.4,6.86,3.66,0.0
20190401:0910,363750.0,870.27,37.77,8.49,3.52,0.0
20190401:1010,403895.0,987.59,42.95,10.41,3.52,0.0
20190401:1110,423375.0,1047.87,45.07,11.78,3.59,0.0
20190401:1210,408970.0,1011.16,43.66,13.0,3.79,0.0
20190401:1310,358835.0,876.29,39.04,13.67,4.0,0.0
20190401:1410,285700.0,689.51,32.04,14.07,4.21,0.0
20190401:1510,185610.0,453.75,23.53,13.61,4.0,0.0
20190401:1610,72405.0,205.57,14.17,13.03,3.59,0.0
20190401:1710,2780.0,16.54,4.46,11.93,3.45,0.0
20190401:1810,0.0,0.0,0.0,10.68,3.72,0.0
20190401:1910,0.0,0.0,0.0,9.38,3.45,0.0
20190401:2010,0.0,0.0,0.0,8.58,3.31,0.0
20190401:2110,0.0,0.0,0.0,7.79,3.1,0.0
20190401:2210,0.0,0.0,0.0,7.21,2.9,0.0
20190401:2310,0.0,0.0,0.0,6.45,2.76,0.0
20190402:0010,0.0,0.0,0.0,5.97,2.62,0.0
20190402:0110,0.0,0.0,0.0,5.24,2.48,0.0
20190402:0210,0.0,0.0,0.0,4.65,2.34,0.0
20190402:0310,0.0,0.0,0.0,4.09,2.21,0.0
20190402:0410,0.0,0.0,0.0,3.57,2.14,0.0
20190402:0510,0.0,3.45,2.8,3.09,2.07,0.0
20190402:0610,68970.0,183.51,12.53,3.43,1.72,0.0
20190402:0710,192945.0,458.23,22.01,5.39,1.52,0.0
20190402:0810,259480.0,618.26,30.76,7.9,1.79,0.0
20190402:0910,268455.0,648.39,38.15,10.3,1.93,0.0
20190402:1010,345690.0,859.61,43.34,12.55,2.07,0.0
20190402:1110,355300.0,893.83,45.46,14.44,2.21,0.0
20190402:1210,363730.0,922.73,44.02,15.96,2.28,0.0
20190402:1310,322705.0,810.98,39.36,16.91,2.34,0.0
20190402:1410,256570.0,637.59,32.33,17.43,2.34,0.0
20190402:1510,173440.0,436.08,23.79,17.49,2.28,0.0
20190402:1610,72050.0,209.79,14.41,16.95,1.93,0.0
20190402:1710,4185.0,21.33,4.7,15.34,2.14,0.0
20190402:1810,0.0,0.0,0.0,13.46,2.34,0.0
20190402:1910,0.0,0.0,0.0,12.32,1.66,0.0
20190402:2010,0.0,0.0,0.0,11.44,2.0,0.0
20190402:2110,0.0,0.0,0.0,10.68,2.0,0.0
20190402:2210,0.0,0.0,0.0,9.78,1.79,0.0
20190402:2310,0.0,0.0,0.0,8.39,1.24,0.0
20190403:0010,0.0,0.0,0.0,7.55,1.38,0.0
20190403:0110,0.0,0.0,0.0,8.57,0.9,0.0
20190403:0210,0.0,0.0,0.0,8.81,0.48,0.0
20190403:0310,0.0,0.0,0.0,7.95,0.69,0.0
20190403:0410,0.0,0.0,0.0,6.33,0.97,0.0
20190403:0510,0.0,2.59,3.15,5.7,0.97,0.0
20190403:0610,22215.0,67.23,12.88,6.49,0.69,0.0
20190403:0710,75875.0,191.74,22.36,8.23,0.34,0.0
20190403:0810,163645.0,397.99,31.12,10.11,0.41,0.0
20190403:0910,337705.0,858.78,38.53,12.0,0.48,0.0
20190403:1010,376645.0,972.97,43.74,12.77,0.76,0.0
20190403:1110,401100.0,1052.98,45.84,14.94,1.03,0.0
20190403:1210,391085.0,1014.55,44.38,16.18,1.59,0.0
20190403:1310,342800.0,867.93,39.68,16.9,2.14,0.0
20190403:1410,268600.0,668.31,32.61,17.23,2.28,0.0
20190403:1510,132950.0,335.05,24.05,17.13,2.34,0.0
20190403:1610,73690.0,214.97,14.66,16.43,2.0,0.0
20190403:1710,3295.0,19.11,4.94,14.88,1.93,0.0
20190403:1810,0.0,0.0,0.0,13.16,2.48,0.0
20190403:1910,0.0,0.0,0.0,13.08,2.97,0.0
20190403:2010,0.0,0.0,0.0,11.31,1.38,0.0
20190403:2110,0.0,0.0,0.0,9.26,1.86,0.0
20190403:2210,0.0,0.0,0.0,7.75,2.21,0.0
20190403:2310,0.0,0.0,0.0,6.78,2.69,0.0
20190404:0010,0.0,0.0,0.0,6.23,2.48,0.0
20190404:0110,0.0,0.0,0.0,5.93,1.93,0.0
20190404:0210,0.0,0.0,0.0,5.64,1.45,0.0
20190404:0310,0.0,0.0,0.0,5.56,1.31,0.0
20190404:0410,0.0,0.0,0.0,5.61,1.45,0.0
20190404:0510,565.0,8.27,3.49,5.62,1.45,0.0
20190404:0610,72270.0,193.03,13.22,6.08,1.72,0.0
20190404:0710,198145.0,474.84,22.71,7.86,1.79,0.0
20190404:0810,290650.0,701.11,31.49,10.55,2.28,0.0
20190404:0910,357215.0,877.0,38.91,13.34,3.31,0.0
20190404:1010,394110.0,985.06,44.12,15.66,3.79,0.0
20190404:1110,221645.0,544.47,46.23,17.19,3.93,0.0
20190404:1210,154130.0,382.71,44.74,17.97,4.07,0.0
20190404:1310,325345.0,811.06,40.0,18.41,3.79,0.0
20190404:1410,261245.0,646.82,32.9,18.09,3.17,0.0
20190404:1510,183275.0,456.79,24.3,16.0,2.55,0.0
20190404:1610,78245.0,223.88,14.9,12.53,3.59,0.0
20190404:1710,2690.0,17.07,5.18,10.06,4.21,0.0
20190404:1810,0.0,0.0,0.0,8.48,3.93,0.0
20190404:1910,0.0,0.0,0.0,6.35,4.21,0.0
20190404:2010,0.0,0.0,0.0,5.56,3.72,0.0
20190404:2110,0.0,0.0,0.0,5.26,3.52,0.0
20190404:2210,0.0,0.0,0.0,5.3,3.17,0.0
20190404:2310,0.0,0.0,0.0,5.2,2.9,0.0
20190405:0010,0.0,0.0,0.0,5.02,2.62,0.0
20190405:0110,0.0,0.0,0.0,4.79,2.41,0.0
20190405:0210,0.0,0.0,0.0,4.67,2.07,0.0
20190405:0310,0.0,0.0,0.0,4.59,1.93,0.0
20190405:0410,0.0,0.0,0.0,4.35,1.72,0.0
20190405:0510,0.0,4.6,3.82,4.24,1.38,0.0
20190405:0610,16030.0,51.47,13.56,4.31,0.83,0.0
20190405:0710,22020.0,66.18,23.05,5.45,0.76,0.0
20190405:0810,101380.0,247.68,31.85,6.02,0.28,0.0
20190405:0910,72150.0,181.99,39.28,6.4,0.28,0.0
20190405:1010,79085.0,198.53,44.51,7.43,0.48,0.0
20190405:1110,183825.0,444.94,46.61,8.07,0.34,0.0
20190405:1210,153655.0,373.02,45.09,8.98,0.69,0.0
20190405:1310,150075.0,363.99,40.32,10.15,1.45,0.0
20190405:1410,222505.0,536.84,33.18,11.36,2.0,0.0
20190405:1510,131695.0,324.89,24.56,12.23,2.14,0.0
20190405:1610,72145.0,204.86,15.14,12.93,1.59,0.0
20190405:1710,5480.0,25.34,5.42,12.52,0.9,0.0
20190405:1810,0.0,0.0,0.0,11.37,1.1,0.0
20190405:1910,0.0,0.0,0.0,9.41,1.17,0.0
20190405:2010,0.0,0.0,0.0,8.31,0.97,0.0
20190405:2110,0.0,0.0,0.0,7.98,0.69,0.0
20190405:2210,0.0,0.0,0.0,8.02,0.48,0.0
20190405:2310,0.0,0.0,0.0,7.61,0.55,0.0
20190406:0010,0.0,0.0,0.0,6.22,1.03,0.0
20190406:0110,0.0,0.0,0.0,5.84,1.66,0.0
20190406:0210,0.0,0.0,0.0,6.38,2.0,0.0
20190406:0310,0.0,0.0,0.0,6.73,2.14,0.0
20190406:0410,0.0,0.0,0.0,6.5,2.14,0.0
20190406:0510,160.0,6.43,4.16,6.4,2.14,0.0
20190406:0610,85880.0,229.06,13.89,6.92,1.93,0.0
20190406:0710,195950.0,471.11,23.4,9.14,2.07,0.0
20190406:0810,287095.0,692.83,32.2,11.19,2.48,0.0
20190406:0910,336820.0,819.9,39.66,12.97,3.59,0.0
20190406:1010,339730.0,830.34,44.9,14.02,4.07,0.0
20190406:1110,306480.0,746.85,46.99,14.32,4.07,0.0
20190406:1210,333335.0,818.44,45.44,14.64,3.79,0.0
20190406:1310,344225.0,843.68,40.63,14.77,3.93,0.0
20190406:1410,260535.0,631.43,33.46,15.11,4.07,0.0
20190406:1510,188705.0,464.74,24.81,14.72,3.59,0.0
20190406:1610,72315.0,205.59,15.38,14.38,3.1,0.0
20190406:1710,4450.0,22.68,5.66,13.64,2.9,0.0
20190406:1810,0.0,0.0,0.0,12.05,2.9,0.0
20190406:1910,0.0,0.0,0.0,11.47,3.38,0.0
20190406:2010,0.0,0.0,0.0,10.41,3.1,0.0
20190406:2110,0.0,0.0,0.0,9.46,2.83,0.0
20190406:2210,0.0,0.0,0.0,8.57,2.55,0.0
20190406:2310,0.0,0.0,0.0,7.73,2.48,0.0
20190407:0010,0.0,0.0,0.0,7.05,2.48,0.0
20190407:0110,0.0,0.0,0.0,6.44,2.41,0.0
20190407:0210,0.0,0.0,0.0,5.89,2.48,0.0
20190407:0310,0.0,0.0,0.0,5.44,2.55,0.0
20190407:0410,0.0,0.0,0.0,5.09,2.62,0.0
20190407:0510,4415.0,22.49,4.5,4.88,2.62,0.0
20190407:0610,94755.0,250.41,14.23,5.68,2.48,0.0
20190407:0710,207465.0,491.71,23.74,7.74,3.24,0.0
20190407:0810,300425.0,713.4,32.56,9.62,3.59,0.0
20190407:0910,368190.0,894.04,40.03,11.32,3.59,0.0
20190407:1010,408375.0,1009.07,45.28,12.83,3.79,0.0
20190407:1110,386145.0,957.28,47.37,14.0,3.72,0.0
20190407:1210,312840.0,768.71,45.8,14.79,3.45,0.0
20190407:1310,271555.0,664.01,40.94,15.07,3.24,0.0
20190407:1410,144510.0,354.84,33.73,14.92,3.38,0.0
20190407:1510,77940.0,199.88,25.06,14.19,3.72,0.0
20190407:1610,43360.0,121.39,15.62,13.1,3.66,0.0
20190407:1710,7815.0,31.8,5.89,12.16,3.31,0.0
20190407:1810,0.0,0.0,0.0,11.23,2.76,0.0
20190407:1910,0.0,0.0,0.0,10.44,1.93,0.0
20190407:2010,0.0,0.0,0.0,9.82,1.79,0.0
20190407:2110,0.0,0.0,0.0,9.13,1.72,0.0
20190407:2210,0.0,0.0,0.0,8.65,1.59,0.0
20190407:2310,0.0,0.0,0.0,8.13,1.59,0.0
20190408:0010,0.0,0.0,0.0,7.55,1.59,0.0
20190408:0110,0.0,0.0,0.0,6.94,1.59,0.0
20190408:0210,0.0,0.0,0.0,6.48,1.59,0.0
20190408:0310,0.0,0.0,0.0,6.09,1.52,0.0
20190408:0410,0.0,0.0,0.0,5.6,1.52,0.0
20190408:0510,4725.0,23.38,4.83,5.2,1.45,0.0
20190408:0610,90875.0,241.29,14.56,6.35,0.83,0.0
20190408:0710,179470.0,436.7,24.08,8.6,0.34,0.0
20190408:0810,256995.0,630.75,32.91,10.98,0.69,0.0
20190408:0910,332650.0,834.79,40.4,12.59,1.17,0.0
20190408:1010,360680.0,934.25,45.66,13.69,0.62,0.0
20190408:1110,331945.0,857.25,47.74,14.08,0.41,0.0
20190408:1210,331655.0,850.1,46.14,14.14,0.69,0.0
20190408:1310,324050.0,819.46,41.25,14.27,1.1,0.0
20190408:1410,246525.0,609.22,34.01,14.24,1.31,0.0
20190408:1510,134390.0,336.31,25.31,14.28,1.17,0.0
20190408:1610,40255.0,114.25,15.86,13.96,1.38,0.0
20190408:1710,6610.0,28.3,6.13,13.21,1.17,0.0
20190408:1810,0.0,0.0,0.0,12.21,1.17,0.0
20190408:1910,0.0,0.0,0.0,11.71,0.76,0.0
20190408:2010,0.0,0.0,0.0,11.15,0.55,0.0
20190408:2110,0.0,0.0,0.0,10.35,0.69,0.0
20190408:2210,0.0,0.0,0.0,9.86,0.62,0.0
20190408:2310,0.0,0.0,0.0,9.7,0.48,0.0
20190409:0010,0.0,0.0,0.0,8.09,0.97,0.0
20190409:0110,0.0,0.0,0.0,7.01,1.38,0.0
20190409:0210,0.0,0.0,0.0,6.41,1.52,0.0
20190409:0310,0.0,0.0,0.0,6.07,1.31,0.0
20190409:0410,0.0,0.0,0.0,5.7,1.24,0.0
20190409:0510,1020.0,10.11,5.16,5.89,1.1,0.0
20190409:0610,14635.0,48.71,14.89,7.86,0.62,0.0
20190409:0710,31965.0,90.99,24.42,9.55,0.69,0.0
20190409:0810,99275.0,248.04,33.26,11.59,1.03,0.0
20190409:0910,187245.0,459.68,40.77,13.27,1.17,0.0
20190409:1010,324335.0,820.03,46.04,14.61,1.38,0.0
20190409:1110,226665.0,564.7,48.12,15.75,1.38,0.0
20190409:1210,134530.0,337.31,46.49,16.3,1.66,0.0
20190409:1310,189310.0,466.08,41.56,15.74,2.34,0.0
20190409:1410,68060.0,177.39,34.28,14.49,2.76,0.0
20190409:1510,162225.0,401.27,25.56,14.56,2.76,0.0
20190409:1610,72775.0,206.05,16.09,14.24,2.76,0.0
20190409:1710,8635.0,34.31,6.36,13.49,2.48,0.0
20190409:1810,0.0,0.0,0.0,12.48,3.1,0.0
20190409:1910,0.0,0.0,0.0,11.18,3.52,0.0
20190409:2010,0.0,0.0,0.0,10.15,3.72,0.0
20190409:2110,0.0,0.0,0.0,9.23,3.79,0.0
20190409:2210,0.0,0.0,0.0,8.41,3.86,0.0
20190409:2310,0.0,0.0,0.0,7.8,3.86,0.0
20190410:0010,0.0,0.0,0.0,7.15,3.72,0.0
20190410:0110,0.0,0.0,0.0,6.76,3.52,0.0
20190410:0210,0.0,0.0,0.0,6.33,3.38,0.0
20190410:0310,0.0,0.0,0.0,5.92,3.24,0.0
20190410:0410,0.0,0.0,0.0,5.51,3.1,0.0
20190410:0510,4110.0,20.67,5.49,5.28,3.1,0.0
20190410:0610,55950.0,147.39,15.22,5.34,3.31,0.0
20190410:0710,123465.0,293.59,24.75,5.3,3.31,0.0
20190410:0810,187230.0,437.45,33.61,6.42,3.52,0.0
20190410:0910,296130.0,698.4,41.13,7.85,3.66,0.0
20190410:1010,323840.0,771.87,46.42,8.75,3.66,0.0
20190410:1110,317365.0,762.15,48.49,9.91,3.45,0.0
20190410:1210,178280.0,429.44,46.84,11.79,3.45,0.0
20190410:1310,158570.0,383.84,41.87,12.32,3.45,0.0
20190410:1410,91900.0,230.4,34.55,12.73,3.66,0.0
20190410:1510,113160.0,279.68,25.81,12.27,3.66,0.0
20190410:1610,79825.0,226.27,16.33,11.64,3.52,0.0
20190410:1710,8265.0,33.48,6.6,10.92,3.1,0.0
20190410:1810,0.0,0.0,0.0,9.83,2.9,0.0
20190410:1910,0.0,0.0,0.0,8.45,2.97,0.0
20190410:2010,0.0,0.0,0.0,7.58,3.24,0.0
20190410:2110,0.0,0.0,0.0,6.61,3.52,0.0
20190410:2210,0.0,0.0,0.0,5.52,3.59,0.0
20190410:2310,0.0,0.0,0.0,4.63,3.45,0.0
20190411:0010,0.0,0.0,0.0,3.91,3.31,0.0
20190411:0110,0.0,0.0,0.0,3.34,3.24,0.0
20190411:0210,0.0,0.0,0.0,2.98,3.24,0.0
20190411:0310,0.0,0.0,0.0,2.55,3.24,0.0
20190411:0410,0.0,0.0,0.0,2.16,3.17,0.0
20190411:0510,8090.0,32.6,5.81,1.81,3.24,0.0
20190411:0610,97150.0,247.24,15.54,2.12,3.38,0.0
20190411:0710,208740.0,482.21,25.08,2.79,3.59,0.0
20190411:0810,297805.0,688.6,33.95,4.06,3.66,0.0
20190411:0910,290925.0,679.15,41.49,5.78,3.72,0.0
20190411:1010,298615.0,703.52,46.79,7.16,3.79,0.0
20190411:1110,199975.0,472.73,48.86,8.32,3.72,0.0
20190411:1210,234030.0,553.61,47.18,8.75,3.66,0.0
20190411:1310,206030.0,486.82,42.17,8.7,3.66,0.0
20190411:1410,173240.0,410.19,34.82,8.52,3.59,0.0
20190411:1510,110050.0,267.62,26.06,8.19,3.59,0.0
20190411:1610,75350.0,203.36,16.56,7.42,3.52,0.0
20190411:1710,9495.0,36.21,6.83,6.61,3.38,0.0
20190411:1810,0.0,0.0,0.0,5.77,3.03,0.0
20190411:1910,0.0,0.0,0.0,5.32,3.31,0.0
20190411:2010,0.0,0.0,0.0,4.57,3.24,0.0
20190411:2110,0.0,0.0,0.0,3.88,3.24,0.0
20190411:2210,0.0,0.0,0.0,3.27,3.24,0.0
20190411:2310,0.0,0.0,0.0,2.68,3.24,0.0
20190412:0010,0.0,0.0,0.0,1.96,3.03,0.0
20190412:0110,0.0,0.0,0.0,1.34,2.9,0.0
20190412:0210,0.0,0.0,0.0,0.82,2.76,0.0
20190412:0310,0.0,0.0,0.0,0.42,2.69,0.0
20190412:0410,0.0,0.0,0.0,0.02,2.62,0.0
20190412:0510,9250.0,35.31,6.13,-0.28,2.69,0.0
20190412:0610,90390.0,227.17,15.87,0.36,3.03,0.0
20190412:0710,175650.0,404.67,25.41,1.28,3.17,0.0
20190412:0810,323245.0,746.38,34.29,2.52,3.31,0.0
20190412:0910,362860.0,854.28,41.85,4.03,3.1,0.0
20190412:1010,393155.0,943.94,47.17,5.11,2.76,0.0
20190412:1110,342195.0,816.79,49.23,5.77,2.62,0.0
20190412:1210,0.0,0.0,0.0,6.11,2.55,0.0
20190412:1310,251925.0,594.2,42.47,6.49,2.48,0.0
20190412:1410,164750.0,389.02,35.09,6.26,2.41,0.0
20190412:1510,69975.0,175.66,26.3,6.01,2.28,0.0
20190412:1610,46790.0,125.43,16.79,5.79,2.14,0.0
20190412:1710,9245.0,34.62,7.06,5.44,2.14,0.0
20190412:1810,0.0,0.0,0.0,4.91,2.0,0.0
20190412:1910,0.0,0.0,0.0,3.84,2.41,0.0
20190412:2010,0.0,0.0,0.0,3.3,2.41,0.0
20190412:2110,0.0,0.0,0.0,2.81,2.41,0.0
20190412:2210,0.0,0.0,0.0,2.28,2.28,0.0
20190412:2310,0.0,0.0,0.0,1.9,2.21,0.0
20190413:0010,0.0,0.0,0.0,1.54,2.07,0.0
20190413:0110,0.0,0.0,0.0,1.07,2.07,0.0
20190413:0210,0.0,0.0,0.0,0.88,2.0,0.0
20190413:0310,0.0,0.0,0.0,0.57,1.93,0.0
20190413:0410,0.0,0.0,0.0,0.05,1.93,0.0
20190413:0510,10100.0,38.22,6.45,-0.09,1.86,0.0
20190413:0610,102115.0,258.05,16.18,0.53,1.93,0.0
20190413:0710,219195.0,508.71,25.74,2.17,2.34,0.0
20190413:0810,310905.0,731.36,34.63,3.87,2.0,0.0
20190413:0910,368470.0,894.81,42.21,5.36,1.52,0.0
20190413:1010,400450.0,995.77,47.53,6.46,1.31,0.0
20190413:1110,215365.0,513.86,49.59,7.1,1.52,0.0
20190413:1210,203120.0,483.96,47.85,7.47,1.79,0.0
20190413:1310,164075.0,391.91,42.77,7.71,1.86,0.0
20190413:1410,205935.0,488.7,35.35,7.73,2.07,0.0
20190413:1510,131570.0,317.51,26.54,7.51,2.28,0.0
20190413:1610,84105.0,230.95,17.02,7.26,2.55,0.0
20190413:1710,9650.0,37.02,7.29,6.72,2.69,0.0
20190413:1810,0.0,0.0,0.0,5.52,2.48,0.0
20190413:1910,0.0,0.0,0.0,4.41,2.83,0.0
20190413:2010,0.0,0.0,0.0,3.48,2.76,0.0
20190413:2110,0.0,0.0,0.0,2.67,2.62,0.0
20190413:2210,0.0,0.0,0.0,2.03,2.55,0.0
20190413:2310,0.0,0.0,0.0,1.61,2.69,0.0
20190414:0010,0.0,0.0,0.0,1.27,2.62,0.0
20190414:0110,0.0,0.0,0.0,0.86,2.48,0.0
20190414:0210,0.0,0.0,0.0,0.55,2.41,0.0
20190414:0310,0.0,0.0,0.0,0.38,2.34,0.0
20190414:0410,0.0,0.0,0.0,0.34,2.34,0.0
20190414:0510,11475.0,55.74,6.77,0.33,2.34,0.0
20190414:0610,110460.0,280.7,16.5,1.12,2.28,0.0
20190414:0710,144940.0,338.12,26.06,2.55,2.97,0.0
20190414:0810,193120.0,446.36,34.97,3.96,3.45,0.0
20190414:0910,339520.0,794.17,42.56,5.31,3.93,0.0
20190414:1010,387190.0,920.41,47.9,5.76,3.66,0.0
20190414:1110,379260.0,905.01,49.95,6.19,3.45,0.0
20190414:1210,137950.0,328.15,48.19,6.55,3.45,0.0
20190414:1310,109355.0,264.14,43.07,7.08,3.72,0.0
20190414:1410,37230.0,102.02,35.62,7.42,3.86,0.0
20190414:1510,88900.0,218.42,26.78,7.11,3.93,0.0
20190414:1610,38260.0,104.75,17.25,6.65,3.86,0.0
20190414:1710,11845.0,41.54,7.52,6.18,3.24,0.0
20190414:1810,0.0,0.0,0.0,5.72,2.76,0.0
20190414:1910,0.0,0.0,0.0,5.03,2.21,0.0
20190414:2010,0.0,0.0,0.0,4.72,1.72,0.0
20190414:2110,0.0,0.0,0.0,4.34,1.52,0.0
20190414:2210,0.0,0.0,0.0,3.89,1.52,0.0
20190414:2310,0.0,0.0,0.0,3.8,1.52,0.0
20190415:0010,0.0,0.0,0.0,3.68,1.59,0.0
20190415:0110,0.0,0.0,0.0,3.93,1.72,0.0
20190415:0210,0.0,0.0,0.0,4.12,1.93,0.0
20190415:0310,0.0,0.0,0.0,4.12,2.21,0.0
20190415:0410,0.0,0.0,0.0,3.87,2.41,0.0
20190415:0510,13460.0,50.22,7.08,3.53,2.48,0.0
20190415:0610,105890.0,271.74,16.81,4.28,2.14,0.0
20190415:0710,221745.0,522.11,26.38,5.55,2.48,0.0
20190415:0810,312930.0,743.39,35.3,7.64,2.76,0.0
20190415:0910,384830.0,938.52,42.91,9.71,2.9,0.0
20190415:1010,425710.0,1057.34,48.26,11.34,3.17,0.0
20190415:1110,440475.0,1103.46,50.31,12.41,3.31,0.0
20190415:1210,423805.0,1057.91,48.52,13.07,3.38,0.0
20190415:1310,377150.0,928.71,43.36,13.44,3.45,0.0
20190415:1410,299685.0,726.3,35.88,13.46,3.52,0.0
20190415:1510,198695.0,486.5,27.02,13.23,3.45,0.0
20190415:1610,84255.0,240.54,17.48,12.65,3.31,0.0
20190415:1710,8630.0,35.41,7.75,11.64,2.69,0.0
20190415:1810,0.0,0.0,0.0,9.96,2.76,0.0
20190415:1910,0.0,0.0,0.0,9.08,2.83,0.0
20190415:2010,0.0,0.0,0.0,8.04,2.9,0.0
20190415:2110,0.0,0.0,0.0,7.22,2.9,0.0
20190415:2210,0.0,0.0,0.0,6.54,2.97,0.0
20190415:2310,0.0,0.0,0.0,5.94,2.9,0.0
20190416:0010,0.0,0.0,0.0,5.34,2.76,0.0
20190416:0110,0.0,0.0,0.0,4.78,2.62,0.0
20190416:0210,0.0,0.0,0.0,4.28,2.48,0.0
20190416:0310,0.0,0.0,0.0,3.8,2.34,0.0
20190416:0410,0.0,0.0,0.0,3.37,2.28,0.0
20190416:0510,13915.0,61.45,7.39,3.15,2.21,0.0
20190416:0610,110880.0,284.59,17.12,4.5,2.07,0.0
20190416:0710,225190.0,534.3,26.69,6.8,2.28,0.0
20190416:0810,312385.0,748.97,35.63,9.13,2.62,0.0
20190416:0910,383950.0,943.72,43.26,11.15,2.9,0.0
20190416:1010,420865.0,1055.97,48.62,12.76,2.97,0.0
20190416:1110,434315.0,1102.17,50.67,13.96,2.97,0.0
20190416:1210,417345.0,1058.3,48.85,14.82,2.9,0.0
20190416:1310,368465.0,923.7,43.65,15.39,2.76,0.0
20190416:1410,293820.0,725.99,36.13,15.65,2.62,0.0
20190416:1510,197060.0,490.49,27.26,15.59,2.62,0.0
20190416:1610,84680.0,244.96,17.71,15.15,2.69,0.0
20190416:1710,12495.0,45.28,7.98,13.98,2.48,0.0
20190416:1810,0.0,0.0,0.0,12.04,2.97,0.0
20190416:1910,0.0,0.0,0.0,10.78,3.1,0.0
20190416:2010,0.0,0.0,0.0,9.74,2.97,0.0
20190416:2110,0.0,0.0,0.0,8.83,2.83,0.0
20190416:2210,0.0,0.0,0.0,8.13,2.76,0.0
20190416:2310,0.0,0.0,0.0,7.55,2.55,0.0
20190417:0010,0.0,0.0,0.0,6.92,2.41,0.0
20190417:0110,0.0,0.0,0.0,6.39,2.28,0.0
20190417:0210,0.0,0.0,0.0,5.87,2.21,0.0
20190417:0310,0.0,0.0,0.0,5.4,2.14,0.0
20190417:0410,0.0,0.0,0.0,4.9,2.07,0.0
20190417:0510,15295.0,64.76,7.7,4.69,1.93,0.0
20190417:0610,110310.0,284.53,17.43,6.04,1.59,0.0
20190417:0710,225255.0,540.13,27.01,8.77,2.14,0.0
20190417:0810,312220.0,759.31,35.95,11.25,2.34,0.0
20190417:0910,379690.0,948.82,43.6,13.23,2.48,0.0
20190417:1010,417890.0,1065.87,48.98,14.58,2.55,0.0
20190417:1110,427235.0,1098.16,51.02,15.47,2.62,0.0
20190417:1210,418060.0,1067.74,49.18,16.03,2.9,0.0
20190417:1310,371620.0,931.72,43.94,16.27,3.17,0.0
20190417:1410,296400.0,728.61,36.39,16.11,3.45,0.0
20190417:1510,200330.0,495.74,27.49,15.65,3.66,0.0
20190417:1610,86000.0,247.69,17.94,14.94,3.59,0.0
20190417:1710,7635.0,33.67,8.2,13.95,2.97,0.0
20190417:1810,0.0,0.0,0.0,12.37,3.03,0.0
20190417:1910,0.0,0.0,0.0,11.5,3.03,0.0
20190417:2010,0.0,0.0,0.0,10.65,3.17,0.0
20190417:2110,0.0,0.0,0.0,10.03,3.1,0.0
20190417:2210,0.0,0.0,0.0,9.44,2.83,0.0
20190417:2310,0.0,0.0,0.0,8.74,2.62,0.0
20190418:0010,0.0,0.0,0.0,8.11,2.55,0.0
20190418:0110,0.0,0.0,0.0,7.59,2.55,0.0
20190418:0210,0.0,0.0,0.0,7.18,2.62,0.0
20190418:0310,0.0,0.0,0.0,6.88,2.69,0.0
20190418:0410,0.0,0.0,0.0,6.62,2.76,0.0
20190418:0510,15615.0,67.17,8.0,6.59,2.76,0.0
20190418:0610,77505.0,200.03,17.73,7.86,2.55,0.0
20190418:0710,166820.0,399.28,27.31,9.96,3.59,0.0
20190418:0810,301365.0,721.88,36.27,11.96,4.07,0.0
20190418:0910,379895.0,927.64,43.94,13.49,4.41,0.0
20190418:1010,418620.0,1036.7,49.33,15.18,4.97,0.0
20190418:1110,430855.0,1075.49,51.37,16.29,5.1,0.0
20190418:1210,416015.0,1038.29,49.5,17.05,5.03,0.0
20190418:1310,366140.0,905.74,44.23,17.63,4.97,0.0
20190418:1410,290230.0,711.96,36.65,17.88,4.69,0.0
20190418:1510,193995.0,483.28,27.73,17.92,4.48,0.0
20190418:1610,83375.0,242.91,18.16,17.55,4.14,0.0
20190418:1710,9035.0,37.62,8.43,16.47,3.38,0.0
20190418:1810,0.0,0.0,0.0,14.67,3.17,0.0
20190418:1910,0.0,0.0,0.0,13.46,3.24,0.0
20190418:2010,0.0,0.0,0.0,12.48,3.24,0.0
20190418:2110,0.0,0.0,0.0,11.69,3.24,0.0
20190418:2210,0.0,0.0,0.0,11.03,3.24,0.0
20190418:2310,0.0,0.0,0.0,10.38,3.1,0.0
20190419:0010,0.0,0.0,0.0,9.74,3.03,0.0
20190419:0110,0.0,0.0,0.0,9.19,2.97,0.0
20190419:0210,0.0,0.0,0.0,8.68,2.9,0.0
20190419:0310,0.0,0.0,0.0,8.23,2.9,0.0
20190419:0410,0.0,0.0,0.0,7.82,2.9,0.0
20190419:0510,15215.0,70.19,8.3,7.75,2.83,0.0
20190419:0610,114190.0,298.17,18.03,9.19,2.55,0.0
20190419:0710,224990.0,543.61,27.62,11.8,2.97,0.0
20190419:0810,309015.0,752.36,36.59,14.01,3.45,0.0
20190419:0910,372745.0,926.17,44.27,15.83,3.79,0.0
20190419:1010,414475.0,1047.61,49.68,17.32,4.07,0.0
20190419:1110,421290.0,1072.48,51.72,18.45,4.21,0.0
20190419:1210,401995.0,1023.32,49.82,19.27,4.07,0.0
20190419:1310,361950.0,914.43,44.51,19.78,3.86,0.0
20190419:1410,286300.0,715.1,36.9,19.98,3.66,0.0
20190419:1510,192475.0,486.37,27.96,19.86,3.52,0.0
20190419:1610,82560.0,242.63,18.38,19.35,3.31,0.0
20190419:1710,8775.0,37.41,8.65,18.12,2.69,0.0
20190419:1810,0.0,0.0,0.0,16.19,2.9,0.0
20190419:1910,0.0,0.0,0.0,15.26,3.24,0.0
20190419:2010,0.0,0.0,0.0,14.08,3.1,0.0
20190419:2110,0.0,0.0,0.0,13.09,2.9,0.0
20190419:2210,0.0,0.0,0.0,12.24,2.76,0.0
20190419:2310,0.0,0.0,0.0,11.47,2.69,0.0
20190420:0010,0.0,0.0,0.0,10.72,2.55,0.0
20190420:0110,0.0,0.0,0.0,10.03,2.41,0.0
20190420:0210,0.0,0.0,0.0,9.38,2.34,0.0
20190420:0310,0.0,0.0,0.0,8.81,2.34,0.0
20190420:0410,0.0,0.0,0.0,8.31,2.34,0.0
20190420:0510,16425.0,74.73,8.6,8.21,2.28,0.0
20190420:0610,117530.0,307.29,18.33,9.85,2.07,0.0
20190420:0710,226315.0,552.55,27.92,12.54,2.14,0.0
20190420:0810,311320.0,771.27,36.91,15.17,2.48,0.0
20190420:0910,375535.0,953.73,44.6,17.13,2.76,0.0
20190420:1010,416425.0,1076.33,50.03,18.46,3.03,0.0
20190420:1110,422480.0,1100.98,52.06,19.4,3.03,0.0
20190420:1210,403985.0,1050.17,50.14,20.04,2.97,0.0
20190420:1310,365425.0,939.0,44.8,20.4,2.9,0.0
20190420:1410,289590.0,731.16,37.15,20.45,2.9,0.0
20190420:1510,197135.0,501.34,28.19,20.23,2.83,0.0
20190420:1610,85100.0,249.85,18.6,19.62,2.76,0.0
20190420:1710,8040.0,35.95,8.88,18.34,2.14,0.0
20190420:1810,0.0,0.0,0.0,16.36,2.28,0.0
20190420:1910,0.0,0.0,0.0,14.99,2.41,0.0
20190420:2010,0.0,0.0,0.0,13.53,2.34,0.0
20190420:2110,0.0,0.0,0.0,12.21,2.21,0.0
20190420:2210,0.0,0.0,0.0,11.04,2.07,0.0
20190420:2310,0.0,0.0,0.0,10.23,2.14,0.0
20190421:0010,0.0,0.0,0.0,9.17,2.14,0.0
20190421:0110,0.0,0.0,0.0,8.4,2.21,0.0
20190421:0210,0.0,0.0,0.0,8.41,2.21,0.0
20190421:0310,0.0,0.0,0.0,7.58,2.21,0.0
20190421:0410,0.0,0.0,0.0,7.28,2.14,0.0
20190421:0510,18125.0,77.29,8.89,7.05,2.07,0.0
20190421:0610,116445.0,303.35,18.62,9.28,1.72,0.0
20190421:0710,226605.0,552.87,28.22,12.19,2.0,0.0
20190421:0810,308880.0,765.62,37.22,14.91,2.28,0.0
20190421:0910,372175.0,946.36,44.93,17.19,2.62,0.0
20190421:1010,413190.0,1067.43,50.37,18.6,3.03,0.0
20190421:1110,417145.0,1084.76,52.41,19.36,3.03,0.0
20190421:1210,398875.0,1034.27,50.46,19.9,2.97,0.0
20190421:1310,357180.0,915.16,45.08,20.23,2.9,0.0
20190421:1410,284315.0,716.68,37.4,20.3,2.9,0.0
20190421:1510,194580.0,494.61,28.42,20.08,2.76,0.0
20190421:1610,84050.0,245.47,18.82,19.55,2.69,0.0
20190421:1710,9050.0,38.72,9.1,18.32,2.34,0.0
20190421:1810,0.0,0.0,0.0,16.32,2.69,0.0
20190421:1910,0.0,0.0,0.0,15.02,2.69,0.0
20190421:2010,0.0,0.0,0.0,13.72,2.69,0.0
20190421:2110,0.0,0.0,0.0,12.69,2.62,0.0
20190421:2210,0.0,0.0,0.0,11.83,2.55,0.0
20190421:2310,0.0,0.0,0.0,11.07,2.48,0.0
20190422:0010,0.0,0.0,0.0,10.4,2.41,0.0
20190422:0110,0.0,0.0,0.0,9.79,2.34,0.0
20190422:0210,0.0,0.0,0.0,9.26,2.34,0.0
20190422:0310,0.0,0.0,0.0,8.84,2.41,0.0
20190422:0410,0.0,0.0,0.0,8.51,2.55,0.0
20190422:0510,18415.0,79.1,9.18,8.58,2.55,0.0
20190422:0610,116570.0,304.13,18.9,10.34,2.41,0.0
20190422:0710,226575.0,550.38,28.51,12.84,2.9,0.0
20190422:0810,314470.0,770.52,37.52,15.18,3.52,0.0
20190422:0910,364685.0,908.09,45.25,16.96,4.07,0.0
20190422:1010,415900.0,1052.65,50.71,18.19,4.41,0.0
20190422:1110,420470.0,1069.87,52.74,19.05,4.55,0.0
20190422:1210,392480.0,992.76,50.77,19.61,4.69,0.0
20190422:1310,350925.0,878.47,45.35,19.87,4.76,0.0
20190422:1410,274180.0,678.25,37.64,19.79,4.83,0.0
20190422:1510,191965.0,480.38,28.64,19.34,5.03,0.0
20190422:1610,81165.0,229.74,19.04,18.38,5.1,0.0
20190422:1710,15205.0,53.43,9.32,16.96,5.24,0.0
20190422:1810,0.0,0.0,0.0,15.04,5.31,0.0
20190422:1910,0.0,0.0,0.0,13.53,5.24,0.0
20190422:2010,0.0,0.0,0.0,12.73,5.1,0.0
20190422:2110,0.0,0.0,0.0,12.32,4.9,0.0
20190422:2210,0.0,0.0,0.0,11.99,4.83,0.0
20190422:2310,0.0,0.0,0.0,11.57,4.76,0.0
20190423:0010,0.0,0.0,0.0,11.08,4.55,0.0
20190423:0110,0.0,0.0,0.0,10.57,4.48,0.0
20190423:0210,0.0,0.0,0.0,10.13,4.41,0.0
20190423:0310,0.0,0.0,0.0,9.75,4.34,0.0
20190423:0410,0.0,0.0,0.0,9.42,4.21,0.0
20190423:0510,15985.0,53.45,9.46,9.41,4.14,0.0
20190423:0610,75975.0,196.78,19.19,10.48,3.66,0.0
20190423:0710,160415.0,386.82,28.8,12.05,4.34,0.0
20190423:0810,203170.0,489.65,37.82,14.17,4.48,0.0
20190423:0910,230605.0,561.11,45.57,16.13,4.62,0.0
20190423:1010,273255.0,672.13,51.05,17.69,4.69,0.0
20190423:1110,285030.0,706.93,53.08,19.01,4.69,0.0
20190423:1210,312710.0,780.64,51.08,20.12,4.9,0.0
20190423:1310,177355.0,442.56,45.63,20.67,4.83,0.0
20190423:1410,93950.0,242.79,37.89,20.46,4.83,0.0
20190423:1510,73350.0,193.55,28.87,19.8,4.76,0.0
20190423:1610,28840.0,86.4,19.26,18.55,4.0,0.0
20190423:1710,12470.0,44.88,9.54,17.46,3.86,0.0
20190423:1810,0.0,0.0,0.0,16.17,3.45,0.0
20190423:1910,0.0,0.0,0.0,14.13,3.52,0.0
20190423:2010,0.0,0.0,0.0,13.38,3.38,0.0
20190423:2110,0.0,0.0,0.0,12.46,3.17,0.0
20190423:2210,0.0,0.0,0.0,11.65,2.97,0.0
20190423:2310,0.0,0.0,0.0,11.02,2.9,0.0
20190424:0010,0.0,0.0,0.0,10.45,2.76,0.0
20190424:0110,0.0,0.0,0.0,9.95,2.62,0.0
20190424:0210,0.0,0.0,0.0,9.48,2.62,0.0
20190424:0310,0.0,0.0,0.0,9.17,2.55,0.0
20190424:0410,0.0,0.0,0.0,8.75,2.48,0.0
20190424:0510,19345.0,82.04,9.74,8.83,2.41,0.0
20190424:0610,115755.0,301.4,19.47,10.37,2.41,0.0
20190424:0710,219850.0,534.31,29.08,13.43,3.1,0.0
20190424:0810,306060.0,751.93,38.12,15.71,3.31,0.0
20190424:0910,367300.0,927.81,45.89,17.87,3.17,0.0
20190424:1010,396565.0,1026.21,51.38,19.78,2.97,0.0
20190424:1110,395380.0,1034.88,53.41,21.29,2.83,0.0
20190424:1210,381755.0,999.95,51.38,22.45,2.83,0.0
20190424:1310,339840.0,877.76,45.9,23.19,3.1,0.0
20190424:1410,232305.0,589.93,38.13,23.56,3.31,0.0
20190424:1510,88365.0,233.85,29.09,23.59,3.45,0.0
20190424:1610,54335.0,154.02,19.48,23.27,3.38,0.0
20190424:1710,15400.0,53.7,9.75,22.11,2.62,0.0
20190424:1810,0.0,0.0,0.0,20.3,2.55,0.0
20190424:1910,0.0,0.0,0.0,19.01,2.41,0.0
20190424:2010,0.0,0.0,0.0,17.71,3.17,0.0
20190424:2110,0.0,0.0,0.0,13.81,5.79,0.0
20190424:2210,0.0,0.0,0.0,11.36,4.0,0.0
20190424:2310,0.0,0.0,0.0,10.84,3.03,0.0
20190425:0010,0.0,0.0,0.0,10.19,1.38,0.0
20190425:0110,0.0,0.0,0.0,9.36,0.69,0.0
20190425:0210,0.0,0.0,0.0,8.75,1.52,0.0
20190425:0310,0.0,0.0,0.0,8.05,1.59,0.0
20190425:0410,0.0,0.0,0.0,7.35,1.59,0.0
20190425:0510,20325.0,86.22,10.02,7.21,1.31,0.0
20190425:0610,118870.0,310.54,19.74,9.95,1.03,0.0
20190425:0710,225245.0,553.47,29.36,13.42,1.79,0.0
20190425:0810,309770.0,767.24,38.41,16.25,2.9,0.0
20190425:0910,372255.0,938.56,46.2,18.45,3.72,0.0
20190425:1010,407260.0,1044.12,51.71,20.08,4.0,0.0
20190425:1110,412110.0,1066.33,53.74,21.2,3.93,0.0
20190425:1210,339485.0,868.54,51.69,22.17,3.86,0.0
20190425:1310,296555.0,752.83,46.16,22.86,4.0,0.0
20190425:1410,139410.0,356.1,38.37,23.26,4.07,0.0
20190425:1510,115430.0,299.56,29.31,23.32,3.79,0.0
20190425:1610,69930.0,198.17,19.69,23.18,3.38,0.0
20190425:1710,17945.0,61.09,9.97,22.24,2.41,0.0
20190425:1810,0.0,0.0,0.0,20.19,2.41,0.0
20190425:1910,0.0,0.0,0.0,18.47,2.48,0.0
20190425:2010,0.0,0.0,0.0,17.09,2.48,0.0
20190425:2110,0.0,0.0,0.0,16.07,2.55,0.0
20190425:2210,0.0,0.0,0.0,15.15,2.55,0.0
20190425:2310,0.0,0.0,0.0,14.17,2.28,0.0
20190426:0010,0.0,0.0,0.0,13.04,1.93,0.0
20190426:0110,0.0,0.0,0.0,11.86,1.79,0.0
20190426:0210,0.0,0.0,0.0,10.82,1.86,0.0
20190426:0310,0.0,0.0,0.0,9.96,1.79,0.0
20190426:0410,0.0,0.0,0.0,9.27,1.79,0.0
20190426:0510,21020.0,87.11,10.29,9.25,1.66,0.0
20190426:0610,113785.0,295.71,20.01,10.46,1.86,0.0
20190426:0710,204395.0,490.79,29.64,11.54,3.59,0.0
20190426:0810,267215.0,642.0,38.7,13.1,4.07,0.0
20190426:0910,258450.0,626.24,46.51,14.3,4.0,0.0
20190426:1010,178345.0,434.66,52.03,14.88,4.34,0.0
20190426:1110,48645.0,131.44,54.06,13.96,4.9,0.0
20190426:1210,30190.0,87.32,51.99,12.13,5.1,0.0
20190426:1310,61425.0,159.01,46.43,10.84,4.69,0.0
20190426:1410,18180.0,57.91,38.6,10.38,4.28,0.0
20190426:1510,16675.0,54.23,29.53,10.56,4.21,0.0
20190426:1610,9530.0,35.85,19.9,10.11,3.52,0.0
20190426:1710,3995.0,20.22,10.19,9.5,2.55,0.0
20190426:1810,0.0,0.0,0.0,9.11,2.41,0.0
20190426:1910,0.0,0.0,0.0,7.97,2.48,0.0
20190426:2010,0.0,0.0,0.0,7.88,2.41,0.0
20190426:2110,0.0,0.0,0.0,7.81,2.62,0.0
20190426:2210,0.0,0.0,0.0,7.58,2.48,0.0
20190426:2310,0.0,0.0,0.0,7.64,2.62,0.0
20190427:0010,0.0,0.0,0.0,7.57,2.69,0.0
20190427:0110,0.0,0.0,0.0,7.41,2.41,0.0
20190427:0210,0.0,0.0,0.0,7.29,2.14,0.0
20190427:0310,0.0,0.0,0.0,7.05,2.07,0.0
20190427:0410,0.0,0.0,0.0,6.77,1.93,0.0
20190427:0510,4675.0,22.06,10.56,6.73,1.66,0.0
20190427:0610,16145.0,52.39,20.28,7.74,1.93,0.0
20190427:0710,27910.0,80.88,29.91,8.38,1.93,0.0
20190427:0810,134620.0,326.08,38.98,9.71,2.21,0.0
20190427:0910,169880.0,411.09,46.81,11.02,2.21,0.0
20190427:1010,367480.0,918.33,52.35,12.62,2.28,0.0
20190427:1110,353515.0,885.64,54.38,13.62,2.28,0.0
20190427:1210,25180.0,76.29,52.28,14.74,2.62,0.0
20190427:1310,164815.0,405.31,46.69,15.02,2.83,0.0
20190427:1410,42070.0,116.73,38.84,14.93,3.31,0.0
20190427:1510,51600.0,136.95,29.75,11.63,5.03,0.0
20190427:1610,21685.0,66.18,20.11,9.25,4.14,0.0
20190427:1710,7210.0,29.41,10.4,8.67,2.76,0.0
20190427:1810,0.0,0.0,0.0,8.34,2.07,0.0
20190427:1910,0.0,0.0,0.0,7.79,2.9,0.0
20190427:2010,0.0,0.0,0.0,7.03,3.17,0.0
20190427:2110,0.0,0.0,0.0,6.57,3.38,0.0
20190427:2210,0.0,0.0,0.0,6.06,3.31,0.0
20190427:2310,0.0,0.0,0.0,5.74,3.17,0.0
20190428:0010,0.0,0.0,0.0,5.52,3.17,0.0
20190428:0110,0.0,0.0,0.0,5.26,3.52,0.0
20190428:0210,0.0,0.0,0.0,5.0,3.45,0.0
20190428:0310,0.0,0.0,0.0,4.79,3.24,0.0
20190428:0410,0.0,0.0,0.0,4.57,2.83,0.0
20190428:0510,7035.0,28.49,10.82,4.5,2.48,0.0
20190428:0610,67160.0,170.08,20.54,4.86,3.17,0.0
20190428:0710,54765.0,140.63,30.17,5.29,4.0,0.0
20190428:0810,146865.0,347.45,39.26,6.38,3.31,0.0
20190428:0910,71205.0,179.23,47.1,7.57,3.24,0.0
20190428:1010,190935.0,454.64,52.67,8.48,2.83,0.0
20190428:1110,135960.0,329.24,54.7,9.24,2.41,0.0
20190428:1210,167135.0,403.89,52.58,9.98,2.0,0.0
20190428:1310,132915.0,324.69,46.95,10.62,1.86,0.0
20190428:1410,280640.0,683.17,39.07,11.04,1.79,0.0
20190428:1510,194515.0,476.51,29.96,11.15,1.86,0.0
20190428:1610,81990.0,221.8,20.32,11.11,1.86,0.0
20190428:1710,10410.0,43.22,10.61,10.69,1.86,0.0
20190428:1810,0.0,0.0,0.0,10.1,1.66,0.0
20190428:1910,0.0,0.0,0.0,8.35,1.59,0.0
20190428:2010,0.0,0.0,0.0,7.45,1.66,0.0
20190428:2110,0.0,0.0,0.0,6.73,1.72,0.0
20190428:2210,0.0,0.0,0.0,6.23,1.66,0.0
20190428:2310,0.0,0.0,0.0,5.69,1.79,0.0
20190429:0010,0.0,0.0,0.0,5.6,1.86,0.0
20190429:0110,0.0,0.0,0.0,5.49,1.93,0.0
20190429:0210,0.0,0.0,0.0,5.69,1.86,0.0
20190429:0310,0.0,0.0,0.0,5.55,1.79,0.0
20190429:0410,0.0,0.0,0.0,5.34,1.72,0.0
20190429:0510,4395.0,21.14,11.08,5.5,1.66,0.0
20190429:0610,25410.0,74.45,20.79,6.65,1.93,0.0
20190429:0710,36745.0,101.1,30.43,7.65,2.9,0.0
20190429:0810,63180.0,161.77,39.53,8.8,4.0,0.0
20190429:0910,118670.0,287.68,47.4,9.25,4.0,0.0
20190429:1010,107345.0,261.94,52.98,9.22,4.34,0.0
20190429:1110,78585.0,196.69,55.01,9.1,4.48,0.0
20190429:1210,74170.0,186.58,52.87,9.05,4.83,0.0
20190429:1310,85015.0,210.48,47.21,8.25,4.41,0.0
20190429:1410,60235.0,154.41,39.3,7.81,4.21,0.0
20190429:1510,48940.0,128.68,30.18,7.45,4.28,0.0
20190429:1610,26970.0,78.13,20.53,7.1,3.93,0.0
20190429:1710,9695.0,35.85,10.82,6.87,3.66,0.0
20190429:1810,0.0,0.0,0.0,6.76,3.38,0.0
20190429:1910,0.0,0.0,0.0,6.45,2.9,0.0
20190429:2010,0.0,0.0,0.0,6.42,2.69,0.0
20190429:2110,0.0,0.0,0.0,6.39,2.55,0.0
20190429:2210,0.0,0.0,0.0,6.41,2.55,0.0
20190429:2310,0.0,0.0,0.0,6.46,2.69,0.0
20190430:0010,0.0,0.0,0.0,6.64,2.9,0.0
20190430:0110,0.0,0.0,0.0,6.89,2.69,0.0
20190430:0210,0.0,0.0,0.0,7.06,2.55,0.0
20190430:0310,0.0,0.0,0.0,6.98,2.55,0.0
20190430:0410,0.0,0.0,0.0,6.25,2.9,0.0
20190430:0510,24460.0,74.44,11.34,5.67,2.97,0.0
20190430:0610,109410.0,272.89,21.04,5.55,3.38,0.0
20190430:0710,193975.0,454.92,30.69,6.38,3.66,0.0
20190430:0810,324545.0,763.86,39.8,7.99,4.21,0.0
20190430:0910,385130.0,931.13,47.68,10.27,3.93,0.0
20190430:1010,417010.0,1032.13,53.28,11.71,3.45,0.0
20190430:1110,405180.0,1010.39,55.32,12.89,3.24,0.0
20190430:1210,306860.0,752.71,53.15,13.75,3.17,0.0
20190430:1310,203565.0,496.5,47.46,14.53,3.17,0.0
20190430:1410,182385.0,444.75,39.52,14.44,3.17,0.0
20190430:1510,180535.0,445.76,30.39,14.73,3.17,0.0
20190430:1610,87380.0,245.49,20.73,14.36,3.1,0.0
20190430:1710,11220.0,46.13,11.03,13.59,2.76,0.0
20190430:1810,0.0,0.0,0.0,12.27,2.48,0.0
20190430:1910,0.0,0.0,0.0,10.64,2.28,0.0
20190430:2010,0.0,0.0,0.0,9.35,2.14,0.0
20190430:2110,0.0,0.0,0.0,8.2,1.86,0.0
20190430:2210,0.0,0.0,0.0,7.16,1.79,0.0
20190430:2310,0.0,0.0,0.0,6.35,1.86,0.0
20190501:0010,0.0,0.0,0.0,5.38,1.79,0.0
20190501:0110,0.0,0.0,0.0,4.59,1.79,0.0
20190501:0210,0.0,0.0,0.0,4.07,1.86,0.0
20190501:0310,0.0,0.0,0.0,3.68,1.93,0.0
20190501:0410,0.0,0.0,0.0,3.32,1.93,0.0
20190501:0510,28225.0,95.39,11.58,3.74,1.59,0.0
20190501:0610,117405.0,299.18,21.29,7.33,1.24,0.0
20190501:0710,198500.0,479.53,30.94,9.82,1.52,0.0
20190501:0810,259140.0,632.28,40.06,12.11,1.72,0.0
20190501:0910,170375.0,417.18,47.97,14.07,2.62,0.0
20190501:1010,111860.0,280.29,53.58,14.92,2.9,0.0
20190501:1110,209330.0,514.01,55.62,15.2,2.9,0.0
20190501:1210,145495.0,360.72,53.43,15.54,2.83,0.0
20190501:1310,73810.0,192.1,47.71,15.83,2.55,0.0
20190501:1410,211055.0,520.19,39.75,16.38,2.62,0.0
20190501:1510,157720.0,395.02,30.6,16.75,2.48,0.0
20190501:1610,58170.0,158.48,20.94,16.65,2.55,0.0
20190501:1710,21215.0,67.64,11.23,16.02,2.21,0.0
20190501:1810,0.0,0.0,0.0,14.6,2.34,0.0
20190501:1910,0.0,0.0,0.0,12.71,1.86,0.0
20190501:2010,0.0,0.0,0.0,11.5,1.93,0.0
20190501:2110,0.0,0.0,0.0,10.52,1.93,0.0
20190501:2210,0.0,0.0,0.0,9.68,1.86,0.0
20190501:2310,0.0,0.0,0.0,8.95,1.79,0.0
20190502:0010,0.0,0.0,0.0,8.38,1.86,0.0
20190502:0110,0.0,0.0,0.0,7.78,2.0,0.0
20190502:0210,0.0,0.0,0.0,7.48,2.0,0.0
20190502:0310,0.0,0.0,0.0,7.21,2.0,0.0
20190502:0410,0.0,0.0,0.0,7.02,2.07,0.0
20190502:0510,27765.0,100.89,11.83,7.95,1.79,0.0
20190502:0610,120445.0,310.24,21.53,10.25,1.66,0.0
20190502:0710,161395.0,392.46,31.19,11.29,1.86,0.0
20190502:0810,313720.0,772.14,40.32,13.21,2.21,0.0
20190502:0910,370070.0,926.85,48.24,14.87,2.76,0.0
20190502:1010,352520.0,877.12,53.88,16.19,3.86,0.0
20190502:1110,317465.0,782.34,55.92,16.93,4.83,0.0
20190502:1210,232855.0,570.28,53.71,16.92,4.69,0.0
20190502:1310,199500.0,488.49,47.96,16.84,4.62,0.0
20190502:1410,146225.0,362.0,39.97,17.13,4.48,0.0
20190502:1510,180660.0,448.59,30.8,16.57,3.79,0.0
20190502:1610,74135.0,200.73,21.14,16.34,3.52,0.0
20190502:1710,22270.0,71.17,11.44,15.64,2.55,0.0
20190502:1810,0.0,0.0,0.0,14.25,2.14,0.0
20190502:1910,0.0,0.0,0.0,12.95,1.93,0.0
20190502:2010,0.0,0.0,0.0,12.03,2.07,0.0
20190502:2110,0.0,0.0,0.0,11.04,2.28,0.0
20190502:2210,0.0,0.0,0.0,10.45,2.41,0.0
20190502:2310,0.0,0.0,0.0,9.81,2.48,0.0
20190503:0010,0.0,0.0,0.0,9.48,2.48,0.0
20190503:0110,0.0,0.0,0.0,9.16,2.55,0.0
20190503:0210,0.0,0.0,0.0,8.87,2.55,0.0
20190503:0310,0.0,0.0,0.0,8.5,2.55,0.0
20190503:0410,0.0,1.72,2.69,8.06,2.34,0.0
20190503:0510,12460.0,43.2,12.07,8.09,2.41,0.0
20190503:0610,16850.0,54.23,21.77,8.25,2.21,0.0
20190503:0710,86190.0,214.34,31.43,8.84,2.55,0.0
20190503:0810,40410.0,110.3,40.58,9.25,2.55,0.0
20190503:0910,144535.0,350.38,48.52,10.59,2.69,0.0
20190503:1010,118205.0,290.8,54.17,11.33,2.62,0.0
20190503:1110,283165.0,689.83,56.22,11.67,2.55,0.0
20190503:1210,298780.0,728.4,53.99,12.2,2.9,0.0
20190503:1310,239195.0,577.66,48.2,12.8,3.45,0.0
20190503:1410,34690.0,98.35,40.19,12.83,3.59,0.0
20190503:1510,111960.0,277.54,31.01,12.76,3.59,0.0
20190503:1610,54380.0,145.42,21.34,12.24,3.45,0.0
20190503:1710,13225.0,51.57,11.64,11.47,3.17,0.0
20190503:1810,0.0,0.0,0.0,10.61,2.55,0.0
20190503:1910,0.0,0.0,0.0,9.03,1.86,0.0
20190503:2010,0.0,0.0,0.0,8.16,1.45,0.0
20190503:2110,0.0,0.0,0.0,7.37,1.45,0.0
20190503:2210,0.0,0.0,0.0,6.74,1.52,0.0
20190503:2310,0.0,0.0,0.0,6.03,1.59,0.0
20190504:0010,0.0,0.0,0.0,5.26,1.59,0.0
20190504:0110,0.0,0.0,0.0,4.45,1.59,0.0
20190504:0210,0.0,0.0,0.0,3.82,1.59,0.0
20190504:0310,0.0,0.0,0.0,3.48,1.59,0.0
20190504:0410,0.0,3.45,2.94,3.57,1.66,0.0
20190504:0510,15270.0,49.63,12.3,4.61,1.59,0.0
20190504:0610,23090.0,68.93,22.0,6.51,1.72,0.0
20190504:0710,26095.0,76.29,31.66,7.5,2.41,0.0
20190504:0810,44660.0,119.49,40.82,8.21,3.17,0.0
20190504:0910,70725.0,179.23,48.78,9.06,3.38,0.0
20190504:1010,54590.0,142.47,54.46,9.05,3.86,0.0
20190504:1110,83220.0,205.89,56.51,7.35,3.79,0.0
20190504:1210,58500.0,149.82,54.26,6.23,2.83,0.0
20190504:1310,64345.0,162.69,48.44,5.71,2.55,0.0
20190504:1410,62790.0,159.01,40.41,5.63,3.03,0.0
20190504:1510,60465.0,153.59,31.21,5.35,3.17,0.0
20190504:1610,23675.0,69.85,21.54,5.11,3.1,0.0
20190504:1710,23460.0,69.92,11.84,4.97,2.9,0.0
20190504:1810,0.0,0.0,0.0,4.74,2.21,0.0
20190504:1910,0.0,0.0,0.0,3.66,1.93,0.0
20190504:2010,0.0,0.0,0.0,3.44,1.66,0.0
20190504:2110,0.0,0.0,0.0,3.19,1.66,0.0
20190504:2210,0.0,0.0,0.0,2.81,1.86,0.0
20190504:2310,0.0,0.0,0.0,2.36,2.0,0.0
20190505:0010,0.0,0.0,0.0,2.2,2.07,0.0
20190505:0110,0.0,0.0,0.0,1.95,2.21,0.0
20190505:0210,0.0,0.0,0.0,1.71,2.21,0.0
20190505:0310,0.0,0.0,0.0,1.48,2.07,0.0
20190505:0410,0.0,1.72,3.17,1.29,2.0,0.0
20190505:0510,5465.0,23.9,12.53,1.59,1.72,0.0
20190505:0610,76445.0,189.08,22.23,2.64,3.17,0.0
20190505:0710,104300.0,249.0,31.9,3.37,3.17,0.0
20190505:0810,135170.0,318.77,41.07,4.51,3.31,0.0
20190505:0910,166640.0,392.32,49.04,5.7,3.1,0.0
20190505:1010,315300.0,750.12,54.74,7.02,3.1,0.0
20190505:1110,347925.0,837.28,56.8,7.84,3.03,0.0
20190505:1210,237395.0,565.04,54.53,8.6,2.97,0.0
20190505:1310,143665.0,345.5,48.68,8.95,2.97,0.0
20190505:1410,56560.0,147.06,40.62,9.0,3.17,0.0
20190505:1510,60375.0,155.42,31.41,8.47,3.1,0.0
20190505:1610,70125.0,181.49,21.73,8.32,2.9,0.0
20190505:1710,22570.0,71.65,12.04,8.13,2.62,0.0
20190505:1810,0.0,2.59,2.71,7.45,1.86,0.0
20190505:1910,0.0,0.0,0.0,5.99,1.86,0.0
20190505:2010,0.0,0.0,0.0,5.11,1.72,0.0
20190505:2110,0.0,0.0,0.0,4.46,1.72,0.0
20190505:2210,0.0,0.0,0.0,3.79,1.72,0.0
20190505:2310,0.0,0.0,0.0,3.17,1.59,0.0
20190506:0010,0.0,0.0,0.0,2.72,1.52,0.0
20190506:0110,0.0,0.0,0.0,2.19,1.52,0.0
20190506:0210,0.0,0.0,0.0,1.61,1.52,0.0
20190506:0310,0.0,0.0,0.0,1.18,1.52,0.0
20190506:0410,1355.0,11.2,3.41,0.87,1.52,0.0
20190506:0510,25300.0,73.91,12.76,1.46,1.24,0.0
20190506:0610,97540.0,241.1,22.45,3.5,1.24,0.0
20190506:0710,231915.0,548.21,32.12,5.19,1.72,0.0
20190506:0810,143745.0,342.27,41.3,6.36,2.21,0.0
20190506:0910,178090.0,421.41,49.3,6.86,2.76,0.0
20190506:1010,150690.0,359.53,55.02,7.48,3.03,0.0
20190506:1110,288210.0,687.39,57.08,8.46,3.24,0.0
20190506:1210,216620.0,515.48,54.79,9.18,3.38,0.0
20190506:1310,43975.0,118.57,48.92,9.54,3.17,0.0
20190506:1410,163765.0,391.82,40.83,9.67,3.38,0.0
20190506:1510,46750.0,125.0,31.61,9.75,3.52,0.0
20190506:1610,25105.0,74.45,21.93,9.43,3.45,0.0
20190506:1710,25540.0,76.5,12.24,9.0,3.17,0.0
20190506:1810,0.0,5.17,2.92,8.11,2.55,0.0
20190506:1910,0.0,0.0,0.0,6.56,1.86,0.0
20190506:2010,0.0,0.0,0.0,5.53,1.79,0.0
20190506:2110,0.0,0.0,0.0,4.67,1.79,0.0
20190506:2210,0.0,0.0,0.0,3.92,1.79,0.0
20190506:2310,0.0,0.0,0.0,3.29,1.79,0.0
20190507:0010,0.0,0.0,0.0,2.95,1.79,0.0
20190507:0110,0.0,0.0,0.0,2.3,1.72,0.0
20190507:0210,0.0,0.0,0.0,1.61,1.66,0.0
20190507:0310,0.0,0.0,0.0,1.02,1.59,0.0
20190507:0410,0.0,4.31,3.63,0.7,1.59,0.0
20190507:0510,27445.0,79.36,12.98,1.56,1.1,0.0
20190507:0610,127925.0,320.18,22.67,4.42,1.03,0.0
20190507:0710,224835.0,538.42,32.34,6.4,0.97,0.0
20190507:0810,296025.0,715.73,41.53,7.96,1.38,0.0
20190507:0910,109025.0,267.22,49.55,9.04,2.14,0.0
20190507:1010,71930.0,182.91,55.29,9.52,1.93,0.0
20190507:1110,83650.0,210.48,57.36,10.36,2.0,0.0
20190507:1210,163115.0,395.92,55.05,10.77,2.07,0.0
20190507:1310,134235.0,328.3,49.15,10.94,1.93,0.0
20190507:1410,157475.0,383.23,41.04,11.39,1.86,0.0
20190507:1510,128890.0,317.82,31.8,11.18,1.45,0.0
20190507:1610,72595.0,190.94,22.12,11.16,1.38,0.0
20190507:1710,25495.0,78.74,12.44,11.04,0.83,0.0
20190507:1810,75.0,6.03,3.12,10.2,0.34,0.0
20190507:1910,0.0,0.0,0.0,8.8,1.59,0.0
20190507:2010,0.0,0.0,0.0,7.22,1.79,0.0
20190507:2110,0.0,0.0,0.0,5.92,1.93,0.0
20190507:2210,0.0,0.0,0.0,5.23,2.0,0.0
20190507:2310,0.0,0.0,0.0,4.87,2.07,0.0
20190508:0010,0.0,0.0,0.0,4.15,2.21,0.0
20190508:0110,0.0,0.0,0.0,3.66,2.21,0.0
20190508:0210,0.0,0.0,0.0,3.37,2.21,0.0
20190508:0310,0.0,0.0,0.0,3.76,2.14,0.0
20190508:0410,0.0,2.59,3.86,3.32,2.14,0.0
20190508:0510,22375.0,67.07,13.19,4.24,2.14,0.0
20190508:0610,18130.0,56.99,22.88,6.48,2.21,0.0
20190508:0710,95390.0,233.87,32.56,7.52,2.55,0.0
20190508:0810,233230.0,555.39,41.76,9.51,2.83,0.0
20190508:0910,346110.0,847.24,49.8,11.69,2.83,0.0
20190508:1010,310360.0,765.72,55.55,13.73,2.69,0.0
20190508:1110,52125.0,140.63,57.63,15.09,2.62,0.0
20190508:1210,104505.0,263.61,55.31,15.45,2.97,0.0
20190508:1310,98105.0,247.88,49.38,14.68,2.69,0.0
20190508:1410,56690.0,150.74,41.25,13.67,1.66,0.0
20190508:1510,32640.0,93.75,32.0,12.92,1.45,0.0
20190508:1610,26240.0,78.13,22.31,12.05,1.31,0.0
20190508:1710,9815.0,36.77,12.63,11.01,1.24,0.0
20190508:1810,0.0,5.17,3.33,10.13,1.59,0.0
20190508:1910,0.0,0.0,0.0,9.82,1.66,0.0
20190508:2010,0.0,0.0,0.0,9.36,1.38,0.0
20190508:2110,0.0,0.0,0.0,9.15,1.45,0.0
20190508:2210,0.0,0.0,0.0,9.14,2.0,0.0
20190508:2310,0.0,0.0,0.0,9.27,2.69,0.0
20190509:0010,0.0,0.0,0.0,9.24,2.97,0.0
20190509:0110,0.0,0.0,0.0,8.77,2.76,0.0
20190509:0210,0.0,0.0,0.0,8.22,2.55,0.0
20190509:0310,0.0,0.0,0.0,7.75,2.41,0.0
20190509:0410,2805.0,16.37,4.07,7.36,2.14,0.0
20190509:0510,31475.0,113.96,13.4,7.33,1.93,0.0
20190509:0610,37800.0,103.86,23.08,8.03,1.66,0.0
20190509:0710,181665.0,434.29,32.77,9.09,2.62,0.0
20190509:0810,179835.0,431.1,41.98,10.28,2.83,0.0
20190509:0910,170555.0,413.45,50.04,11.81,2.69,0.0
20190509:1010,373540.0,938.29,55.82,13.21,2.28,0.0
20190509:1110,230085.0,566.64,57.9,14.29,2.14,0.0
20190509:1210,47120.0,128.68,55.56,14.73,2.48,0.0
20190509:1310,155215.0,383.11,49.6,14.84,2.48,0.0
20190509:1410,180425.0,437.16,41.45,13.51,3.79,0.0
20190509:1510,38965.0,107.54,32.19,10.97,4.0,0.0
20190509:1610,58545.0,153.89,22.5,10.34,3.17,0.0
20190509:1710,11590.0,41.36,12.82,10.67,2.69,0.0
20190509:1810,0.0,3.45,3.53,10.33,3.17,0.0
20190509:1910,0.0,0.0,0.0,9.68,3.79,0.0
20190509:2010,0.0,0.0,0.0,9.32,4.07,0.0
20190509:2110,0.0,0.0,0.0,9.32,4.62,0.0
20190509:2210,0.0,0.0,0.0,9.39,5.24,0.0
20190509:2310,0.0,0.0,0.0,9.22,4.69,0.0
20190510:0010,0.0,0.0,0.0,9.06,4.28,0.0
20190510:0110,0.0,0.0,0.0,8.65,3.72,0.0
20190510:0210,0.0,0.0,0.0,8.5,3.59,0.0
20190510:0310,0.0,0.0,0.0,8.29,3.38,0.0
20190510:0410,250.0,6.89,4.28,8.19,3.17,0.0
20190510:0510,8585.0,33.09,13.6,8.19,2.97,0.0
20190510:0610,60270.0,155.7,23.29,8.61,3.79,0.0
20190510:0710,130645.0,316.41,32.97,9.99,3.24,0.0
20190510:0810,282525.0,678.03,42.2,11.26,3.38,0.0
20190510:0910,305265.0,735.56,50.27,12.07,4.07,0.0
20190510:1010,348625.0,847.26,56.07,13.12,4.69,0.0
20190510:1110,379060.0,926.96,58.16,13.92,5.1,0.0
20190510:1210,374635.0,917.52,55.8,14.65,5.1,0.0
20190510:1310,55065.0,147.06,49.82,15.06,4.76,0.0
20190510:1410,127900.0,316.34,41.65,15.08,4.28,0.0
20190510:1510,154275.0,380.25,32.38,14.67,3.86,0.0
20190510:1610,66825.0,177.52,22.68,14.57,3.45,0.0
20190510:1710,27350.0,82.8,13.01,13.94,2.41,0.0
20190510:1810,0.0,4.31,3.73,13.05,1.66,0.0
20190510:1910,0.0,0.0,0.0,11.5,1.66,0.0
20190510:2010,0.0,0.0,0.0,10.29,1.66,0.0
20190510:2110,0.0,0.0,0.0,9.23,1.72,0.0
20190510:2210,0.0,0.0,0.0,8.07,1.52,0.0
20190510:2310,0.0,0.0,0.0,7.14,1.31,0.0
20190511:0010,0.0,0.0,0.0,6.95,1.31,0.0
20190511:0110,0.0,0.0,0.0,5.84,1.66,0.0
20190511:0210,0.0,0.0,0.0,5.98,1.52,0.0
20190511:0310,0.0,0.0,0.0,6.61,1.86,0.0
20190511:0410,0.0,3.45,4.49,7.42,2.14,0.0
20190511:0510,6235.0,26.65,13.8,8.18,2.28,0.0
20190511:0610,17885.0,56.99,23.48,9.21,2.28,0.0
20190511:0710,90135.0,224.88,33.17,10.39,2.48,0.0
20190511:0810,144085.0,348.78,42.41,10.68,2.83,0.0
20190511:0910,72880.0,186.58,50.5,12.0,3.03,0.0
20190511:1010,285840.0,697.48,56.32,14.47,3.93,0.0
20190511:1110,219615.0,540.01,58.42,16.18,3.52,0.0
20190511:1210,196285.0,485.45,56.05,17.02,3.24,0.0
20190511:1310,308170.0,769.59,50.04,17.32,2.97,0.0
20190511:1410,156320.0,383.75,41.85,15.24,3.72,0.0
20190511:1510,52950.0,141.55,32.56,13.71,3.45,0.0
20190511:1610,19300.0,61.58,22.87,13.89,2.21,0.0
20190511:1710,16045.0,53.31,13.2,13.45,2.0,0.0
20190511:1810,0.0,2.59,3.92,12.35,2.21,0.0
20190511:1910,0.0,0.0,0.0,10.86,1.93,0.0
20190511:2010,0.0,0.0,0.0,9.92,2.0,0.0
20190511:2110,0.0,0.0,0.0,9.28,2.34,0.0
20190511:2210,0.0,0.0,0.0,8.67,3.31,0.0
20190511:2310,0.0,0.0,0.0,8.02,4.21,0.0
20190512:0010,0.0,0.0,0.0,7.45,4.14,0.0
20190512:0110,0.0,0.0,0.0,6.96,4.07,0.0
20190512:0210,0.0,0.0,0.0,6.62,4.07,0.0
20190512:0310,0.0,0.0,0.0,6.14,4.28,0.0
20190512:0410,0.0,4.31,4.69,5.82,4.14,0.0
20190512:0510,4085.0,20.22,13.99,5.67,3.93,0.0
20190512:0610,10105.0,36.77,23.67,5.74,3.79,0.0
20190512:0710,50190.0,130.52,33.36,5.56,4.07,0.0
20190512:0810,61960.0,157.17,42.61,6.25,4.69,0.0
20190512:0910,154890.0,365.82,50.72,7.28,5.1,0.0
20190512:1010,83100.0,205.89,56.56,8.19,5.1,0.0
20190512:1110,225655.0,533.85,58.67,9.78,5.17,0.0
20190512:1210,168235.0,402.27,56.29,10.43,4.9,0.0
20190512:1310,175650.0,419.91,50.25,10.72,4.55,0.0
20190512:1410,222875.0,531.7,42.04,11.46,4.28,0.0
20190512:1510,184545.0,446.63,32.75,11.48,4.07,0.0
20190512:1610,62870.0,164.62,23.05,11.35,4.07,0.0
20190512:1710,28385.0,85.76,13.38,10.96,3.38,0.0
20190512:1810,1045.0,10.34,4.12,10.27,2.9,0.0
20190512:1910,0.0,0.0,0.0,9.53,2.55,0.0
20190512:2010,0.0,0.0,0.0,9.08,2.76,0.0
20190512:2110,0.0,0.0,0.0,8.7,3.03,0.0
20190512:2210,0.0,0.0,0.0,8.36,3.03,0.0
20190512:2310,0.0,0.0,0.0,7.87,2.9,0.0
20190513:0010,0.0,0.0,0.0,7.42,2.69,0.0
20190513:0110,0.0,0.0,0.0,6.79,2.62,0.0
20190513:0210,0.0,0.0,0.0,6.18,2.62,0.0
20190513:0310,0.0,0.0,0.0,5.48,2.69,0.0
20190513:0410,4550.0,21.55,4.89,4.97,2.76,0.0
20190513:0510,38900.0,121.65,14.18,5.24,2.62,0.0
20190513:0610,141715.0,355.64,23.85,6.42,2.97,0.0
20190513:0710,252015.0,597.02,33.55,7.86,3.17,0.0
20190513:0810,336940.0,806.98,42.81,9.32,3.31,0.0
20190513:0910,398485.0,973.58,50.94,10.5,3.45,0.0
20190513:1010,431530.0,1068.56,56.8,11.46,3.66,0.0
20190513:1110,444345.0,1106.28,58.92,12.12,3.79,0.0
20190513:1210,423845.0,1054.49,56.52,12.9,3.66,0.0
20190513:1310,331060.0,808.17,50.47,12.97,3.52,0.0
20190513:1410,286825.0,693.93,42.23,12.87,3.52,0.0
20190513:1510,210970.0,516.13,32.93,13.03,3.59,0.0
20190513:1610,97660.0,272.75,23.23,12.31,3.66,0.0
20190513:1710,10660.0,51.01,13.57,11.57,3.52,0.0
20190513:1810,3565.0,18.96,4.31,10.36,3.45,0.0
20190513:1910,0.0,0.0,0.0,9.02,3.24,0.0
20190513:2010,0.0,0.0,0.0,7.9,2.69,0.0
20190513:2110,0.0,0.0,0.0,6.94,2.14,0.0
20190513:2210,0.0,0.0,0.0,6.14,1.93,0.0
20190513:2310,0.0,0.0,0.0,5.46,1.93,0.0
20190514:0010,0.0,0.0,0.0,4.92,1.93,0.0
20190514:0110,0.0,0.0,0.0,4.25,1.93,0.0
20190514:0210,0.0,0.0,0.0,3.59,1.93,0.0
20190514:0310,0.0,0.0,0.0,3.55,2.0,0.0
20190514:0410,4895.0,22.41,5.08,3.05,2.07,0.0
20190514:0510,37270.0,105.82,14.36,4.03,2.14,0.0
20190514:0610,126190.0,313.5,24.03,6.08,2.48,0.0
20190514:0710,246115.0,581.67,33.73,7.67,3.31,0.0
20190514:0810,249960.0,589.06,43.0,8.61,4.0,0.0
20190514:0910,253290.0,598.72,51.15,9.15,4.34,0.0
20190514:1010,233555.0,554.64,57.04,9.82,4.34,0.0
20190514:1110,168425.0,403.24,59.17,10.32,4.55,0.0
20190514:1210,90935.0,226.11,56.75,10.63,4.48,0.0
20190514:1310,141490.0,341.14,50.67,10.64,4.76,0.0
20190514:1410,309625.0,737.87,42.42,10.81,4.28,0.0
20190514:1510,207855.0,501.79,33.11,10.87,4.07,0.0
20190514:1610,94120.0,249.89,23.4,10.67,3.79,0.0
20190514:1710,12185.0,54.31,13.75,9.02,4.83,0.0
20190514:1810,3640.0,18.96,4.5,6.89,4.0,0.0
20190514:1910,0.0,0.0,0.0,6.63,3.17,0.0
20190514:2010,0.0,0.0,0.0,5.98,2.76,0.0
20190514:2110,0.0,0.0,0.0,5.56,2.41,0.0
20190514:2210,0.0,0.0,0.0,4.99,2.07,0.0
20190514:2310,0.0,0.0,0.0,4.39,2.0,0.0
20190515:0010,0.0,0.0,0.0,3.89,2.21,0.0
20190515:0110,0.0,0.0,0.0,3.48,2.41,0.0
20190515:0210,0.0,0.0,0.0,3.11,2.48,0.0
20190515:0310,0.0,0.0,0.0,2.65,2.34,0.0
20190515:0410,6150.0,25.85,5.26,2.25,2.21,0.0
20190515:0510,32265.0,91.01,14.54,2.88,1.93,0.0
20190515:0610,26575.0,76.29,24.21,3.84,2.69,0.0
20190515:0710,121225.0,289.42,33.9,5.65,3.1,0.0
20190515:0810,137350.0,327.7,43.18,7.02,3.03,0.0
20190515:0910,158210.0,376.13,51.35,8.05,3.86,0.0
20190515:1010,94320.0,232.54,57.26,9.2,4.14,0.0
20190515:1110,63885.0,163.61,59.4,9.13,3.93,0.0
20190515:1210,69250.0,175.55,56.98,8.85,3.93,0.0
20190515:1310,57545.0,148.9,50.88,8.62,3.93,0.0
20190515:1410,24080.0,71.69,42.61,8.36,3.66,0.0
20190515:1510,31950.0,90.07,33.28,7.94,3.31,0.0
20190515:1610,28075.0,80.88,23.58,7.46,3.03,0.0
20190515:1710,6605.0,27.57,13.92,7.05,2.83,0.0
20190515:1810,0.0,3.45,4.68,6.45,2.28,0.0
20190515:1910,0.0,0.0,0.0,6.15,1.72,0.0
20190515:2010,0.0,0.0,0.0,5.81,1.52,0.0
20190515:2110,0.0,0.0,0.0,5.63,1.45,0.0
20190515:2210,0.0,0.0,0.0,5.51,1.45,0.0
20190515:2310,0.0,0.0,0.0,5.36,1.45,0.0
20190516:0010,0.0,0.0,0.0,5.28,1.45,0.0
20190516:0110,0.0,0.0,0.0,5.18,1.45,0.0
20190516:0210,0.0,0.0,0.0,5.15,1.45,0.0
20190516:0310,0.0,0.0,0.0,5.03,1.52,0.0
20190516:0410,0.0,4.31,5.44,5.02,1.59,0.0
20190516:0510,11555.0,40.44,14.71,5.15,1.59,0.0
20190516:0610,36675.0,100.19,24.37,5.48,1.86,0.0
20190516:0710,72005.0,180.74,34.07,6.56,1.93,0.0
20190516:0810,43945.0,117.65,43.36,7.18,1.52,0.0
20190516:0910,53525.0,139.71,51.55,7.33,1.17,0.0
20190516:1010,32700.0,91.91,57.48,7.45,0.9,0.0
20190516:1110,53060.0,138.79,59.64,7.5,1.03,0.0
20190516:1210,53070.0,138.79,57.2,7.55,1.17,0.0
20190516:1310,35445.0,98.35,51.08,7.69,1.17,0.0
20190516:1410,35050.0,97.43,42.79,7.7,1.24,0.0
20190516:1510,40980.0,111.21,33.46,7.85,1.17,0.0
20190516:1610,30335.0,86.4,23.75,7.57,1.1,0.0
20190516:1710,27330.0,79.72,14.1,7.34,0.9,0.0
20190516:1810,3075.0,17.24,4.87,7.19,0.69,0.0
20190516:1910,0.0,0.0,0.0,7.05,0.9,0.0
20190516:2010,0.0,0.0,0.0,6.85,1.1,0.0
20190516:2110,0.0,0.0,0.0,6.65,1.31,0.0
20190516:2210,0.0,0.0,0.0,6.54,1.31,0.0
20190516:2310,0.0,0.0,0.0,6.17,1.52,0.0
20190517:0010,0.0,0.0,0.0,6.09,1.52,0.0
20190517:0110,0.0,0.0,0.0,5.47,1.66,0.0
20190517:0210,0.0,0.0,0.0,5.02,1.72,0.0
20190517:0310,0.0,0.0,0.0,4.75,1.79,0.0
20190517:0410,2580.0,15.51,5.61,4.73,1.79,0.0
20190517:0510,30270.0,86.6,14.87,5.78,1.66,0.0
20190517:0610,78440.0,197.48,24.53,7.76,2.9,0.0
20190517:0710,130900.0,316.62,34.24,9.27,2.76,0.0
20190517:0810,277530.0,666.88,43.54,10.48,2.76,0.0
20190517:0910,147430.0,359.3,51.74,12.08,2.97,0.0
20190517:1010,156630.0,383.34,57.7,13.13,2.83,0.0
20190517:1110,301120.0,744.09,59.86,14.24,2.76,0.0
20190517:1210,344935.0,865.5,57.42,15.37,2.62,0.0
20190517:1310,302300.0,754.73,51.27,16.47,2.55,0.0
20190517:1410,281900.0,698.68,42.97,16.59,2.69,0.0
20190517:1510,198185.0,494.7,33.63,16.37,2.76,0.0
20190517:1610,94290.0,267.23,23.92,16.18,2.97,0.0
20190517:1710,12615.0,57.55,14.27,15.59,2.9,0.0
20190517:1810,4885.0,23.27,5.05,14.2,2.97,0.0
20190517:1910,0.0,0.0,0.0,12.67,2.83,0.0
20190517:2010,0.0,0.0,0.0,11.52,2.69,0.0
20190517:2110,0.0,0.0,0.0,10.68,2.55,0.0
20190517:2210,0.0,0.0,0.0,10.02,2.41,0.0
20190517:2310,0.0,0.0,0.0,9.41,2.28,0.0
20190518:0010,0.0,0.0,0.0,8.8,2.14,0.0
20190518:0110,0.0,0.0,0.0,8.19,2.07,0.0
20190518:0210,0.0,0.0,0.0,7.64,2.0,0.0
20190518:0310,0.0,0.0,0.0,7.16,2.07,0.0
20190518:0410,6930.0,28.44,5.78,6.65,2.07,0.0
20190518:0510,37320.0,125.4,15.03,7.48,1.86,0.0
20190518:0610,133970.0,341.62,24.69,9.43,2.07,0.0
20190518:0710,232305.0,566.6,34.4,11.47,1.59,0.0
20190518:0810,310340.0,771.72,43.71,13.44,1.52,0.0
20190518:0910,365605.0,935.51,51.93,15.29,1.52,0.0
20190518:1010,394385.0,1026.31,57.91,16.79,1.72,0.0
20190518:1110,404195.0,1057.66,60.09,18.05,2.0,0.0
20190518:1210,389895.0,1013.2,57.63,18.93,2.28,0.0
20190518:1310,335430.0,857.18,51.47,19.32,2.34,0.0
20190518:1410,269210.0,679.65,43.15,19.53,2.21,0.0
20190518:1510,182300.0,462.8,33.8,19.21,2.14,0.0
20190518:1610,70825.0,191.09,24.08,18.58,2.07,0.0
20190518:1710,27860.0,89.11,14.44,17.74,2.0,0.0
20190518:1810,4810.0,23.27,5.22,16.71,1.31,0.0
20190518:1910,0.0,0.0,0.0,15.36,2.07,0.0
20190518:2010,0.0,0.0,0.0,14.17,2.28,0.0
20190518:2110,0.0,0.0,0.0,13.16,2.41,0.0
20190518:2210,0.0,0.0,0.0,12.64,2.34,0.0
20190518:2310,0.0,0.0,0.0,11.97,2.21,0.0
20190519:0010,0.0,0.0,0.0,11.11,2.07,0.0
20190519:0110,0.0,0.0,0.0,10.27,2.0,0.0
20190519:0210,0.0,0.0,0.0,9.55,2.0,0.0
20190519:0310,0.0,0.0,0.0,9.02,2.0,0.0
20190519:0410,7475.0,30.16,5.94,8.81,2.0,0.0
20190519:0510,36330.0,125.06,15.19,9.69,1.66,0.0
20190519:0610,112520.0,287.24,24.84,11.92,1.79,0.0
20190519:0710,205285.0,506.04,34.55,14.42,1.79,0.0
20190519:0810,304785.0,766.02,43.87,16.38,1.72,0.0
20190519:0910,359395.0,929.44,52.11,18.11,1.66,0.0
20190519:1010,329590.0,853.51,58.11,19.46,1.72,0.0
20190519:1110,246950.0,631.25,60.3,20.43,1.72,0.0
20190519:1210,186060.0,474.9,57.84,21.11,1.66,0.0
20190519:1310,293290.0,758.32,51.65,21.53,1.72,0.0
20190519:1410,203825.0,517.14,43.32,21.32,2.14,0.0
20190519:1510,176800.0,448.65,33.96,19.94,2.69,0.0
20190519:1610,88880.0,244.26,24.24,17.92,2.0,0.0
20190519:1710,16425.0,55.15,14.61,17.36,1.17,0.0
20190519:1810,5670.0,25.85,5.4,16.78,1.24,0.0
20190519:1910,0.0,0.0,0.0,15.86,1.86,0.0
20190519:2010,0.0,0.0,0.0,14.7,1.93,0.0
20190519:2110,0.0,0.0,0.0,13.81,2.0,0.0
20190519:2210,0.0,0.0,0.0,13.19,2.0,0.0
20190519:2310,0.0,0.0,0.0,12.85,1.93,0.0
20190520:0010,0.0,0.0,0.0,12.78,2.0,0.0
20190520:0110,0.0,0.0,0.0,12.74,1.86,0.0
20190520:0210,0.0,0.0,0.0,12.38,1.72,0.0
20190520:0310,0.0,0.0,0.0,11.59,1.66,0.0
20190520:0410,3275.0,18.1,6.1,11.1,1.66,0.0
20190520:0510,39295.0,116.68,15.34,11.78,1.38,0.0
20190520:0610,99855.0,256.99,24.99,13.68,1.66,0.0
20190520:0710,182865.0,450.32,34.7,14.66,2.07,0.0
20190520:0810,108785.0,273.74,44.02,15.32,2.41,0.0
20190520:0910,75855.0,196.69,52.28,15.38,2.21,0.0
20190520:1010,90905.0,231.62,58.31,14.89,2.21,0.0
20190520:1110,99190.0,250.92,60.51,14.57,2.07,0.0
20190520:1210,43155.0,119.49,58.04,14.8,1.86,0.0
20190520:1310,39220.0,110.3,51.84,14.97,1.45,0.0
20190520:1410,87245.0,223.87,43.49,15.06,1.24,0.0
20190520:1510,83825.0,216.26,34.12,15.53,1.31,0.0
20190520:1610,49930.0,135.85,24.41,14.57,1.45,0.0
20190520:1710,7325.0,30.33,14.77,14.05,1.59,0.0
20190520:1810,1235.0,11.2,5.57,13.56,2.07,0.0
20190520:1910,0.0,0.0,0.0,12.74,1.72,0.0
20190520:2010,0.0,0.0,0.0,12.47,1.79,0.0
20190520:2110,0.0,0.0,0.0,12.24,1.52,0.0
20190520:2210,0.0,0.0,0.0,11.69,0.48,0.0
20190520:2310,0.0,0.0,0.0,10.75,0.76,0.0
20190521:0010,0.0,0.0,0.0,9.92,1.03,0.0
20190521:0110,0.0,0.0,0.0,10.05,0.76,0.0
20190521:0210,0.0,0.0,0.0,10.2,0.48,0.0
20190521:0310,0.0,0.0,0.0,10.39,0.14,0.0
20190521:0410,0.0,5.17,6.25,10.65,0.28,0.0
20190521:0510,3075.0,17.46,15.48,11.09,0.97,0.0
20190521:0610,10490.0,38.6,25.12,11.35,1.59,0.0
20190521:0710,53475.0,141.55,34.84,11.32,2.55,0.0
20190521:0810,111545.0,275.53,44.17,11.28,2.14,0.0
20190521:0910,82955.0,209.56,52.45,11.34,2.34,0.0
20190521:1010,53595.0,142.47,58.5,12.4,2.55,0.0
20190521:1110,69505.0,181.07,60.72,13.86,1.24,0.0
20190521:1210,46705.0,127.76,58.24,14.36,1.38,0.0
20190521:1310,62075.0,164.52,52.02,15.48,1.86,0.0
20190521:1410,34890.0,100.19,43.66,15.8,2.21,0.0
20190521:1510,25905.0,78.13,34.28,15.03,2.9,0.0
20190521:1610,9290.0,35.85,24.56,14.85,3.24,0.0
20190521:1710,8640.0,34.01,14.93,14.4,3.31,0.0
20190521:1810,2435.0,15.51,5.74,14.07,3.24,0.0
20190521:1910,0.0,0.0,0.0,12.79,3.17,0.0
20190521:2010,0.0,0.0,0.0,12.4,3.31,0.0
20190521:2110,0.0,0.0,0.0,12.12,3.17,0.0
20190521:2210,0.0,0.0,0.0,11.8,2.9,0.0
20190521:2310,0.0,0.0,0.0,11.55,3.17,0.0
20190522:0010,0.0,0.0,0.0,11.36,3.24,0.0
20190522:0110,0.0,0.0,0.0,11.19,3.52,0.0
20190522:0210,0.0,0.0,0.0,11.02,3.45,0.0
20190522:0310,0.0,0.0,0.0,10.8,3.45,0.0
20190522:0410,240.0,6.89,6.39,10.55,3.17,0.0
20190522:0510,19280.0,60.66,15.61,10.42,2.97,0.0
20190522:0610,10900.0,39.52,25.26,10.48,2.97,0.0
20190522:0710,42485.0,115.81,34.97,11.19,4.0,0.0
20190522:0810,42055.0,114.89,44.32,11.47,4.55,0.0
20190522:0910,55450.0,146.14,52.61,12.12,4.69,0.0
20190522:1010,58190.0,153.49,58.69,13.85,5.03,0.0
20190522:1110,38310.0,107.54,60.92,14.64,4.9,0.0
20190522:1210,36310.0,102.94,58.43,14.92,4.69,0.0
20190522:1310,38680.0,108.46,52.2,14.73,4.9,0.0
20190522:1410,58775.0,155.33,43.82,14.47,4.62,0.0
20190522:1510,33240.0,95.59,34.44,14.78,4.69,0.0
20190522:1610,19640.0,62.5,24.72,14.46,3.93,0.0
20190522:1710,32690.0,97.98,15.09,14.16,3.45,0.0
20190522:1810,6675.0,28.44,5.9,13.68,3.03,0.0
20190522:1910,0.0,0.0,0.0,12.44,2.97,0.0
20190522:2010,0.0,0.0,0.0,12.03,2.76,0.0
20190522:2110,0.0,0.0,0.0,11.69,2.48,0.0
20190522:2210,0.0,0.0,0.0,11.3,2.28,0.0
20190522:2310,0.0,0.0,0.0,11.0,2.14,0.0
20190523:0010,0.0,0.0,0.0,10.26,1.86,0.0
20190523:0110,0.0,0.0,0.0,9.58,1.72,0.0
20190523:0210,0.0,0.0,0.0,8.84,1.72,0.0
20190523:0310,0.0,0.0,0.0,8.23,1.66,0.0
20190523:0410,8155.0,31.89,6.53,7.65,1.52,0.0
20190523:0510,38265.0,130.25,15.75,8.29,1.1,0.0
20190523:0610,123400.0,314.01,25.38,10.29,1.31,0.0
20190523:0710,232210.0,567.53,35.1,11.84,1.59,0.0
20190523:0810,273410.0,673.49,44.46,13.31,1.72,0.0
20190523:0910,304475.0,759.48,52.77,14.72,2.0,0.0
20190523:1010,336445.0,849.38,58.86,15.71,2.21,0.0
20190523:1110,258020.0,646.2,61.11,17.05,2.21,0.0
20190523:1210,266405.0,670.96,58.62,17.61,2.0,0.0
20190523:1310,222615.0,558.33,52.37,18.03,1.93,0.0
20190523:1410,197050.0,492.9,43.98,17.96,1.93,0.0
20190523:1510,151065.0,380.95,34.59,17.79,2.14,0.0
20190523:1610,96220.0,272.68,24.87,17.56,2.28,0.0
20190523:1710,23005.0,82.02,15.25,16.94,2.14,0.0
20190523:1810,7200.0,30.16,6.06,15.76,2.21,0.0
20190523:1910,0.0,0.0,0.0,14.63,1.52,0.0
20190523:2010,0.0,0.0,0.0,13.56,1.59,0.0
20190523:2110,0.0,0.0,0.0,12.65,1.66,0.0
20190523:2210,0.0,0.0,0.0,12.0,1.59,0.0
20190523:2310,0.0,0.0,0.0,11.16,1.59,0.0
20190524:0010,0.0,0.0,0.0,10.64,1.52,0.0
20190524:0110,0.0,0.0,0.0,10.48,1.52,0.0
20190524:0210,0.0,0.0,0.0,10.08,1.59,0.0
20190524:0310,0.0,0.0,0.0,9.72,1.52,0.0
20190524:0410,8405.0,32.75,6.66,9.14,1.31,0.0
20190524:0510,37660.0,129.9,15.87,10.08,0.69,0.0
20190524:0610,130605.0,341.85,25.51,12.83,0.34,0.0
20190524:0710,220995.0,554.5,35.22,14.32,0.34,0.0
20190524:0810,296730.0,756.0,44.59,15.95,0.69,0.0
20190524:0910,306135.0,785.99,52.91,17.31,1.03,0.0
20190524:1010,313795.0,813.16,59.04,18.36,1.1,0.0
20190524:1110,247575.0,633.24,61.3,18.76,1.03,0.0
20190524:1210,207135.0,526.79,58.81,18.93,1.03,0.0
20190524:1310,239170.0,611.89,52.54,19.42,0.97,0.0
20190524:1410,0.0,0.0,0.0,19.24,1.03,0.0
20190524:1510,161895.0,412.94,34.74,19.1,1.31,0.0
20190524:1610,80905.0,218.36,25.02,18.74,1.38,0.0
20190524:1710,27485.0,83.59,15.4,18.13,1.1,0.0
20190524:1810,7740.0,31.89,6.22,17.21,1.1,0.0
20190524:1910,0.0,0.0,0.0,16.25,1.66,0.0
20190524:2010,0.0,0.0,0.0,15.01,1.52,0.0
20190524:2110,0.0,0.0,0.0,13.72,1.31,0.0
20190524:2210,0.0,0.0,0.0,13.13,1.17,0.0
20190524:2310,0.0,0.0,0.0,12.47,1.24,0.0
20190525:0010,0.0,0.0,0.0,11.71,1.38,0.0
20190525:0110,0.0,0.0,0.0,10.99,1.45,0.0
20190525:0210,0.0,0.0,0.0,10.24,1.59,0.0
20190525:0310,0.0,0.0,0.0,9.78,1.52,0.0
20190525:0410,2250.0,14.65,6.79,9.34,1.38,0.0
20190525:0510,42025.0,130.5,15.99,10.99,0.69,0.0
20190525:0610,112425.0,291.9,25.62,14.09,0.41,0.0
20190525:0710,212200.0,536.11,35.34,16.32,0.48,0.0
20190525:0810,263425.0,673.27,44.71,17.97,0.69,0.0
20190525:0910,159895.0,404.68,53.06,18.74,1.38,0.0
20190525:1010,162405.0,410.18,59.2,19.06,2.0,0.0
20190525:1110,152630.0,386.27,61.48,19.61,2.41,0.0
20190525:1210,58840.0,159.93,58.99,20.09,2.21,0.0
20190525:1310,185565.0,469.37,52.7,20.34,2.21,0.0
20190525:1410,196280.0,495.08,44.29,20.35,2.34,0.0
20190525:1510,64325.0,172.79,34.89,19.99,2.83,0.0
20190525:1610,83275.0,224.39,25.17,19.34,2.55,0.0
20190525:1710,31660.0,99.36,15.55,17.68,1.93,0.0
20190525:1810,7475.0,31.03,6.38,16.42,1.59,0.0
20190525:1910,0.0,0.0,0.0,15.05,0.97,0.0
20190525:2010,0.0,0.0,0.0,13.61,1.38,0.0
20190525:2110,0.0,0.0,0.0,12.3,1.45,0.0
20190525:2210,0.0,0.0,0.0,11.37,1.45,0.0
20190525:2310,0.0,0.0,0.0,10.58,1.45,0.0
20190526:0010,0.0,0.0,0.0,9.95,1.38,0.0
20190526:0110,0.0,0.0,0.0,9.72,1.17,0.0
20190526:0210,0.0,0.0,0.0,9.76,0.9,0.0
20190526:0310,0.0,0.0,0.0,9.35,0.9,0.0
20190526:0410,10030.0,37.06,6.91,8.88,0.97,0.0
20190526:0510,40535.0,132.81,16.1,10.41,0.62,0.0
20190526:0610,132330.0,346.01,25.73,13.13,0.69,0.0
20190526:0710,229750.0,575.51,35.45,14.48,0.62,0.0
20190526:0810,296645.0,750.43,44.83,16.16,1.17,0.0
20190526:0910,285265.0,722.36,53.19,17.66,1.72,0.0
20190526:1010,333725.0,855.36,59.36,18.29,2.07,0.0
20190526:1110,348475.0,897.25,61.66,18.86,2.28,0.0
20190526:1210,294690.0,748.39,59.16,19.63,2.62,0.0
20190526:1310,341340.0,870.74,52.86,19.81,2.76,0.0
20190526:1410,231685.0,581.87,44.44,19.92,2.69,0.0
20190526:1510,170460.0,432.1,35.03,19.74,2.62,0.0
20190526:1610,95085.0,265.04,25.31,19.53,2.62,0.0
20190526:1710,16105.0,70.17,15.69,18.72,2.0,0.0
20190526:1810,6520.0,28.44,6.53,17.72,1.86,0.0
20190526:1910,0.0,0.0,0.0,16.61,1.31,0.0
20190526:2010,0.0,0.0,0.0,14.8,1.31,0.0
20190526:2110,0.0,0.0,0.0,13.43,1.31,0.0
20190526:2210,0.0,0.0,0.0,12.45,1.31,0.0
20190526:2310,0.0,0.0,0.0,11.77,1.38,0.0
20190527:0010,0.0,0.0,0.0,11.16,1.45,0.0
20190527:0110,0.0,0.0,0.0,11.03,1.59,0.0
20190527:0210,0.0,0.0,0.0,10.94,1.66,0.0
20190527:0310,0.0,0.0,0.0,10.89,1.66,0.0
20190527:0410,9940.0,37.06,7.03,10.74,1.59,0.0
20190527:0510,38635.0,131.51,16.21,11.6,1.1,0.0
20190527:0610,122915.0,319.96,25.84,14.52,1.1,0.0
20190527:0710,220605.0,550.84,35.56,16.11,1.45,0.0
20190527:0810,297845.0,750.03,44.95,17.3,1.86,0.0
20190527:0910,296080.0,748.11,53.32,18.4,2.34,0.0
20190527:1010,313695.0,796.44,59.51,19.32,2.83,0.0
20190527:1110,211595.0,532.46,61.83,19.98,2.9,0.0
20190527:1210,130620.0,333.38,59.33,20.31,2.48,0.0
20190527:1310,200655.0,506.01,53.02,20.0,2.34,0.0
20190527:1410,210345.0,529.94,44.58,20.12,2.34,0.0
20190527:1510,120265.0,308.29,35.17,19.78,2.07,0.0
20190527:1610,32060.0,94.67,25.45,19.08,2.0,0.0
20190527:1710,31420.0,93.61,15.83,18.26,2.14,0.0
20190527:1810,0.0,5.17,6.68,17.32,2.21,0.0
20190527:1910,0.0,0.0,0.0,16.69,1.24,0.0
20190527:2010,0.0,0.0,0.0,15.4,1.03,0.0
20190527:2110,0.0,0.0,0.0,14.67,1.1,0.0
20190527:2210,0.0,0.0,0.0,14.14,1.59,0.0
20190527:2310,0.0,0.0,0.0,13.48,1.93,0.0
20190528:0010,0.0,0.0,0.0,13.04,2.0,0.0
20190528:0110,0.0,0.0,0.0,12.55,1.86,0.0
20190528:0210,0.0,0.0,0.0,12.19,1.59,0.0
20190528:0310,0.0,0.0,0.0,11.96,1.38,0.0
20190528:0410,9555.0,36.2,7.14,11.85,1.38,0.0
20190528:0510,8735.0,34.01,16.31,12.19,1.52,0.0
20190528:0610,23155.0,70.77,25.94,12.59,1.59,0.0
20190528:0710,57430.0,151.66,35.66,12.6,2.0,0.0
20190528:0810,115945.0,287.98,45.05,13.02,2.14,0.0
20190528:0910,132655.0,327.42,53.45,13.25,2.41,0.0
20190528:1010,86030.0,218.75,59.66,13.75,2.69,0.0
20190528:1110,233385.0,571.5,61.99,14.02,2.76,0.0
20190528:1210,104370.0,262.24,59.49,14.32,2.69,0.0
20190528:1310,79445.0,204.05,53.17,14.38,2.55,0.0
20190528:1410,104770.0,263.35,44.73,14.27,2.21,0.0
20190528:1510,63210.0,165.43,35.31,13.42,2.62,0.0
20190528:1610,30050.0,87.32,25.58,12.56,2.62,0.0
20190528:1710,17620.0,56.99,15.97,12.11,2.07,0.0
20190528:1810,415.0,7.76,6.82,11.97,1.52,0.0
20190528:1910,0.0,0.0,0.0,11.08,1.79,0.0
20190528:2010,0.0,0.0,0.0,10.71,1.59,0.0
20190528:2110,0.0,0.0,0.0,10.28,1.45,0.0
20190528:2210,0.0,0.0,0.0,9.83,1.59,0.0
20190528:2310,0.0,0.0,0.0,9.51,1.79,0.0
20190529:0010,0.0,0.0,0.0,9.34,1.79,0.0
20190529:0110,0.0,0.0,0.0,9.0,1.79,0.0
20190529:0210,0.0,0.0,0.0,8.84,1.66,0.0
20190529:0310,0.0,0.0,0.0,8.66,1.66,0.0
20190529:0410,8745.0,33.61,7.24,8.77,1.72,0.0
20190529:0510,17490.0,56.07,16.41,9.35,1.66,0.0
20190529:0610,18545.0,58.82,26.03,10.08,1.93,0.0
20190529:0710,35845.0,100.19,35.75,10.44,2.62,0.0
20190529:0810,64910.0,167.28,45.15,10.69,3.03,0.0
20190529:0910,82215.0,206.8,53.56,10.72,3.31,0.0
20190529:1010,55575.0,146.14,59.8,11.42,3.93,0.0
20190529:1110,155840.0,378.15,62.15,12.12,3.93,0.0
20190529:1210,81060.0,205.89,59.65,12.86,3.72,0.0
20190529:1310,103675.0,258.75,53.32,13.22,3.38,0.0
20190529:1410,174480.0,424.94,44.86,13.72,3.31,0.0
20190529:1510,31400.0,90.99,35.44,13.9,2.97,0.0
20190529:1610,77645.0,202.67,25.72,13.91,2.69,0.0
20190529:1710,14585.0,49.63,16.11,13.68,2.21,0.0
20190529:1810,230.0,6.89,6.96,13.19,1.59,0.0
20190529:1910,0.0,0.0,0.0,11.74,1.93,0.0
20190529:2010,0.0,0.0,0.0,10.79,1.59,0.0
20190529:2110,0.0,0.0,0.0,9.79,1.59,0.0
20190529:2210,0.0,0.0,0.0,8.79,1.52,0.0
20190529:2310,0.0,0.0,0.0,7.81,1.45,0.0
20190530:0010,0.0,0.0,0.0,6.9,1.38,0.0
20190530:0110,0.0,0.0,0.0,6.25,1.31,0.0
20190530:0210,0.0,0.0,0.0,5.65,1.31,0.0
20190530:0310,0.0,0.0,0.0,5.11,1.31,0.0
20190530:0410,9230.0,34.47,7.34,5.32,1.03,0.0
20190530:0510,37250.0,134.8,16.5,7.31,0.41,0.0
20190530:0610,140015.0,363.53,26.12,10.1,0.28,0.0
20190530:0710,239660.0,594.04,35.84,12.11,0.69,0.0
20190530:0810,315540.0,796.35,45.25,13.51,0.83,0.0
20190530:0910,367910.0,957.6,53.67,14.59,0.69,0.0
20190530:1010,397915.0,1055.88,59.93,15.52,0.76,0.0
20190530:1110,402745.0,1063.99,62.3,16.51,1.24,0.0
20190530:1210,392080.0,1027.0,59.8,17.24,1.52,0.0
20190530:1310,363935.0,941.2,53.46,17.76,1.59,0.0
20190530:1410,295585.0,748.05,45.0,18.09,1.79,0.0
20190530:1510,203405.0,515.08,35.57,18.36,2.07,0.0
20190530:1610,101365.0,287.18,25.85,18.29,2.34,0.0
20190530:1710,16315.0,73.32,16.24,17.69,1.93,0.0
20190530:1810,9950.0,37.92,7.1,16.63,1.86,0.0
20190530:1910,0.0,0.0,0.0,15.38,2.0,0.0
20190530:2010,0.0,0.0,0.0,14.07,1.93,0.0
20190530:2110,0.0,0.0,0.0,13.18,1.72,0.0
20190530:2210,0.0,0.0,0.0,12.4,1.45,0.0
20190530:2310,0.0,0.0,0.0,12.14,1.59,0.0
20190531:0010,0.0,0.0,0.0,11.47,1.66,0.0
20190531:0110,0.0,0.0,0.0,11.12,1.66,0.0
20190531:0210,0.0,0.0,0.0,10.77,1.59,0.0
20190531:0310,0.0,0.0,0.0,10.67,1.52,0.0
20190531:0410,70.0,6.03,7.43,10.66,1.45,0.0
20190531:0510,18025.0,57.91,16.59,11.56,1.17,0.0
20190531:0610,103550.0,266.16,26.2,13.32,1.17,0.0
20190531:0710,153215.0,381.49,35.92,14.33,0.83,0.0
20190531:0810,233035.0,586.88,45.34,15.43,0.41,0.0
20190531:0910,197535.0,498.97,53.78,16.5,0.41,0.0
20190531:1010,39925.0,113.05,60.06,16.96,0.83,0.0
20190531:1110,78505.0,205.89,62.45,17.83,1.1,0.0
20190531:1210,112080.0,288.55,59.95,19.33,1.31,0.0
20190531:1310,46630.0,130.52,53.6,19.85,1.66,0.0
20190531:1410,120280.0,307.97,45.13,19.84,1.86,0.0
20190531:1510,152070.0,387.37,35.7,19.65,1.86,0.0
20190531:1610,96235.0,271.29,25.97,19.63,1.86,0.0
20190531:1710,18235.0,76.85,16.37,19.24,1.52,0.0
20190531:1810,8295.0,33.61,7.23,18.5,1.1,0.0
20190531:1910,0.0,0.0,0.0,17.42,1.03,0.0
20190531:2010,0.0,0.0,0.0,16.18,0.9,0.0
20190531:2110,0.0,0.0,0.0,15.65,0.83,0.0
20190531:2210,0.0,0.0,0.0,14.27,1.1,0.0
20190531:2310,0.0,0.0,0.0,13.37,1.17,0.0
20190601:0010,0.0,0.0,0.0,12.71,1.1,0.0
20190601:0110,0.0,0.0,0.0,12.43,0.97,0.0
20190601:0210,0.0,0.0,0.0,12.4,0.83,0.0
20190601:0310,0.0,0.0,0.0,12.44,0.69,0.0
20190601:0410,9850.0,37.06,7.52,12.25,0.62,0.0
20190601:0510,37330.0,132.28,16.67,12.87,0.14,0.0
20190601:0610,127160.0,337.67,26.27,15.77,0.21,0.0
20190601:0710,217990.0,557.9,36.0,17.65,0.14,0.0
20190601:0810,289475.0,755.88,45.42,19.32,0.28,0.0
20190601:0910,336135.0,894.84,53.88,20.59,0.62,0.0
20190601:1010,323175.0,858.51,60.18,21.28,0.83,0.0
20190601:1110,282470.0,740.73,62.59,22.11,1.1,0.0
20190601:1210,308925.0,818.3,60.09,22.48,1.03,0.0
20190601:1310,311030.0,825.33,53.74,23.1,0.97,0.0
20190601:1410,226125.0,587.0,45.26,23.4,1.1,0.0
20190601:1510,184490.0,482.22,35.82,23.57,1.17,0.0
20190601:1610,94930.0,271.83,26.1,23.34,1.17,0.0
20190601:1710,30820.0,102.09,16.49,23.02,1.03,0.0
20190601:1810,9360.0,37.06,7.36,21.91,1.17,0.0
20190601:1910,0.0,0.0,0.0,20.18,1.17,0.0
20190601:2010,0.0,0.0,0.0,18.19,1.45,0.0
20190601:2110,0.0,0.0,0.0,16.72,1.45,0.0
20190601:2210,0.0,0.0,0.0,16.16,1.24,0.0
20190601:2310,0.0,0.0,0.0,16.52,0.97,0.0
20190602:0010,0.0,0.0,0.0,16.38,0.76,0.0
20190602:0110,0.0,0.0,0.0,15.72,0.76,0.0
20190602:0210,0.0,0.0,0.0,14.93,0.9,0.0
20190602:0310,0.0,0.0,0.0,14.6,0.83,0.0
20190602:0410,9145.0,35.33,7.6,13.67,0.9,0.0
20190602:0510,36750.0,133.13,16.74,14.3,0.62,0.0
20190602:0610,128420.0,342.71,26.34,17.42,0.69,0.0
20190602:0710,219195.0,563.58,36.07,20.1,0.69,0.0
20190602:0810,280500.0,732.34,45.5,21.97,0.9,0.0
20190602:0910,320745.0,854.99,53.97,23.36,1.03,0.0
20190602:1010,316340.0,847.46,60.29,24.46,1.17,0.0
20190602:1110,365360.0,996.61,62.72,25.28,1.38,0.0
20190602:1210,363600.0,988.19,60.23,25.93,1.59,0.0
20190602:1310,332825.0,889.95,53.87,26.04,1.72,0.0
20190602:1410,272095.0,713.43,45.38,26.21,1.93,0.0
20190602:1510,191980.0,504.64,35.94,25.92,1.93,0.0
20190602:1610,96150.0,281.17,26.21,25.62,2.14,0.0
20190602:1710,19035.0,80.91,16.62,24.8,1.79,0.0
20190602:1810,9295.0,37.06,7.48,23.26,1.86,0.0
20190602:1910,0.0,0.0,0.0,21.92,2.07,0.0
20190602:2010,0.0,0.0,0.0,20.29,2.21,0.0
20190602:2110,0.0,0.0,0.0,19.05,2.28,0.0
20190602:2210,0.0,0.0,0.0,18.08,2.28,0.0
20190602:2310,0.0,0.0,0.0,17.26,2.21,0.0
20190603:0010,0.0,0.0,0.0,16.57,2.07,0.0
20190603:0110,0.0,0.0,0.0,16.06,1.86,0.0
20190603:0210,0.0,0.0,0.0,15.28,1.79,0.0
20190603:0310,0.0,0.0,0.0,14.5,1.86,0.0
20190603:0410,8815.0,34.47,7.67,14.13,1.93,0.0
20190603:0510,36980.0,134.22,16.81,15.39,1.59,0.0
20190603:0610,130845.0,348.08,26.41,18.05,1.66,0.0
20190603:0710,226620.0,575.1,36.14,20.66,2.21,0.0
20190603:0810,301075.0,774.82,45.57,22.53,2.34,0.0
20190603:0910,351660.0,926.72,54.05,24.21,2.41,0.0
20190603:1010,381845.0,1023.26,60.4,25.68,2.62,0.0
20190603:1110,392750.0,1060.57,62.85,26.74,2.76,0.0
20190603:1210,372445.0,1002.63,60.36,27.32,2.69,0.0
20190603:1310,338515.0,902.68,53.99,27.64,2.55,0.0
20190603:1410,275430.0,724.34,45.5,27.73,2.41,0.0
20190603:1510,193465.0,512.31,36.06,27.59,2.07,0.0
20190603:1610,96945.0,285.72,26.33,27.28,1.79,0.0
20190603:1710,15055.0,74.15,16.73,26.4,1.17,0.0
20190603:1810,9220.0,37.06,7.6,24.65,0.97,0.0
20190603:1910,0.0,0.0,0.0,21.94,2.76,0.0
20190603:2010,0.0,0.0,0.0,20.27,2.07,0.0
20190603:2110,0.0,0.0,0.0,19.1,1.79,0.0
20190603:2210,0.0,0.0,0.0,18.34,1.66,0.0
20190603:2310,0.0,0.0,0.0,17.67,1.86,0.0
20190604:0010,0.0,0.0,0.0,17.17,2.07,0.0
20190604:0110,0.0,0.0,0.0,16.8,2.14,0.0
20190604:0210,0.0,0.0,0.0,16.58,2.07,0.0
20190604:0310,0.0,0.0,0.0,16.17,1.93,0.0
20190604:0410,11585.0,42.23,7.74,15.99,1.72,0.0
20190604:0510,42150.0,133.86,16.87,16.83,1.17,0.0
20190604:0610,108410.0,286.76,26.47,19.05,1.24,0.0
20190604:0710,171540.0,441.47,36.2,19.85,0.14,0.0
20190604:0810,280535.0,741.72,45.64,21.84,0.21,0.0
20190604:0910,329590.0,893.21,54.13,23.58,0.48,0.0
20190604:1010,362185.0,991.88,60.5,25.07,1.03,0.0
20190604:1110,375995.0,1029.37,62.97,26.26,1.59,0.0
20190604:1210,361480.0,979.02,60.48,27.05,2.0,0.0
20190604:1310,328175.0,876.81,54.11,27.51,2.14,0.0
20190604:1410,263800.0,693.07,45.61,27.69,2.28,0.0
20190604:1510,176160.0,464.82,36.17,27.55,2.28,0.0
20190604:1610,94565.0,275.06,26.44,27.29,2.41,0.0
20190604:1710,23225.0,90.02,16.85,26.26,2.14,0.0
20190604:1810,10750.0,41.37,7.72,24.75,2.07,0.0
20190604:1910,0.0,0.0,0.0,22.92,2.21,0.0
20190604:2010,0.0,0.0,0.0,21.47,2.21,0.0
20190604:2110,0.0,0.0,0.0,20.41,2.28,0.0
20190604:2210,0.0,0.0,0.0,19.63,2.28,0.0
20190604:2310,0.0,0.0,0.0,18.99,2.21,0.0
20190605:0010,0.0,0.0,0.0,18.28,2.0,0.0
20190605:0110,0.0,0.0,0.0,17.57,1.79,0.0
20190605:0210,0.0,0.0,0.0,16.84,1.72,0.0
20190605:0310,0.0,0.0,0.0,16.1,1.79,0.0
20190605:0410,10640.0,39.64,7.8,15.61,1.72,0.0
20190605:0510,42905.0,134.84,16.93,16.87,1.45,0.0
20190605:0610,118915.0,316.93,26.52,19.83,1.52,0.0
20190605:0710,210100.0,538.84,36.25,22.29,1.79,0.0
20190605:0810,284850.0,740.22,45.7,24.37,2.07,0.0
20190605:0910,336415.0,891.32,54.2,26.02,2.41,0.0
20190605:1010,366260.0,983.68,60.59,27.21,2.69,0.0
20190605:1110,376480.0,1015.37,63.08,28.06,2.97,0.0
20190605:1210,349135.0,935.24,60.6,28.55,3.03,0.0
20190605:1310,324780.0,861.45,54.23,28.81,3.17,0.0
20190605:1410,257260.0,673.71,45.72,28.47,2.97,0.0
20190605:1510,183650.0,483.39,36.28,27.76,2.83,0.0
20190605:1610,95810.0,277.46,26.55,27.39,2.9,0.0
20190605:1710,24255.0,92.7,16.96,26.7,2.62,0.0
20190605:1810,11345.0,43.09,7.83,25.23,2.41,0.0
20190605:1910,0.0,0.0,0.0,23.48,2.69,0.0
20190605:2010,0.0,0.0,0.0,22.25,2.83,0.0
20190605:2110,0.0,0.0,0.0,21.5,2.83,0.0
20190605:2210,0.0,0.0,0.0,20.66,2.83,0.0
20190605:2310,0.0,0.0,0.0,19.88,2.69,0.0
20190606:0010,0.0,0.0,0.0,19.13,2.41,0.0
20190606:0110,0.0,0.0,0.0,18.35,2.14,0.0
20190606:0210,0.0,0.0,0.0,17.58,2.0,0.0
20190606:0310,0.0,0.0,0.0,16.7,1.66,0.0
20190606:0410,12205.0,43.95,7.86,16.49,1.72,0.0
20190606:0510,19315.0,62.5,16.98,17.5,2.41,0.0
20190606:0610,113010.0,295.16,26.57,18.72,4.21,0.0
20190606:0710,215835.0,532.94,36.3,18.85,5.03,0.0
20190606:0810,273025.0,672.09,45.75,19.42,5.45,0.0
20190606:0910,243180.0,600.96,54.27,19.27,5.03,0.0
20190606:1010,160935.0,401.2,60.67,18.88,4.62,0.0
20190606:1110,366775.0,926.16,63.19,19.36,4.34,0.0
20190606:1210,381160.0,968.14,60.72,19.96,4.14,0.0
20190606:1310,344255.0,868.22,54.34,20.21,3.93,0.0
20190606:1410,283035.0,706.11,45.83,20.27,4.0,0.0
20190606:1510,195965.0,491.69,36.38,19.35,4.0,0.0
20190606:1610,84240.0,222.82,26.65,18.11,3.93,0.0
20190606:1710,36415.0,112.02,17.06,17.02,4.0,0.0
20190606:1810,3715.0,19.82,7.94,16.02,3.45,0.0
20190606:1910,0.0,0.0,0.0,13.9,3.31,0.0
20190606:2010,0.0,0.0,0.0,12.91,2.76,0.0
20190606:2110,0.0,0.0,0.0,12.42,1.93,0.0
20190606:2210,0.0,0.0,0.0,12.39,1.17,0.0
20190606:2310,0.0,0.0,0.0,11.89,1.24,0.0
20190607:0010,0.0,0.0,0.0,11.42,1.24,0.0
20190607:0110,0.0,0.0,0.0,10.69,1.45,0.0
20190607:0210,0.0,0.0,0.0,10.04,1.31,0.0
20190607:0310,0.0,0.0,0.0,9.55,1.24,0.0
20190607:0410,1275.0,11.2,7.91,9.33,0.97,0.0
20190607:0510,21730.0,67.1,17.02,11.66,0.83,0.0
20190607:0610,107765.0,276.91,26.61,13.59,1.45,0.0
20190607:0710,221590.0,546.67,36.34,15.0,2.21,0.0
20190607:0810,303845.0,755.81,45.8,16.64,2.62,0.0
20190607:0910,353325.0,895.02,54.33,18.38,2.97,0.0
20190607:1010,386860.0,994.78,60.75,20.01,3.31,0.0
20190607:1110,396300.0,1026.38,63.28,21.61,3.66,0.0
20190607:1210,378960.0,982.24,60.82,23.27,3.86,0.0
20190607:1310,339965.0,875.95,54.44,24.04,3.72,0.0
20190607:1410,278760.0,712.15,45.93,24.52,3.66,0.0
20190607:1510,196510.0,507.39,36.48,24.67,3.52,0.0
20190607:1610,98845.0,285.07,26.75,24.46,3.59,0.0
20190607:1710,21425.0,87.48,17.16,23.67,3.52,0.0
20190607:1810,12170.0,44.81,8.04,22.21,3.38,0.0
20190607:1910,0.0,0.0,0.0,20.8,2.83,0.0
20190607:2010,0.0,0.0,0.0,19.67,1.72,0.0
20190607:2110,0.0,0.0,0.0,18.82,2.14,0.0
20190607:2210,0.0,0.0,0.0,16.53,5.1,0.0
20190607:2310,0.0,0.0,0.0,14.31,5.1,0.0
20190608:0010,0.0,0.0,0.0,13.33,3.45,0.0
20190608:0110,0.0,0.0,0.0,13.32,2.41,0.0
20190608:0210,0.0,0.0,0.0,13.25,2.28,0.0
20190608:0310,0.0,0.0,0.0,13.32,2.41,0.0
20190608:0410,4615.0,22.41,7.96,13.48,2.62,0.0
20190608:0510,7020.0,29.41,17.06,13.62,2.69,0.0
20190608:0610,29860.0,87.32,26.65,13.76,2.28,0.0
20190608:0710,42240.0,116.73,36.38,14.07,3.17,0.0
20190608:0810,52040.0,139.71,45.84,14.13,3.31,0.0
20190608:0910,93350.0,236.22,54.38,14.47,3.24,0.0
20190608:1010,283395.0,698.86,60.83,15.37,3.31,0.0
20190608:1110,359285.0,902.61,63.38,16.58,3.45,0.0
20190608:1210,369960.0,934.74,60.93,17.53,3.45,0.0
20190608:1310,348850.0,876.94,54.54,18.13,3.45,0.0
20190608:1410,286565.0,715.31,46.03,19.02,3.38,0.0
20190608:1510,206790.0,521.81,36.58,19.17,2.97,0.0
20190608:1610,104320.0,294.06,26.85,19.16,2.69,0.0
20190608:1710,20470.0,86.23,17.26,18.8,2.34,0.0
20190608:1810,11135.0,41.37,8.14,18.14,1.52,0.0
20190608:1910,0.0,0.0,0.0,17.22,1.45,0.0
20190608:2010,0.0,0.0,0.0,15.55,1.72,0.0
20190608:2110,0.0,0.0,0.0,14.21,1.86,0.0
20190608:2210,0.0,0.0,0.0,12.72,1.66,0.0
20190608:2310,0.0,0.0,0.0,11.9,1.38,0.0
20190609:0010,0.0,0.0,0.0,12.11,0.97,0.0
20190609:0110,0.0,0.0,0.0,11.62,1.03,0.0
20190609:0210,0.0,0.0,0.0,10.17,1.38,0.0
20190609:0310,0.0,0.0,0.0,9.69,1.72,0.0
20190609:0410,11290.0,40.51,8.0,9.99,1.72,0.0
20190609:0510,39060.0,133.63,17.1,12.25,1.52,0.0
20190609:0610,123345.0,321.8,26.68,15.09,1.79,0.0
20190609:0710,203075.0,503.44,36.41,16.94,2.76,0.0
20190609:0810,277740.0,693.4,45.88,18.88,3.1,0.0
20190609:0910,309320.0,783.32,54.43,20.53,3.31,0.0
20190609:1010,384895.0,996.48,60.89,21.92,3.52,0.0
20190609:1110,393380.0,1029.22,63.46,22.95,3.38,0.0
20190609:1210,371430.0,973.47,61.02,23.83,3.1,0.0
20190609:1310,193900.0,497.95,54.64,24.64,3.03,0.0
20190609:1410,190020.0,487.82,46.12,24.56,2.83,0.0
20190609:1510,144420.0,373.39,36.67,23.85,2.9,0.0
20190609:1610,20195.0,66.18,26.94,22.82,1.59,0.0
20190609:1710,11875.0,44.12,17.35,22.49,0.76,0.0
20190609:1810,1605.0,12.93,8.24,21.94,0.07,0.0
20190609:1910,0.0,0.0,0.0,18.16,2.0,0.0
20190609:2010,0.0,0.0,0.0,17.16,1.66,0.0
20190609:2110,0.0,0.0,0.0,16.61,1.79,0.0
20190609:2210,0.0,0.0,0.0,16.02,1.59,0.0
20190609:2310,0.0,0.0,0.0,15.48,1.59,0.0
20190610:0010,0.0,0.0,0.0,14.92,1.31,0.0
20190610:0110,0.0,0.0,0.0,13.96,1.17,0.0
20190610:0210,0.0,0.0,0.0,13.51,1.38,0.0
20190610:0310,0.0,0.0,0.0,13.23,1.52,0.0
20190610:0410,230.0,6.89,8.03,13.23,1.31,0.0
20190610:0510,9615.0,36.77,17.12,14.82,0.97,0.0
20190610:0610,16495.0,55.15,26.7,16.48,0.9,0.0
20190610:0710,21855.0,68.93,36.43,17.33,1.1,0.0
20190610:0810,46405.0,129.6,45.91,18.52,0.48,0.0
20190610:0910,62590.0,169.12,54.47,19.75,1.24,0.0
20190610:1010,38115.0,110.3,60.95,20.73,1.45,0.0
20190610:1110,271380.0,703.03,63.54,21.38,1.45,0.0
20190610:1210,239695.0,623.84,61.11,22.34,0.97,0.0
20190610:1310,223485.0,584.04,54.73,23.64,0.83,0.0
20190610:1410,198215.0,515.33,46.21,24.63,1.31,0.0
20190610:1510,120745.0,318.61,36.76,25.1,1.24,0.0
20190610:1610,13055.0,47.79,27.03,25.08,1.24,0.0
20190610:1710,6590.0,29.41,17.44,24.68,0.41,0.0
20190610:1810,1360.0,12.07,8.32,23.71,1.1,0.0
20190610:1910,0.0,0.0,0.0,19.05,2.83,0.0
20190610:2010,0.0,0.0,0.0,17.81,2.9,0.0
20190610:2110,0.0,0.0,0.0,17.0,2.69,0.0
20190610:2210,0.0,0.0,0.0,16.46,2.48,0.0
20190610:2310,0.0,0.0,0.0,15.95,2.21,0.0
20190611:0010,0.0,0.0,0.0,15.55,2.34,0.0
20190611:0110,0.0,0.0,0.0,15.46,2.48,0.0
20190611:0210,0.0,0.0,0.0,15.42,2.55,0.0
20190611:0310,0.0,0.0,0.0,15.28,2.34,0.0
20190611:0410,225.0,6.89,8.06,15.41,1.93,0.0
20190611:0510,37865.0,109.26,17.15,15.73,2.21,0.0
20190611:0610,67585.0,178.63,26.72,16.34,2.48,0.0
20190611:0710,120480.0,300.74,36.46,15.73,3.52,0.0
20190611:0810,168670.0,417.78,45.93,16.96,3.03,0.0
20190611:0910,321155.0,817.39,54.51,18.96,2.34,0.0
20190611:1010,259230.0,661.96,61.0,20.38,1.93,0.0
20190611:1110,240945.0,618.48,63.62,22.24,2.14,0.0
20190611:1210,228735.0,586.28,61.2,23.66,2.9,0.0
20190611:1310,207440.0,530.66,54.82,24.12,3.17,0.0
20190611:1410,254420.0,654.3,46.3,24.57,2.76,0.0
20190611:1510,181525.0,473.66,36.84,24.41,1.66,0.0
20190611:1610,84635.0,233.17,27.11,24.79,1.24,0.0
20190611:1710,37595.0,113.44,17.52,24.97,1.1,0.0
20190611:1810,9525.0,37.92,8.41,24.46,0.41,0.0
20190611:1910,0.0,0.0,0.0,21.89,2.55,0.0
20190611:2010,0.0,0.0,0.0,20.23,2.41,0.0
20190611:2110,0.0,0.0,0.0,18.92,1.86,0.0
20190611:2210,0.0,0.0,0.0,18.02,1.45,0.0
20190611:2310,0.0,0.0,0.0,17.31,0.97,0.0
20190612:0010,0.0,0.0,0.0,17.67,0.07,0.0
20190612:0110,0.0,0.0,0.0,16.58,0.62,0.0
20190612:0210,0.0,0.0,0.0,16.61,0.48,0.0
20190612:0310,0.0,0.0,0.0,16.38,0.48,0.0
20190612:0410,11945.0,43.09,8.08,15.36,1.17,0.0
20190612:0510,39255.0,132.0,17.17,17.23,1.1,0.0
20190612:0610,17670.0,58.82,26.74,19.51,1.52,0.0
20190612:0710,93940.0,245.59,36.47,21.67,2.62,0.0
20190612:0810,62755.0,171.88,45.95,23.92,3.1,0.0
20190612:0910,141375.0,367.28,54.54,25.97,3.52,0.0
20190612:1010,201365.0,519.68,61.05,26.75,4.07,0.0
20190612:1110,343645.0,876.99,63.68,23.67,5.17,0.0
20190612:1210,215090.0,534.45,61.27,20.78,5.93,0.0
20190612:1310,202335.0,500.74,54.9,19.61,5.45,0.0
20190612:1410,43950.0,123.16,46.38,19.17,4.62,0.0
20190612:1510,63170.0,169.09,36.92,19.1,3.72,0.0
20190612:1610,39725.0,113.05,27.19,18.81,2.97,0.0
20190612:1710,35285.0,112.47,17.6,18.42,2.55,0.0
20190612:1810,13415.0,47.4,8.49,17.91,2.07,0.0
20190612:1910,0.0,0.0,0.0,15.44,2.34,0.0
20190612:2010,0.0,0.0,0.0,14.78,2.07,0.0
20190612:2110,0.0,0.0,0.0,14.44,1.79,0.0
20190612:2210,0.0,0.0,0.0,14.12,1.52,0.0
20190612:2310,0.0,0.0,0.0,14.04,1.24,0.0
20190613:0010,0.0,0.0,0.0,13.66,1.31,0.0
20190613:0110,0.0,0.0,0.0,13.32,1.38,0.0
20190613:0210,0.0,0.0,0.0,12.97,1.45,0.0
20190613:0310,0.0,0.0,0.0,12.96,1.38,0.0
20190613:0410,2705.0,16.37,8.1,12.97,1.17,0.0
20190613:0510,10705.0,39.52,17.18,13.57,0.9,0.0
20190613:0610,40455.0,113.05,26.75,14.31,0.9,0.0
20190613:0710,184815.0,461.81,36.48,15.75,1.1,0.0
20190613:0810,258075.0,650.45,45.97,17.21,1.31,0.0
20190613:0910,275470.0,703.94,54.56,18.85,1.38,0.0
20190613:1010,337730.0,885.2,61.09,20.5,1.52,0.0
20190613:1110,354575.0,936.33,63.74,21.21,1.66,0.0
20190613:1210,336185.0,886.46,61.35,21.97,1.59,0.0
20190613:1310,335375.0,890.13,54.97,22.56,1.17,0.0
20190613:1410,271575.0,714.47,46.45,23.15,0.69,0.0
20190613:1510,195730.0,514.69,37.0,23.07,0.48,0.0
20190613:1610,101525.0,294.56,27.27,23.12,0.14,0.0
20190613:1710,39550.0,121.19,17.68,22.91,0.0,0.0
20190613:1810,13415.0,48.26,8.57,22.17,0.48,0.0
20190613:1910,0.0,0.0,0.0,21.07,1.59,0.0
20190613:2010,0.0,0.0,0.0,19.48,1.79,0.0
20190613:2110,0.0,0.0,0.0,18.34,1.79,0.0
20190613:2210,0.0,0.0,0.0,17.21,1.86,0.0
20190613:2310,0.0,0.0,0.0,16.04,1.79,0.0
20190614:0010,0.0,0.0,0.0,15.13,1.79,0.0
20190614:0110,0.0,0.0,0.0,14.22,1.79,0.0
20190614:0210,0.0,0.0,0.0,13.54,1.79,0.0
20190614:0310,0.0,0.0,0.0,13.22,1.93,0.0
20190614:0410,10770.0,39.64,8.11,13.4,1.93,0.0
20190614:0510,35115.0,129.12,17.18,15.35,1.66,0.0
20190614:0610,123510.0,330.29,26.75,18.74,1.72,0.0
20190614:0710,219010.0,553.06,36.49,21.11,3.03,0.0
20190614:0810,293970.0,744.44,45.97,23.0,3.93,0.0
20190614:0910,347495.0,892.95,54.57,24.5,4.41,0.0
20190614:1010,375820.0,982.05,61.12,25.75,4.28,0.0
20190614:1110,385835.0,1021.02,63.79,26.92,4.0,0.0
20190614:1210,368570.0,978.45,61.41,27.9,3.72,0.0
20190614:1310,288785.0,760.93,55.04,28.66,3.17,0.0
20190614:1410,151980.0,400.67,46.52,29.01,2.76,0.0
20190614:1510,36300.0,109.38,37.07,28.77,2.28,0.0
20190614:1610,82415.0,229.31,27.34,28.04,2.07,0.0
20190614:1710,11305.0,43.2,17.75,26.67,2.83,0.0
20190614:1810,9190.0,37.06,8.64,25.54,3.38,0.0
20190614:1910,0.0,0.0,0.0,24.29,2.76,0.0
20190614:2010,0.0,0.0,0.0,23.11,2.76,0.0
20190614:2110,0.0,0.0,0.0,22.22,2.97,0.0
20190614:2210,0.0,0.0,0.0,21.63,2.83,0.0
20190614:2310,0.0,0.0,0.0,21.09,2.62,0.0
20190615:0010,0.0,0.0,0.0,20.72,2.41,0.0
20190615:0110,0.0,0.0,0.0,20.34,2.41,0.0
20190615:0210,0.0,0.0,0.0,20.14,2.28,0.0
20190615:0310,0.0,0.0,0.0,19.88,2.14,0.0
20190615:0410,12320.0,44.81,8.12,19.7,1.93,0.0
20190615:0510,33745.0,100.58,17.19,20.25,1.66,0.0
20190615:0610,108910.0,292.79,26.75,22.36,1.93,0.0
20190615:0710,209730.0,533.98,36.48,23.27,3.38,0.0
20190615:0810,269490.0,682.04,45.98,23.52,4.14,0.0
20190615:0910,311185.0,794.01,54.59,24.65,4.83,0.0
20190615:1010,372455.0,965.96,61.15,25.28,4.69,0.0
20190615:1110,347740.0,902.48,63.84,25.57,4.48,0.0
20190615:1210,270810.0,696.42,61.47,25.63,4.21,0.0
20190615:1310,183430.0,471.26,55.11,25.55,3.86,0.0
20190615:1410,212380.0,542.67,46.59,24.97,3.72,0.0
20190615:1510,193605.0,498.43,37.13,24.32,3.52,0.0
20190615:1610,101130.0,286.26,27.4,23.52,3.45,0.0
20190615:1710,37715.0,111.76,17.82,22.79,3.38,0.0
20190615:1810,4945.0,24.13,8.7,22.0,2.9,0.0
20190615:1910,0.0,0.0,0.0,20.92,2.21,0.0
20190615:2010,0.0,0.0,0.0,19.77,2.0,0.0
20190615:2110,0.0,0.0,0.0,18.78,1.86,0.0
20190615:2210,0.0,0.0,0.0,18.17,1.93,0.0
20190615:2310,0.0,0.0,0.0,17.75,1.93,0.0
20190616:0010,0.0,0.0,0.0,17.3,1.93,0.0
20190616:0110,0.0,0.0,0.0,16.86,2.07,0.0
20190616:0210,0.0,0.0,0.0,16.76,2.14,0.0
20190616:0310,0.0,0.0,0.0,16.36,2.41,0.0
20190616:0410,9975.0,37.92,8.12,16.17,2.21,0.0
20190616:0510,36785.0,106.97,17.18,16.69,1.72,0.0
20190616:0610,57980.0,156.45,26.75,17.56,2.28,0.0
20190616:0710,29035.0,86.4,36.48,16.45,1.17,0.0
20190616:0810,110780.0,282.28,45.97,17.13,1.24,0.0
20190616:0910,35350.0,102.02,54.59,17.16,1.17,0.0
20190616:1010,75145.0,197.61,61.17,17.64,1.17,0.0
20190616:1110,64565.0,172.8,63.88,18.16,1.03,0.0
20190616:1210,172085.0,435.99,61.52,18.27,1.03,0.0
20190616:1310,212120.0,538.79,55.17,18.93,1.1,0.0
20190616:1410,111880.0,288.62,46.65,19.87,1.24,0.0
20190616:1510,88675.0,232.24,37.19,20.02,1.45,0.0
20190616:1610,71750.0,192.14,27.46,19.3,1.72,0.0
20190616:1710,4955.0,23.9,17.88,18.94,1.86,0.0
20190616:1810,8630.0,34.47,8.76,18.02,1.93,0.0
20190616:1910,0.0,0.0,0.0,17.35,1.31,0.0
20190616:2010,0.0,0.0,0.0,16.35,1.17,0.0
20190616:2110,0.0,0.0,0.0,15.71,1.17,0.0
20190616:2210,0.0,0.0,0.0,14.75,1.31,0.0
20190616:2310,0.0,0.0,0.0,13.75,1.38,0.0
20190617:0010,0.0,0.0,0.0,13.59,1.24,0.0
20190617:0110,0.0,0.0,0.0,13.09,1.24,0.0
20190617:0210,0.0,0.0,0.0,12.33,1.45,0.0
20190617:0310,0.0,0.0,0.0,11.68,1.52,0.0
20190617:0410,13180.0,45.68,8.11,11.68,1.45,0.0
20190617:0510,36815.0,130.06,17.17,14.27,1.17,0.0
20190617:0610,124450.0,329.9,26.74,16.77,1.72,0.0
20190617:0710,218300.0,547.16,36.47,18.18,2.21,0.0
20190617:0810,278440.0,701.57,45.97,19.79,2.62,0.0
20190617:0910,303545.0,774.11,54.59,20.94,2.76,0.0
20190617:1010,223765.0,568.27,61.18,21.85,2.9,0.0
20190617:1110,241320.0,615.54,63.91,22.69,3.1,0.0
20190617:1210,315820.0,815.18,61.57,23.07,3.1,0.0
20190617:1310,252150.0,645.39,55.22,23.32,2.9,0.0
20190617:1410,175045.0,447.75,46.71,23.61,2.9,0.0
20190617:1510,188020.0,483.52,37.25,23.58,3.03,0.0
20190617:1610,102110.0,285.38,27.52,23.5,3.24,0.0
20190617:1710,39600.0,122.27,17.93,23.02,3.17,0.0
20190617:1810,13770.0,49.12,8.82,22.17,2.83,0.0
20190617:1910,0.0,0.0,0.0,20.7,2.41,0.0
20190617:2010,0.0,0.0,0.0,19.48,2.34,0.0
20190617:2110,0.0,0.0,0.0,18.72,2.41,0.0
20190617:2210,0.0,0.0,0.0,18.22,2.48,0.0
20190617:2310,0.0,0.0,0.0,17.54,2.48,0.0
20190618:0010,0.0,0.0,0.0,17.02,2.41,0.0
20190618:0110,0.0,0.0,0.0,16.6,2.34,0.0
20190618:0210,0.0,0.0,0.0,16.22,2.21,0.0
20190618:0310,0.0,0.0,0.0,15.7,2.14,0.0
20190618:0410,11940.0,43.09,8.1,15.55,2.07,0.0
20190618:0510,35700.0,129.49,17.16,16.56,1.86,0.0
20190618:0610,123900.0,330.25,26.72,18.54,2.41,0.0
20190618:0710,218720.0,553.11,36.45,20.44,2.48,0.0
20190618:0810,293980.0,752.1,45.95,22.15,2.48,0.0
20190618:0910,345920.0,903.6,54.58,23.47,2.55,0.0
20190618:1010,370010.0,983.51,61.19,24.6,2.48,0.0
20190618:1110,338825.0,901.38,63.93,25.62,2.34,0.0
20190618:1210,320810.0,853.92,61.61,25.84,2.0,0.0
20190618:1310,300680.0,795.13,55.27,25.96,1.93,0.0
20190618:1410,229675.0,600.46,46.76,26.37,1.86,0.0
20190618:1510,156275.0,411.74,37.3,26.69,1.72,0.0
20190618:1610,100835.0,288.38,27.57,26.38,1.72,0.0
20190618:1710,33500.0,114.45,17.98,26.02,1.86,0.0
20190618:1810,12925.0,47.4,8.87,24.92,1.72,0.0
20190618:1910,0.0,0.0,0.0,23.56,1.93,0.0
20190618:2010,0.0,0.0,0.0,22.08,2.07,0.0
20190618:2110,0.0,0.0,0.0,20.82,2.0,0.0
20190618:2210,0.0,0.0,0.0,19.81,1.86,0.0
20190618:2310,0.0,0.0,0.0,19.03,1.72,0.0
20190619:0010,0.0,0.0,0.0,18.16,1.59,0.0
20190619:0110,0.0,0.0,0.0,17.31,1.52,0.0
20190619:0210,0.0,0.0,0.0,16.61,1.45,0.0
20190619:0310,0.0,0.0,0.0,16.12,1.52,0.0
20190619:0410,8720.0,34.47,8.08,16.07,1.31,0.0
20190619:0510,11165.0,41.36,17.14,17.55,0.97,0.0
20190619:0610,28515.0,86.4,26.7,20.02,1.03,0.0
20190619:0710,88895.0,233.85,36.43,20.98,1.24,0.0
20190619:0810,274570.0,712.48,45.93,22.66,1.38,0.0
20190619:0910,328040.0,869.66,54.57,24.14,1.59,0.0
20190619:1010,366285.0,992.12,61.19,25.99,1.79,0.0
20190619:1110,321930.0,868.81,63.95,27.27,1.72,0.0
20190619:1210,284660.0,762.53,61.65,27.96,1.72,0.0
20190619:1310,279905.0,748.86,55.31,28.44,1.72,0.0
20190619:1410,226500.0,599.66,46.8,28.5,1.66,0.0
20190619:1510,167325.0,444.37,37.35,28.45,1.79,0.0
20190619:1610,100440.0,289.76,27.62,27.55,1.86,0.0
20190619:1710,27455.0,103.97,18.03,26.13,1.66,0.0
20190619:1810,12285.0,45.68,8.91,25.05,1.45,0.0
20190619:1910,0.0,0.0,0.0,23.36,1.45,0.0
20190619:2010,0.0,0.0,0.0,21.83,1.79,0.0
20190619:2110,0.0,0.0,0.0,20.28,1.72,0.0
20190619:2210,0.0,0.0,0.0,18.75,1.72,0.0
20190619:2310,0.0,0.0,0.0,17.65,1.72,0.0
20190620:0010,0.0,0.0,0.0,16.94,1.72,0.0
20190620:0110,0.0,0.0,0.0,16.16,1.66,0.0
20190620:0210,0.0,0.0,0.0,16.05,1.52,0.0
20190620:0310,0.0,0.0,0.0,15.45,1.66,0.0
20190620:0410,220.0,6.89,8.06,15.6,1.93,0.0
20190620:0510,7175.0,30.33,17.12,17.86,1.86,0.0
20190620:0610,122685.0,330.39,26.67,19.94,2.55,0.0
20190620:0710,141875.0,359.36,36.41,18.4,1.45,0.0
20190620:0810,167315.0,421.98,45.91,19.86,2.28,0.0
20190620:0910,333205.0,860.11,54.55,21.27,2.34,0.0
20190620:1010,329655.0,857.96,61.18,22.47,2.41,0.0
20190620:1110,336750.0,884.03,63.96,23.36,2.34,0.0
20190620:1210,268275.0,698.17,61.67,24.07,2.07,0.0
20190620:1310,210625.0,546.23,55.35,24.47,1.72,0.0
20190620:1410,177970.0,460.83,46.85,24.66,1.79,0.0
20190620:1510,107430.0,280.55,37.39,22.63,2.0,0.0
20190620:1610,8340.0,34.01,27.66,20.76,2.14,0.0
20190620:1710,7415.0,31.25,18.07,19.87,1.66,0.0
20190620:1810,5585.0,25.85,8.95,19.4,1.24,0.0
20190620:1910,0.0,0.0,0.0,19.52,1.24,0.0
20190620:2010,0.0,0.0,0.0,18.44,1.93,0.0
20190620:2110,0.0,0.0,0.0,17.74,1.72,0.0
20190620:2210,0.0,0.0,0.0,17.07,1.52,0.0
20190620:2310,0.0,0.0,0.0,16.12,1.38,0.0
20190621:0010,0.0,0.0,0.0,15.21,1.31,0.0
20190621:0110,0.0,0.0,0.0,14.43,1.31,0.0
20190621:0210,0.0,0.0,0.0,13.79,1.38,0.0
20190621:0310,0.0,0.0,0.0,13.37,1.38,0.0
20190621:0410,1940.0,13.79,8.04,13.54,1.1,0.0
20190621:0510,11280.0,41.36,17.09,15.58,0.97,0.0
20190621:0610,47795.0,132.1,26.64,17.32,1.38,0.0
20190621:0710,118880.0,304.24,36.37,18.22,0.76,0.0
20190621:0810,182925.0,465.65,45.88,19.24,0.69,0.0
20190621:0910,284015.0,740.12,54.53,20.55,0.83,0.0
20190621:1010,269525.0,704.67,61.17,21.67,0.9,0.0
20190621:1110,189440.0,490.56,63.97,22.64,1.03,0.0
20190621:1210,253355.0,663.88,61.69,22.63,0.83,0.0
20190621:1310,226440.0,590.31,55.38,23.21,0.9,0.0
20190621:1410,168060.0,435.06,46.88,23.4,1.17,0.0
20190621:1510,174455.0,452.88,37.43,23.3,1.45,0.0
20190621:1610,90455.0,246.05,27.7,23.11,1.66,0.0
20190621:1710,23975.0,97.71,18.11,22.61,1.86,0.0
20190621:1810,12800.0,46.54,8.99,22.05,1.52,0.0
20190621:1910,0.0,0.0,0.0,21.15,1.59,0.0
20190621:2010,0.0,0.0,0.0,19.88,2.0,0.0
20190621:2110,0.0,0.0,0.0,18.83,2.21,0.0
20190621:2210,0.0,0.0,0.0,17.91,2.34,0.0
20190621:2310,0.0,0.0,0.0,17.28,2.41,0.0
20190622:0010,0.0,0.0,0.0,16.83,2.55,0.0
20190622:0110,0.0,0.0,0.0,16.48,2.41,0.0
20190622:0210,0.0,0.0,0.0,16.14,2.28,0.0
20190622:0310,0.0,0.0,0.0,15.83,2.34,0.0
20190622:0410,11930.0,43.09,8.0,15.8,2.48,0.0
20190622:0510,33735.0,124.43,17.05,16.38,2.48,0.0
20190622:0610,84300.0,221.03,26.61,17.58,2.69,0.0
20190622:0710,99840.0,256.04,36.34,19.17,3.86,0.0
20190622:0810,72820.0,193.02,45.85,20.43,4.07,0.0
20190622:0910,49200.0,136.95,54.5,21.0,3.59,0.0
20190622:1010,174410.0,440.37,61.15,21.43,3.79,0.0
20190622:1110,267995.0,679.06,63.96,22.44,4.07,0.0
20190622:1210,30280.0,90.99,61.71,21.5,4.48,0.0
20190622:1310,230085.0,574.21,55.4,20.63,4.41,0.0
20190622:1410,175225.0,438.64,46.91,19.3,3.03,0.0
20190622:1510,101080.0,260.55,37.46,19.84,3.1,0.0
20190622:1610,93570.0,249.33,27.73,19.64,3.24,0.0
20190622:1710,40115.0,122.68,18.14,19.6,3.86,0.0
20190622:1810,10780.0,40.51,9.02,19.05,4.0,0.0
20190622:1910,0.0,0.0,0.0,18.39,3.93,0.0
20190622:2010,0.0,0.0,0.0,18.01,3.72,0.0
20190622:2110,0.0,0.0,0.0,17.55,3.31,0.0
20190622:2210,0.0,0.0,0.0,17.18,3.17,0.0
20190622:2310,0.0,0.0,0.0,16.73,3.31,0.0
20190623:0010,0.0,0.0,0.0,16.38,3.31,0.0
20190623:0110,0.0,0.0,0.0,15.91,3.31,0.0
20190623:0210,0.0,0.0,0.0,15.73,3.31,0.0
20190623:0310,0.0,0.0,0.0,15.67,3.24,0.0
20190623:0410,12270.0,43.95,7.97,15.63,3.03,0.0
20190623:0510,42305.0,126.23,17.01,15.91,2.97,0.0
20190623:0610,93980.0,244.65,26.57,16.78,3.03,0.0
20190623:0710,127370.0,320.52,36.3,18.1,3.45,0.0
20190623:0810,86275.0,223.75,45.81,19.0,3.86,0.0
20190623:0910,208085.0,518.52,54.46,20.25,4.41,0.0
20190623:1010,246050.0,616.14,61.12,20.97,4.41,0.0
20190623:1110,311730.0,787.7,63.95,21.19,4.28,0.0
20190623:1210,354520.0,902.72,61.72,21.67,4.28,0.0
20190623:1310,172640.0,437.04,55.42,22.63,4.34,0.0
20190623:1410,219545.0,553.92,46.94,22.87,4.07,0.0
20190623:1510,173770.0,443.97,37.49,23.1,3.72,0.0
20190623:1610,80015.0,215.72,27.76,22.81,3.38,0.0
20190623:1710,38950.0,114.92,18.17,22.52,3.17,0.0
20190623:1810,6380.0,28.44,9.04,21.74,2.48,0.0
20190623:1910,0.0,0.0,0.0,21.16,2.41,0.0
20190623:2010,0.0,0.0,0.0,20.22,2.34,0.0
20190623:2110,0.0,0.0,0.0,19.65,2.21,0.0
20190623:2210,0.0,0.0,0.0,18.88,1.93,0.0
20190623:2310,0.0,0.0,0.0,18.25,1.86,0.0
20190624:0010,0.0,0.0,0.0,17.66,1.93,0.0
20190624:0110,0.0,0.0,0.0,17.22,2.07,0.0
20190624:0210,0.0,0.0,0.0,16.79,2.21,0.0
20190624:0310,0.0,0.0,0.0,16.39,2.41,0.0
20190624:0410,11580.0,42.23,7.92,16.22,2.48,0.0
20190624:0510,34125.0,125.32,16.97,17.0,2.28,0.0
20190624:0610,122275.0,327.39,26.52,18.7,2.55,0.0
20190624:0710,218220.0,550.54,36.25,20.54,2.9,0.0
20190624:0810,297250.0,755.35,45.76,22.26,3.17,0.0
20190624:0910,351485.0,908.86,54.42,23.64,3.45,0.0
20190624:1010,382525.0,1002.55,61.09,24.69,3.66,0.0
20190624:1110,391440.0,1033.44,63.94,25.58,3.72,0.0
20190624:1210,375955.0,992.24,61.72,26.32,3.66,0.0
20190624:1310,339795.0,889.58,55.44,26.8,3.59,0.0
20190624:1410,277960.0,720.49,46.96,27.05,3.45,0.0
20190624:1510,199075.0,519.59,37.51,27.09,3.38,0.0
20190624:1610,104015.0,300.55,27.79,26.92,3.24,0.0
20190624:1710,24210.0,99.94,18.19,26.46,3.1,0.0
20190624:1810,14170.0,50.85,9.06,25.39,2.69,0.0
20190624:1910,0.0,0.0,0.0,23.69,2.83,0.0
20190624:2010,0.0,0.0,0.0,22.33,2.83,0.0
20190624:2110,0.0,0.0,0.0,21.35,2.69,0.0
20190624:2210,0.0,0.0,0.0,20.55,2.55,0.0
20190624:2310,0.0,0.0,0.0,19.92,2.48,0.0
20190625:0010,0.0,0.0,0.0,19.38,2.55,0.0
20190625:0110,0.0,0.0,0.0,18.91,2.48,0.0
20190625:0210,0.0,0.0,0.0,18.41,2.28,0.0
20190625:0310,0.0,0.0,0.0,17.88,2.28,0.0
20190625:0410,12135.0,43.95,7.88,17.65,2.34,0.0
20190625:0510,32980.0,124.08,16.92,18.54,2.21,0.0
20190625:0610,119560.0,322.12,26.47,20.41,2.55,0.0
20190625:0710,203250.0,519.25,36.2,22.74,2.62,0.0
20190625:0810,280570.0,722.03,45.72,24.5,2.9,0.0
20190625:0910,311235.0,816.28,54.38,26.05,2.76,0.0
20190625:1010,346250.0,927.91,61.05,27.42,2.55,0.0
20190625:1110,360410.0,979.34,63.91,28.6,2.41,0.0
20190625:1210,348385.0,948.19,61.71,29.57,2.34,0.0
20190625:1310,318240.0,861.99,55.45,30.27,2.14,0.0
20190625:1410,263915.0,707.81,46.97,30.73,1.93,0.0
20190625:1510,193445.0,520.8,37.53,30.91,1.79,0.0
20190625:1610,100975.0,294.63,27.8,30.79,1.66,0.0
20190625:1710,35540.0,120.93,18.21,30.34,1.66,0.0
20190625:1810,14185.0,51.71,9.07,29.15,1.38,0.0
20190625:1910,0.0,0.0,0.0,27.45,1.52,0.0
20190625:2010,0.0,0.0,0.0,25.29,1.52,0.0
20190625:2110,0.0,0.0,0.0,23.51,1.31,0.0
20190625:2210,0.0,0.0,0.0,23.12,1.03,0.0
20190625:2310,0.0,0.0,0.0,23.47,0.69,0.0
20190626:0010,0.0,0.0,0.0,22.69,0.48,0.0
20190626:0110,0.0,0.0,0.0,21.79,0.69,0.0
20190626:0210,0.0,0.0,0.0,20.28,0.97,0.0
20190626:0310,0.0,0.0,0.0,19.43,1.03,0.0
20190626:0410,11710.0,43.09,7.82,19.1,1.03,0.0
20190626:0510,36195.0,125.5,16.87,20.77,0.62,0.0
20190626:0610,112035.0,309.85,26.42,23.81,0.55,0.0
20190626:0710,198190.0,526.39,36.15,26.28,0.48,0.0
20190626:0810,265545.0,717.03,45.66,28.44,0.69,0.0
20190626:0910,313700.0,869.21,54.33,30.12,0.83,0.0
20190626:1010,342505.0,964.38,61.01,31.51,1.1,0.0
20190626:1110,356660.0,1011.2,63.88,32.71,1.38,0.0
20190626:1210,347370.0,977.43,61.7,33.63,1.72,0.0
20190626:1310,313550.0,866.97,55.45,34.2,2.07,0.0
20190626:1410,259615.0,706.75,46.98,34.5,2.21,0.0
20190626:1510,186800.0,508.74,37.55,34.47,2.48,0.0
20190626:1610,99120.0,295.78,27.82,34.09,2.62,0.0
20190626:1710,26650.0,105.84,18.22,33.37,2.48,0.0
20190626:1810,13985.0,51.71,9.08,31.93,2.0,0.0
20190626:1910,0.0,0.0,0.0,30.11,1.93,0.0
20190626:2010,0.0,0.0,0.0,28.36,2.28,0.0
20190626:2110,0.0,0.0,0.0,27.1,2.34,0.0
20190626:2210,0.0,0.0,0.0,26.05,2.21,0.0
20190626:2310,0.0,0.0,0.0,25.17,2.14,0.0
20190627:0010,0.0,0.0,0.0,24.48,2.34,0.0
20190627:0110,0.0,0.0,0.0,23.81,2.41,0.0
20190627:0210,0.0,0.0,0.0,23.06,2.41,0.0
20190627:0310,0.0,0.0,0.0,22.27,2.07,0.0
20190627:0410,11555.0,43.09,7.77,21.72,1.86,0.0
20190627:0510,38470.0,127.88,16.81,22.19,2.21,0.0
20190627:0610,112940.0,307.28,26.36,23.2,2.69,0.0
20190627:0710,201070.0,518.19,36.09,24.53,2.62,0.0
20190627:0810,277410.0,722.6,45.6,26.0,2.41,0.0
20190627:0910,329995.0,879.89,54.27,27.48,2.34,0.0
20190627:1010,359545.0,971.64,60.95,28.8,2.69,0.0
20190627:1110,374575.0,1013.63,63.85,29.63,3.24,0.0
20190627:1210,362235.0,974.24,61.68,30.05,3.52,0.0
20190627:1310,329030.0,874.95,55.44,30.25,3.66,0.0
20190627:1410,270140.0,709.44,46.99,30.24,3.72,0.0
20190627:1510,194550.0,513.56,37.55,29.97,3.79,0.0
20190627:1610,103310.0,300.63,27.82,29.29,3.86,0.0
20190627:1710,24680.0,101.66,18.22,28.3,3.72,0.0
20190627:1810,14055.0,50.85,9.09,27.02,3.17,0.0
20190627:1910,0.0,0.0,0.0,24.81,2.97,0.0
20190627:2010,0.0,0.0,0.0,22.98,2.69,0.0
20190627:2110,0.0,0.0,0.0,21.47,2.48,0.0
20190627:2210,0.0,0.0,0.0,20.17,2.28,0.0
20190627:2310,0.0,0.0,0.0,18.99,2.07,0.0
20190628:0010,0.0,0.0,0.0,18.02,1.93,0.0
20190628:0110,0.0,0.0,0.0,17.21,1.86,0.0
20190628:0210,0.0,0.0,0.0,16.76,1.93,0.0
20190628:0310,0.0,0.0,0.0,15.86,1.93,0.0
20190628:0410,9065.0,35.33,7.7,15.44,1.79,0.0
20190628:0510,32020.0,122.99,16.74,16.28,1.79,0.0
20190628:0610,124435.0,333.6,26.3,17.66,1.86,0.0
20190628:0710,223990.0,564.78,36.03,18.28,1.79,0.0
20190628:0810,296075.0,760.36,45.54,19.92,1.45,0.0
20190628:0910,347745.0,919.76,54.21,21.52,1.31,0.0
20190628:1010,376855.0,1014.9,60.9,23.07,1.52,0.0
20190628:1110,386705.0,1053.02,63.8,24.42,1.59,0.0
20190628:1210,367310.0,1001.39,61.66,25.55,1.45,0.0
20190628:1310,335150.0,904.37,55.43,26.39,1.45,0.0
20190628:1410,276985.0,734.77,46.98,26.97,1.52,0.0
20190628:1510,200905.0,531.85,37.55,27.21,1.66,0.0
20190628:1610,107030.0,310.31,27.83,27.09,1.79,0.0
20190628:1710,23945.0,101.53,18.22,26.64,2.07,0.0
20190628:1810,14460.0,51.71,9.08,25.69,2.21,0.0
20190628:1910,0.0,0.0,0.0,23.75,2.28,0.0
20190628:2010,0.0,0.0,0.0,22.02,2.28,0.0
20190628:2110,0.0,0.0,0.0,20.61,2.28,0.0
20190628:2210,0.0,0.0,0.0,19.49,2.34,0.0
20190628:2310,0.0,0.0,0.0,18.6,2.41,0.0
20190629:0010,0.0,0.0,0.0,17.84,2.41,0.0
20190629:0110,0.0,0.0,0.0,17.13,2.34,0.0
20190629:0210,0.0,0.0,0.0,16.46,2.28,0.0
20190629:0310,0.0,0.0,0.0,15.88,2.21,0.0
20190629:0410,10010.0,37.92,7.64,15.58,2.14,0.0
20190629:0510,32160.0,122.34,16.68,16.44,1.93,0.0
20190629:0610,123080.0,330.35,26.23,18.39,2.28,0.0
20190629:0710,220635.0,558.53,35.96,20.17,2.34,0.0
20190629:0810,295255.0,759.67,45.47,22.27,2.14,0.0
20190629:0910,347355.0,921.48,54.14,24.07,1.86,0.0
20190629:1010,373110.0,1010.88,60.83,25.68,1.86,0.0
20190629:1110,380995.0,1043.21,63.75,27.07,1.93,0.0
20190629:1210,368720.0,1009.02,61.63,28.23,2.0,0.0
20190629:1310,331375.0,896.49,55.42,29.11,2.07,0.0
20190629:1410,275155.0,732.48,46.98,29.68,2.28,0.0
20190629:1510,198325.0,527.86,37.55,29.8,2.48,0.0
20190629:1610,106110.0,309.48,27.82,29.51,2.62,0.0
20190629:1710,23835.0,101.73,18.22,28.84,2.69,0.0
20190629:1810,14310.0,51.71,9.07,27.7,2.21,0.0
20190629:1910,0.0,0.0,0.0,25.79,2.28,0.0
20190629:2010,0.0,0.0,0.0,23.82,2.28,0.0
20190629:2110,0.0,0.0,0.0,22.26,2.21,0.0
20190629:2210,0.0,0.0,0.0,20.96,2.07,0.0
20190629:2310,0.0,0.0,0.0,19.88,2.0,0.0
20190630:0010,0.0,0.0,0.0,18.96,1.93,0.0
20190630:0110,0.0,0.0,0.0,18.17,1.86,0.0
20190630:0210,0.0,0.0,0.0,16.97,1.72,0.0
20190630:0310,0.0,0.0,0.0,15.81,1.66,0.0
20190630:0410,9385.0,36.2,7.56,15.24,1.52,0.0
20190630:0510,31175.0,121.1,16.61,16.7,1.17,0.0
20190630:0610,121640.0,331.73,26.16,20.55,1.38,0.0
20190630:0710,216375.0,559.97,35.89,23.02,1.52,0.0
20190630:0810,289395.0,761.17,45.4,25.3,1.66,0.0
20190630:0910,338855.0,917.3,54.07,27.61,1.72,0.0
20190630:1010,364690.0,1006.43,60.77,29.79,2.0,0.0
20190630:1110,377105.0,1050.72,63.69,31.7,2.34,0.0
20190630:1210,361700.0,1004.97,61.59,33.19,2.62,0.0
20190630:1310,327160.0,898.27,55.4,34.19,2.9,0.0
20190630:1410,270825.0,734.35,46.97,34.73,2.97,0.0
20190630:1510,193930.0,527.7,37.54,34.83,2.9,0.0
20190630:1610,104035.0,309.8,27.82,34.63,2.83,0.0
20190630:1710,27330.0,109.65,18.21,34.11,3.1,0.0
20190630:1810,14255.0,52.57,9.06,32.55,2.55,0.0
20190630:1910,0.0,0.0,0.0,30.39,1.79,0.0
20190630:2010,0.0,0.0,0.0,28.25,1.93,0.0
20190630:2110,0.0,0.0,0.0,26.38,2.0,0.0
20190630:2210,0.0,0.0,0.0,24.79,1.93,0.0
20190630:2310,0.0,0.0,0.0,24.19,2.07,0.0
20190701:0010,0.0,0.0,0.0,22.84,2.07,0.0
20190701:0110,0.0,0.0,0.0,22.22,2.07,0.0
20190701:0210,0.0,0.0,0.0,21.77,2.0,0.0
20190701:0310,0.0,0.0,0.0,21.61,1.86,0.0
20190701:0410,10975.0,41.37,7.49,20.88,1.59,0.0
20190701:0510,35870.0,122.66,16.53,21.74,1.03,0.0
20190701:0610,107215.0,295.99,26.08,24.7,1.24,0.0
20190701:0710,189635.0,496.79,35.81,26.65,1.86,0.0
20190701:0810,274205.0,722.14,45.33,28.44,2.48,0.0
20190701:0910,252300.0,655.5,53.99,27.35,3.45,0.0
20190701:1010,349105.0,943.97,60.69,28.68,2.41,0.0
20190701:1110,363750.0,993.78,63.63,30.58,2.76,0.0
20190701:1210,360160.0,962.05,61.54,30.57,4.28,0.0
20190701:1310,307815.0,805.9,55.37,29.67,4.69,0.0
20190701:1410,78515.0,214.28,46.95,28.41,3.66,0.0
20190701:1510,25110.0,79.96,37.53,27.11,4.28,0.0
20190701:1610,13660.0,49.63,27.8,26.34,2.9,0.0
20190701:1710,9055.0,36.77,18.19,26.09,2.41,0.0
20190701:1810,1570.0,12.93,9.04,24.9,1.72,0.0
20190701:1910,0.0,0.0,0.0,24.9,2.0,0.0
20190701:2010,0.0,0.0,0.0,23.83,1.72,0.0
20190701:2110,0.0,0.0,0.0,22.79,1.59,0.0
20190701:2210,0.0,0.0,0.0,21.57,1.72,0.0
20190701:2310,0.0,0.0,0.0,20.93,2.07,0.0
20190702:0010,0.0,0.0,0.0,20.4,2.34,0.0
20190702:0110,0.0,0.0,0.0,19.8,2.28,0.0
20190702:0210,0.0,0.0,0.0,19.17,2.14,0.0
20190702:0310,0.0,0.0,0.0,18.5,2.14,0.0
20190702:0410,4215.0,21.55,7.41,18.1,2.14,0.0
20190702:0510,34290.0,123.15,16.45,18.31,2.07,0.0
20190702:0610,115025.0,307.61,26.0,19.02,2.0,0.0
20190702:0710,217240.0,548.59,35.73,19.55,2.28,0.0
20190702:0810,291090.0,746.18,45.24,20.95,1.86,0.0
20190702:0910,337780.0,888.51,53.91,22.28,1.66,0.0
20190702:1010,368195.0,980.44,60.61,23.57,2.07,0.0
20190702:1110,385970.0,1031.27,63.56,24.57,2.55,0.0
20190702:1210,372025.0,987.11,61.49,25.28,2.9,0.0
20190702:1310,340715.0,893.48,55.33,25.73,3.1,0.0
20190702:1410,279415.0,722.26,46.92,25.89,3.24,0.0
20190702:1510,201370.0,522.73,37.51,25.75,3.1,0.0
20190702:1610,108710.0,308.16,27.78,25.32,2.97,0.0
20190702:1710,25825.0,104.87,18.17,24.69,2.83,0.0
20190702:1810,14290.0,50.85,9.01,23.81,2.76,0.0
20190702:1910,0.0,0.0,0.0,22.41,2.34,0.0
20190702:2010,0.0,0.0,0.0,20.84,2.41,0.0
20190702:2110,0.0,0.0,0.0,19.45,2.69,0.0
20190702:2210,0.0,0.0,0.0,18.27,2.83,0.0
20190702:2310,0.0,0.0,0.0,17.23,2.76,0.0
20190703:0010,0.0,0.0,0.0,16.36,2.55,0.0
20190703:0110,0.0,0.0,0.0,15.61,2.41,0.0
20190703:0210,0.0,0.0,0.0,14.95,2.34,0.0
20190703:0310,0.0,0.0,0.0,14.36,2.21,0.0
20190703:0410,10090.0,37.92,7.32,14.01,2.07,0.0
20190703:0510,32735.0,120.93,16.36,14.7,1.86,0.0
20190703:0610,123175.0,326.79,25.92,16.0,2.48,0.0
20190703:0710,222310.0,554.6,35.65,17.32,2.48,0.0
20190703:0810,298725.0,754.36,45.16,18.82,2.28,0.0
20190703:0910,345115.0,893.76,53.82,20.11,2.0,0.0
20190703:1010,374470.0,993.18,60.52,21.26,1.72,0.0
20190703:1110,383780.0,1031.83,63.48,22.34,1.59,0.0
20190703:1210,373905.0,1005.35,61.43,23.25,1.59,0.0
20190703:1310,336630.0,894.34,55.29,23.92,1.59,0.0
20190703:1410,281250.0,735.84,46.89,24.36,1.59,0.0
20190703:1510,201565.0,526.89,37.48,24.53,1.52,0.0
20190703:1610,109785.0,312.27,27.76,24.39,1.59,0.0
20190703:1710,25360.0,104.48,18.15,23.97,1.93,0.0
20190703:1810,14980.0,52.57,8.98,23.17,2.28,0.0
20190703:1910,0.0,0.0,0.0,21.57,2.41,0.0
20190703:2010,0.0,0.0,0.0,19.95,2.69,0.0
20190703:2110,0.0,0.0,0.0,18.59,2.9,0.0
20190703:2210,0.0,0.0,0.0,17.48,2.9,0.0
20190703:2310,0.0,0.0,0.0,16.53,2.76,0.0
20190704:0010,0.0,0.0,0.0,15.69,2.55,0.0
20190704:0110,0.0,0.0,0.0,14.94,2.48,0.0
20190704:0210,0.0,0.0,0.0,14.29,2.41,0.0
20190704:0310,0.0,0.0,0.0,13.7,2.48,0.0
20190704:0410,8850.0,34.47,7.23,13.4,2.55,0.0
20190704:0510,30495.0,116.97,16.27,14.11,2.41,0.0
20190704:0610,122475.0,324.54,25.83,15.72,2.97,0.0
20190704:0710,221180.0,550.08,35.56,17.07,2.69,0.0
20190704:0810,296025.0,746.52,45.07,18.87,2.34,0.0
20190704:0910,347810.0,906.82,53.73,20.44,1.72,0.0
20190704:1010,371580.0,995.91,60.43,21.76,1.31,0.0
20190704:1110,375865.0,1028.53,63.4,22.97,0.9,0.0
20190704:1210,358535.0,990.39,61.37,24.03,0.48,0.0
20190704:1310,321255.0,881.18,55.25,24.84,0.21,0.0
20190704:1410,270715.0,724.92,46.86,25.37,0.41,0.0
20190704:1510,197075.0,522.56,37.45,25.63,0.69,0.0
20190704:1610,107815.0,308.4,27.73,25.61,1.1,0.0
20190704:1710,24725.0,103.3,18.11,25.29,1.45,0.0
20190704:1810,11685.0,43.95,8.94,24.63,1.59,0.0
20190704:1910,0.0,0.0,0.0,23.3,1.72,0.0
20190704:2010,0.0,0.0,0.0,21.63,2.0,0.0
20190704:2110,0.0,0.0,0.0,20.04,2.07,0.0
20190704:2210,0.0,0.0,0.0,18.73,2.07,0.0
20190704:2310,0.0,0.0,0.0,17.64,2.0,0.0
20190705:0010,0.0,0.0,0.0,16.67,1.86,0.0
20190705:0110,0.0,0.0,0.0,15.74,1.66,0.0
20190705:0210,0.0,0.0,0.0,14.95,1.52,0.0
20190705:0310,0.0,0.0,0.0,14.28,1.38,0.0
20190705:0410,8810.0,34.47,7.13,14.12,1.31,0.0
20190705:0510,9245.0,35.85,16.18,15.51,1.1,0.0
20190705:0610,38635.0,110.3,25.74,17.89,1.17,0.0
20190705:0710,93935.0,243.79,35.47,19.26,1.66,0.0
20190705:0810,179355.0,454.14,44.98,21.3,2.48,0.0
20190705:0910,330745.0,851.69,53.64,22.65,3.03,0.0
20190705:1010,256720.0,656.72,60.33,23.74,3.45,0.0
20190705:1110,55380.0,154.41,63.3,24.93,3.72,0.0
20190705:1210,230745.0,592.78,61.29,25.69,4.0,0.0
20190705:1310,136490.0,355.15,55.19,26.41,4.14,0.0
20190705:1410,196620.0,506.05,46.82,26.77,4.14,0.0
20190705:1510,95990.0,255.51,37.42,26.72,4.07,0.0
20190705:1610,81635.0,223.31,27.69,26.44,3.79,0.0
20190705:1710,40710.0,122.66,18.08,25.81,3.66,0.0
20190705:1810,13570.0,49.12,8.9,24.93,3.1,0.0
20190705:1910,0.0,0.0,0.0,23.08,2.48,0.0
20190705:2010,0.0,0.0,0.0,21.66,1.79,0.0
20190705:2110,0.0,0.0,0.0,20.4,1.52,0.0
20190705:2210,0.0,0.0,0.0,18.82,1.17,0.0
20190705:2310,0.0,0.0,0.0,17.97,1.17,0.0
20190706:0010,0.0,0.0,0.0,16.81,1.52,0.0
20190706:0110,0.0,0.0,0.0,16.02,1.66,0.0
20190706:0210,0.0,0.0,0.0,15.48,1.86,0.0
20190706:0310,0.0,0.0,0.0,15.09,1.86,0.0
20190706:0410,10690.0,39.64,7.03,14.75,1.72,0.0
20190706:0510,32425.0,118.18,16.08,15.86,1.24,0.0
20190706:0610,107290.0,287.78,25.64,19.58,1.31,0.0
20190706:0710,205955.0,528.01,35.37,21.86,1.79,0.0
20190706:0810,247640.0,636.51,44.88,24.02,2.48,0.0
20190706:0910,343860.0,899.53,53.53,25.79,3.38,0.0
20190706:1010,375455.0,994.58,60.23,27.25,3.86,0.0
20190706:1110,386055.0,1028.4,63.21,28.5,4.28,0.0
20190706:1210,372625.0,990.33,61.21,29.44,4.55,0.0
20190706:1310,275885.0,722.47,55.13,30.07,4.69,0.0
20190706:1410,165490.0,434.12,46.77,30.26,4.62,0.0
20190706:1510,108945.0,291.55,37.38,29.97,4.55,0.0
20190706:1610,72935.0,202.79,27.65,29.46,4.55,0.0
20190706:1710,34740.0,120.61,18.03,28.61,4.14,0.0
20190706:1810,12750.0,47.4,8.85,27.68,3.24,0.0
20190706:1910,0.0,0.0,0.0,25.95,2.55,0.0
20190706:2010,0.0,0.0,0.0,24.53,2.07,0.0
20190706:2110,0.0,0.0,0.0,23.08,2.07,0.0
20190706:2210,0.0,0.0,0.0,21.75,2.14,0.0
20190706:2310,0.0,0.0,0.0,20.69,2.07,0.0
20190707:0010,0.0,0.0,0.0,19.78,2.0,0.0
20190707:0110,0.0,0.0,0.0,19.0,2.14,0.0
20190707:0210,0.0,0.0,0.0,18.4,2.28,0.0
20190707:0310,0.0,0.0,0.0,17.9,2.28,0.0
20190707:0410,55.0,6.03,6.93,17.17,1.93,0.0
20190707:0510,21120.0,67.1,15.98,17.55,1.72,0.0
20190707:0610,67860.0,181.43,25.54,18.26,2.07,0.0
20190707:0710,87690.0,227.52,35.27,18.42,2.14,0.0
20190707:0810,65000.0,173.72,44.78,19.07,2.83,0.0
20190707:0910,261515.0,656.13,53.43,19.5,3.03,0.0
20190707:1010,81320.0,213.24,60.12,20.02,3.38,0.0
20190707:1110,122195.0,312.21,63.1,20.82,3.72,0.0
20190707:1210,207535.0,519.4,61.13,20.4,4.07,0.0
20190707:1310,286210.0,717.88,55.07,20.69,4.14,0.0
20190707:1410,133860.0,340.21,46.72,21.4,4.21,0.0
20190707:1510,141100.0,358.34,37.33,21.54,4.55,0.0
20190707:1610,94695.0,252.05,27.61,20.98,4.41,0.0
20190707:1710,26765.0,81.94,17.98,20.09,4.34,0.0
20190707:1810,9215.0,36.2,8.8,18.92,3.86,0.0
20190707:1910,0.0,0.0,0.0,17.69,3.17,0.0
20190707:2010,0.0,0.0,0.0,17.02,2.48,0.0
20190707:2110,0.0,0.0,0.0,16.31,1.86,0.0
20190707:2210,0.0,0.0,0.0,15.59,1.45,0.0
20190707:2310,0.0,0.0,0.0,14.63,1.17,0.0
20190708:0010,0.0,0.0,0.0,13.54,0.97,0.0
20190708:0110,0.0,0.0,0.0,12.8,1.03,0.0
20190708:0210,0.0,0.0,0.0,12.73,1.45,0.0
20190708:0310,0.0,0.0,0.0,12.43,1.59,0.0
20190708:0410,6120.0,26.72,6.82,12.2,1.45,0.0
20190708:0510,39545.0,115.26,15.88,12.75,1.17,0.0
20190708:0610,110560.0,289.48,25.44,14.5,1.45,0.0
20190708:0710,214280.0,533.15,35.17,15.23,1.59,0.0
20190708:0810,271525.0,675.47,44.67,16.57,2.28,0.0
20190708:0910,330280.0,829.7,53.32,17.8,3.1,0.0
20190708:1010,380530.0,969.33,60.0,18.88,3.52,0.0
20190708:1110,348480.0,886.86,62.99,19.85,3.59,0.0
20190708:1210,312675.0,792.3,61.04,20.45,3.59,0.0
20190708:1310,317355.0,804.66,54.99,20.83,3.52,0.0
20190708:1410,233345.0,586.02,46.66,20.94,3.45,0.0
20190708:1510,167715.0,424.8,37.28,20.93,3.31,0.0
20190708:1610,89480.0,237.61,27.56,20.54,3.17,0.0
20190708:1710,39915.0,116.33,17.93,20.19,3.03,0.0
20190708:1810,6755.0,29.3,8.74,19.52,2.83,0.0
20190708:1910,0.0,0.0,0.0,17.39,2.9,0.0
20190708:2010,0.0,0.0,0.0,16.29,2.69,0.0
20190708:2110,0.0,0.0,0.0,15.4,2.41,0.0
20190708:2210,0.0,0.0,0.0,14.7,2.07,0.0
20190708:2310,0.0,0.0,0.0,13.84,1.72,0.0
20190709:0010,0.0,0.0,0.0,13.07,1.66,0.0
20190709:0110,0.0,0.0,0.0,12.31,1.59,0.0
20190709:0210,0.0,0.0,0.0,11.66,1.45,0.0
20190709:0310,0.0,0.0,0.0,11.24,1.38,0.0
20190709:0410,3010.0,17.24,6.71,10.65,1.31,0.0
20190709:0510,30655.0,89.29,15.77,11.56,1.17,0.0
20190709:0610,88915.0,229.63,25.33,13.02,1.45,0.0
20190709:0710,212370.0,524.28,35.06,13.8,1.66,0.0
20190709:0810,283680.0,702.79,44.56,15.02,2.07,0.0
20190709:0910,256895.0,636.29,53.2,16.03,2.55,0.0
20190709:1010,174675.0,433.88,59.88,16.88,2.83,0.0
20190709:1110,196030.0,486.74,62.88,17.02,2.83,0.0
20190709:1210,226280.0,564.39,60.94,18.08,2.9,0.0
20190709:1310,187030.0,465.03,54.92,17.84,3.1,0.0
20190709:1410,166160.0,414.55,46.59,18.44,3.24,0.0
20190709:1510,174585.0,436.96,37.22,18.41,3.17,0.0
20190709:1610,110355.0,296.94,27.5,18.48,3.1,0.0
20190709:1710,30030.0,110.66,17.87,18.3,3.1,0.0
20190709:1810,14090.0,49.12,8.67,17.75,2.9,0.0
20190709:1910,0.0,0.0,0.0,16.1,2.97,0.0
20190709:2010,0.0,0.0,0.0,15.23,2.9,0.0
20190709:2110,0.0,0.0,0.0,14.34,2.55,0.0
20190709:2210,0.0,0.0,0.0,13.7,2.14,0.0
20190709:2310,0.0,0.0,0.0,12.93,1.79,0.0
20190710:0010,0.0,0.0,0.0,12.06,1.59,0.0
20190710:0110,0.0,0.0,0.0,11.48,1.38,0.0
20190710:0210,0.0,0.0,0.0,10.83,1.31,0.0
20190710:0310,0.0,0.0,0.0,9.9,1.31,0.0
20190710:0410,9370.0,35.33,6.59,9.13,1.24,0.0
20190710:0510,34085.0,116.6,15.65,10.19,0.76,0.0
20190710:0610,118710.0,312.28,25.22,12.52,0.97,0.0
20190710:0710,213680.0,531.78,34.95,13.92,0.97,0.0
20190710:0810,258425.0,643.34,44.45,15.8,1.72,0.0
20190710:0910,314015.0,790.2,53.08,17.11,2.41,0.0
20190710:1010,376940.0,970.69,59.76,18.32,2.48,0.0
20190710:1110,372785.0,967.36,62.75,19.25,2.34,0.0
20190710:1210,352485.0,915.55,60.83,20.44,2.28,0.0
20190710:1310,320425.0,827.56,54.83,21.07,2.14,0.0
20190710:1410,276325.0,708.48,46.52,21.51,1.93,0.0
20190710:1510,199960.0,513.35,37.15,21.74,1.86,0.0
20190710:1610,108385.0,296.79,27.44,21.71,2.14,0.0
20190710:1710,31525.0,113.94,17.8,21.41,2.41,0.0
20190710:1810,12255.0,44.81,8.6,20.78,2.28,0.0
20190710:1910,0.0,0.0,0.0,19.58,1.79,0.0
20190710:2010,0.0,0.0,0.0,18.05,1.93,0.0
20190710:2110,0.0,0.0,0.0,16.87,2.0,0.0
20190710:2210,0.0,0.0,0.0,15.95,1.93,0.0
20190710:2310,0.0,0.0,0.0,15.18,1.79,0.0
20190711:0010,0.0,0.0,0.0,14.51,1.52,0.0
20190711:0110,0.0,0.0,0.0,13.32,1.24,0.0
20190711:0210,0.0,0.0,0.0,12.78,1.17,0.0
20190711:0310,0.0,0.0,0.0,13.05,1.66,0.0
20190711:0410,8555.0,33.61,6.47,12.96,1.86,0.0
20190711:0510,16365.0,54.23,15.54,13.92,1.72,0.0
20190711:0610,31465.0,91.91,25.1,15.62,1.79,0.0
20190711:0710,24505.0,75.37,34.84,16.53,0.41,0.0
20190711:0810,99360.0,255.54,44.33,16.84,0.48,0.0
20190711:0910,135105.0,342.23,52.96,17.42,1.03,0.0
20190711:1010,160610.0,404.37,59.63,17.97,1.72,0.0
20190711:1110,147905.0,373.38,62.62,18.71,2.28,0.0
20190711:1210,96840.0,250.0,60.72,19.24,2.76,0.0
20190711:1310,131390.0,333.12,54.74,19.42,2.9,0.0
20190711:1410,117700.0,298.93,46.44,18.8,2.97,0.0
20190711:1510,56465.0,152.58,37.08,17.77,2.55,0.0
20190711:1610,30175.0,89.16,27.37,16.72,2.21,0.0
20190711:1710,6600.0,28.49,17.73,16.12,1.86,0.0
20190711:1810,4005.0,20.68,8.52,15.34,1.59,0.0
20190711:1910,0.0,0.0,0.0,14.66,1.93,0.0
20190711:2010,0.0,0.0,0.0,14.1,1.86,0.0
20190711:2110,0.0,0.0,0.0,13.81,1.93,0.0
20190711:2210,0.0,0.0,0.0,13.62,1.93,0.0
20190711:2310,0.0,0.0,0.0,13.45,1.72,0.0
20190712:0010,0.0,0.0,0.0,13.24,1.52,0.0
20190712:0110,0.0,0.0,0.0,13.01,1.45,0.0
20190712:0210,0.0,0.0,0.0,12.62,1.45,0.0
20190712:0310,0.0,0.0,0.0,11.92,1.59,0.0
20190712:0410,7965.0,31.89,6.35,12.02,1.38,0.0
20190712:0510,28575.0,84.96,15.42,12.88,1.31,0.0
20190712:0610,75025.0,196.5,24.98,14.3,1.38,0.0
20190712:0710,114770.0,288.1,34.72,15.43,2.41,0.0
20190712:0810,209385.0,517.7,44.21,16.91,2.62,0.0
20190712:0910,303760.0,763.36,52.83,18.53,2.9,0.0
20190712:1010,273600.0,690.83,59.49,19.97,2.97,0.0
20190712:1110,29155.0,88.24,62.49,21.25,2.83,0.0
20190712:1210,48150.0,135.11,60.6,21.95,2.83,0.0
20190712:1310,298455.0,764.89,54.64,22.43,2.9,0.0
20190712:1410,245430.0,623.34,46.36,22.08,2.69,0.0
20190712:1510,23635.0,74.45,37.01,21.23,2.34,0.0
20190712:1610,41550.0,117.65,27.29,19.05,2.48,0.0
20190712:1710,35950.0,118.22,17.65,17.39,1.72,0.0
20190712:1810,1895.0,13.79,8.44,17.29,1.45,0.0
20190712:1910,0.0,0.0,0.0,17.05,0.21,0.0
20190712:2010,0.0,0.0,0.0,16.33,0.0,0.0
20190712:2110,0.0,0.0,0.0,15.12,0.83,0.0
20190712:2210,0.0,0.0,0.0,14.61,1.17,0.0
20190712:2310,0.0,0.0,0.0,14.37,1.45,0.0
20190713:0010,0.0,0.0,0.0,14.07,1.86,0.0
20190713:0110,0.0,0.0,0.0,13.59,2.14,0.0
20190713:0210,0.0,0.0,0.0,13.35,2.48,0.0
20190713:0310,0.0,0.0,0.0,13.15,3.03,0.0
20190713:0410,0.0,5.17,6.22,12.96,2.83,0.0
20190713:0510,9375.0,35.85,15.29,13.11,2.76,0.0
20190713:0610,13180.0,45.96,24.86,13.49,2.62,0.0
20190713:0710,34780.0,99.27,34.6,14.36,2.76,0.0
20190713:0810,74885.0,193.94,44.08,15.14,2.76,0.0
20190713:0910,108350.0,272.61,52.7,15.38,2.83,0.0
20190713:1010,150130.0,373.04,59.35,16.26,2.97,0.0
20190713:1110,275990.0,687.93,62.34,17.57,3.17,0.0
20190713:1210,138785.0,349.32,60.47,19.03,3.79,0.0
20190713:1310,101475.0,258.76,54.54,18.25,4.34,0.0
20190713:1410,186475.0,458.51,46.27,17.08,4.21,0.0
20190713:1510,17190.0,56.99,36.93,17.13,3.1,0.0
20190713:1610,99635.0,261.9,27.21,17.01,3.59,0.0
20190713:1710,40785.0,118.29,17.57,16.89,3.66,0.0
20190713:1810,9955.0,37.92,8.35,16.68,2.83,0.0
20190713:1910,0.0,0.0,0.0,15.74,2.97,0.0
20190713:2010,0.0,0.0,0.0,15.24,2.62,0.0
20190713:2110,0.0,0.0,0.0,14.84,2.28,0.0
20190713:2210,0.0,0.0,0.0,14.51,2.07,0.0
20190713:2310,0.0,0.0,0.0,14.4,2.0,0.0
20190714:0010,0.0,0.0,0.0,14.08,1.86,0.0
20190714:0110,0.0,0.0,0.0,14.02,1.79,0.0
20190714:0210,0.0,0.0,0.0,14.0,1.79,0.0
20190714:0310,0.0,0.0,0.0,13.84,1.66,0.0
20190714:0410,0.0,5.17,6.09,13.86,1.59,0.0
20190714:0510,3890.0,20.22,15.17,13.95,1.59,0.0
20190714:0610,44265.0,122.13,24.74,14.61,1.66,0.0
20190714:0710,88830.0,226.96,34.47,14.82,1.66,0.0
20190714:0810,113295.0,285.48,43.95,15.42,1.59,0.0
20190714:0910,123065.0,310.68,52.56,16.63,1.66,0.0
20190714:1010,172785.0,432.7,59.2,17.45,1.93,0.0
20190714:1110,209310.0,524.67,62.2,18.05,2.14,0.0
20190714:1210,262480.0,663.35,60.34,18.89,2.21,0.0
20190714:1310,307185.0,782.5,54.43,19.54,2.28,0.0
20190714:1410,175675.0,443.18,46.18,19.91,2.21,0.0
20190714:1510,140775.0,358.59,36.84,20.21,2.28,0.0
20190714:1610,98770.0,264.26,27.13,19.82,2.34,0.0
20190714:1710,37275.0,120.03,17.48,19.25,2.48,0.0
20190714:1810,12710.0,45.68,8.25,18.73,2.14,0.0
20190714:1910,0.0,0.0,0.0,16.65,1.93,0.0
20190714:2010,0.0,0.0,0.0,15.95,2.14,0.0
20190714:2110,0.0,0.0,0.0,15.32,2.07,0.0
20190714:2210,0.0,0.0,0.0,14.77,1.86,0.0
20190714:2310,0.0,0.0,0.0,14.29,1.79,0.0
20190715:0010,0.0,0.0,0.0,13.91,1.93,0.0
20190715:0110,0.0,0.0,0.0,13.53,2.0,0.0
20190715:0210,0.0,0.0,0.0,13.43,1.86,0.0
20190715:0310,0.0,0.0,0.0,13.38,1.93,0.0
20190715:0410,6690.0,28.44,5.95,13.09,1.86,0.0
20190715:0510,34525.0,112.04,15.04,13.57,1.86,0.0
20190715:0610,109480.0,288.11,24.61,14.76,2.62,0.0
20190715:0710,206175.0,508.99,34.34,16.17,3.1,0.0
20190715:0810,277095.0,690.22,43.82,17.5,2.55,0.0
20190715:0910,286105.0,724.03,52.42,18.55,2.07,0.0
20190715:1010,270455.0,689.75,59.05,19.48,1.79,0.0
20190715:1110,321365.0,834.9,62.04,20.34,1.72,0.0
20190715:1210,314870.0,821.06,60.2,21.09,1.59,0.0
20190715:1310,289305.0,750.15,54.31,21.53,1.52,0.0
20190715:1410,231810.0,594.43,46.08,21.67,1.45,0.0
20190715:1510,126230.0,326.66,36.75,21.71,1.38,0.0
20190715:1610,65565.0,178.58,27.03,21.61,1.52,0.0
20190715:1710,38485.0,121.87,17.39,21.34,1.79,0.0
20190715:1810,12570.0,45.68,8.15,20.69,1.45,0.0
20190715:1910,0.0,0.0,0.0,19.45,1.38,0.0
20190715:2010,0.0,0.0,0.0,17.69,1.1,0.0
20190715:2110,0.0,0.0,0.0,16.78,0.9,0.0
20190715:2210,0.0,0.0,0.0,15.68,1.1,0.0
20190715:2310,0.0,0.0,0.0,15.28,1.72,0.0
20190716:0010,0.0,0.0,0.0,14.29,2.07,0.0
20190716:0110,0.0,0.0,0.0,13.59,2.07,0.0
20190716:0210,0.0,0.0,0.0,12.94,2.07,0.0
20190716:0310,0.0,0.0,0.0,12.41,2.0,0.0
20190716:0410,7660.0,31.03,5.81,11.95,1.86,0.0
20190716:0510,31355.0,108.62,14.9,12.34,1.93,0.0
20190716:0610,63900.0,168.43,24.48,13.56,1.93,0.0
20190716:0710,66740.0,173.96,34.21,13.88,2.62,0.0
20190716:0810,200415.0,490.07,43.68,15.09,3.03,0.0
20190716:0910,336315.0,838.19,52.27,16.55,3.24,0.0
20190716:1010,391280.0,1000.14,58.89,17.88,2.97,0.0
20190716:1110,398485.0,1029.37,61.88,19.21,2.97,0.0
20190716:1210,382365.0,987.53,60.06,20.54,3.1,0.0
20190716:1310,343775.0,883.81,54.19,21.67,2.97,0.0
20190716:1410,281290.0,715.61,45.97,22.32,2.97,0.0
20190716:1510,202655.0,517.3,36.65,22.4,2.97,0.0
20190716:1610,109550.0,305.27,26.94,22.29,2.9,0.0
20190716:1710,23635.0,99.67,17.29,21.88,2.62,0.0
20190716:1810,10960.0,41.37,8.04,21.15,2.0,0.0
20190716:1910,0.0,0.0,0.0,19.5,2.07,0.0
20190716:2010,0.0,0.0,0.0,18.05,1.93,0.0
20190716:2110,0.0,0.0,0.0,16.86,1.79,0.0
20190716:2210,0.0,0.0,0.0,15.83,1.66,0.0
20190716:2310,0.0,0.0,0.0,14.84,1.59,0.0
20190717:0010,0.0,0.0,0.0,13.99,1.52,0.0
20190717:0110,0.0,0.0,0.0,13.22,1.52,0.0
20190717:0210,0.0,0.0,0.0,12.6,1.52,0.0
20190717:0310,0.0,0.0,0.0,12.11,1.45,0.0
20190717:0410,7045.0,29.3,5.67,11.78,1.38,0.0
20190717:0510,29095.0,106.07,14.76,12.8,0.9,0.0
20190717:0610,113320.0,304.64,24.35,15.3,0.83,0.0
20190717:0710,208835.0,529.94,34.08,17.11,0.62,0.0
20190717:0810,278555.0,717.92,43.55,18.82,0.62,0.0
20190717:0910,331760.0,871.73,52.12,20.32,1.03,0.0
20190717:1010,345625.0,913.13,58.73,21.84,1.59,0.0
20190717:1110,304640.0,798.33,61.72,22.96,1.79,0.0
20190717:1210,300585.0,785.97,59.91,23.46,2.0,0.0
20190717:1310,276085.0,714.84,54.06,23.53,2.21,0.0
20190717:1410,232845.0,597.47,45.86,23.5,2.28,0.0
20190717:1510,176265.0,454.91,36.54,23.64,2.21,0.0
20190717:1610,103575.0,284.5,26.83,23.09,2.21,0.0
20190717:1710,28585.0,107.73,17.18,22.65,2.07,0.0
20190717:1810,11865.0,43.95,7.93,21.84,1.72,0.0
20190717:1910,0.0,0.0,0.0,20.72,1.66,0.0
20190717:2010,0.0,0.0,0.0,19.17,1.86,0.0
20190717:2110,0.0,0.0,0.0,18.02,1.93,0.0
20190717:2210,0.0,0.0,0.0,17.19,2.0,0.0
20190717:2310,0.0,0.0,0.0,16.36,1.86,0.0
20190718:0010,0.0,0.0,0.0,15.65,1.79,0.0
20190718:0110,0.0,0.0,0.0,15.13,1.72,0.0
20190718:0210,0.0,0.0,0.0,14.49,1.66,0.0
20190718:0310,0.0,0.0,0.0,13.7,1.59,0.0
20190718:0410,6695.0,28.44,5.52,12.96,1.52,0.0
20190718:0510,32195.0,107.82,14.62,13.68,0.9,0.0
20190718:0610,106685.0,286.68,24.21,16.64,0.76,0.0
20190718:0710,191140.0,489.01,33.94,18.67,0.41,0.0
20190718:0810,251700.0,652.14,43.4,20.54,0.48,0.0
20190718:0910,283655.0,738.5,51.97,22.26,1.38,0.0
20190718:1010,293035.0,764.69,58.56,23.5,2.0,0.0
20190718:1110,331220.0,872.9,61.54,24.32,2.34,0.0
20190718:1210,330745.0,870.03,59.75,24.73,2.55,0.0
20190718:1310,261635.0,676.18,53.92,25.06,2.9,0.0
20190718:1410,189120.0,485.79,45.74,24.93,2.97,0.0
20190718:1510,187630.0,485.01,36.43,24.67,2.69,0.0
20190718:1610,104720.0,290.92,26.72,24.22,2.48,0.0
20190718:1710,25345.0,102.32,17.07,23.9,2.34,0.0
20190718:1810,12100.0,44.81,7.81,23.09,1.66,0.0
20190718:1910,0.0,0.0,0.0,21.8,1.79,0.0
20190718:2010,0.0,0.0,0.0,20.38,1.59,0.0
20190718:2110,0.0,0.0,0.0,19.29,1.66,0.0
20190718:2210,0.0,0.0,0.0,18.39,1.59,0.0
20190718:2310,0.0,0.0,0.0,18.27,1.72,0.0
20190719:0010,0.0,0.0,0.0,17.61,2.07,0.0
20190719:0110,0.0,0.0,0.0,17.46,2.28,0.0
20190719:0210,0.0,0.0,0.0,16.79,1.79,0.0
20190719:0310,0.0,0.0,0.0,16.01,1.31,0.0
20190719:0410,0.0,4.31,5.37,16.69,0.55,0.0
20190719:0510,33265.0,103.09,14.48,16.7,0.34,0.0
20190719:0610,54880.0,150.77,24.07,18.79,0.69,0.0
20190719:0710,142895.0,365.16,33.8,19.84,1.17,0.0
20190719:0810,103715.0,269.03,43.26,20.71,1.66,0.0
20190719:0910,152450.0,390.26,51.81,21.92,2.0,0.0
20190719:1010,63715.0,173.72,58.39,22.7,2.0,0.0
20190719:1110,199020.0,511.86,61.37,22.68,1.72,0.0
20190719:1210,170915.0,440.38,59.58,23.05,1.72,0.0
20190719:1310,194325.0,500.48,53.78,23.32,1.72,0.0
20190719:1410,78085.0,209.73,45.61,23.94,2.21,0.0
20190719:1510,163915.0,423.83,36.31,24.16,2.34,0.0
20190719:1610,68645.0,188.17,26.61,24.07,2.34,0.0
20190719:1710,38525.0,117.13,16.95,23.41,2.28,0.0
20190719:1810,10890.0,41.37,7.69,22.33,1.93,0.0
20190719:1910,0.0,0.0,0.0,21.02,1.03,0.0
20190719:2010,0.0,0.0,0.0,20.06,0.9,0.0
20190719:2110,0.0,0.0,0.0,19.07,0.97,0.0
20190719:2210,0.0,0.0,0.0,18.22,1.03,0.0
20190719:2310,0.0,0.0,0.0,17.46,1.1,0.0
20190720:0010,0.0,0.0,0.0,16.72,1.1,0.0
20190720:0110,0.0,0.0,0.0,16.53,0.97,0.0
20190720:0210,0.0,0.0,0.0,16.55,0.9,0.0
20190720:0310,0.0,0.0,0.0,16.34,0.83,0.0
20190720:0410,5710.0,25.85,5.22,15.45,1.03,0.0
20190720:0510,32930.0,102.63,14.33,16.65,0.62,0.0
20190720:0610,106375.0,291.71,23.93,19.56,0.97,0.0
20190720:0710,195105.0,501.98,33.66,21.51,1.17,0.0
20190720:0810,268130.0,696.98,43.11,23.42,1.38,0.0
20190720:0910,325230.0,864.19,51.65,25.08,1.66,0.0
20190720:1010,347160.0,935.28,58.21,26.6,1.93,0.0
20190720:1110,323195.0,868.48,61.18,27.77,2.14,0.0
20190720:1210,300130.0,802.01,59.41,28.55,2.34,0.0
20190720:1310,289105.0,771.15,53.63,29.19,2.34,0.0
20190720:1410,229515.0,605.75,45.48,29.38,2.34,0.0
20190720:1510,159945.0,424.62,36.19,29.59,2.41,0.0
20190720:1610,92625.0,260.08,26.49,29.47,2.9,0.0
20190720:1710,35570.0,108.3,16.83,25.65,2.97,0.0
20190720:1810,11055.0,42.23,7.55,24.8,1.45,0.0
20190720:1910,0.0,0.0,0.0,24.25,1.45,0.0
20190720:2010,0.0,0.0,0.0,22.68,1.86,0.0
20190720:2110,0.0,0.0,0.0,21.39,1.79,0.0
20190720:2210,0.0,0.0,0.0,20.38,1.59,0.0
20190720:2310,0.0,0.0,0.0,19.6,1.59,0.0
20190721:0010,0.0,0.0,0.0,18.78,1.59,0.0
20190721:0110,0.0,0.0,0.0,18.54,1.52,0.0
20190721:0210,0.0,0.0,0.0,18.65,2.0,0.0
20190721:0310,0.0,0.0,0.0,18.63,2.14,0.0
20190721:0410,775.0,9.48,5.07,18.15,1.93,0.0
20190721:0510,5290.0,24.82,14.18,17.84,1.59,0.0
20190721:0610,21055.0,67.1,23.78,18.05,1.31,0.0
20190721:0710,50500.0,138.79,33.51,18.54,2.76,0.0
20190721:0810,225920.0,561.22,42.95,19.84,3.93,0.0
20190721:0910,194895.0,491.06,51.49,21.41,3.38,0.0
20190721:1010,265605.0,676.73,58.03,22.05,2.97,0.0
20190721:1110,150360.0,385.41,60.99,23.23,3.31,0.0
20190721:1210,82065.0,218.75,59.24,23.87,3.38,0.0
20190721:1310,333270.0,860.33,53.48,24.02,3.45,0.0
20190721:1410,219415.0,558.59,45.34,24.2,3.59,0.0
20190721:1510,157725.0,405.26,36.06,24.15,3.66,0.0
20190721:1610,103520.0,286.73,26.36,24.14,3.66,0.0
20190721:1710,28785.0,106.1,16.7,23.73,3.31,0.0
20190721:1810,10855.0,41.37,7.42,23.04,2.55,0.0
20190721:1910,0.0,0.0,0.0,21.84,1.59,0.0
20190721:2010,0.0,0.0,0.0,20.47,1.52,0.0
20190721:2110,0.0,0.0,0.0,18.97,1.31,0.0
20190721:2210,0.0,0.0,0.0,18.28,1.38,0.0
20190721:2310,0.0,0.0,0.0,17.89,1.17,0.0
20190722:0010,0.0,0.0,0.0,19.24,0.41,0.0
20190722:0110,0.0,0.0,0.0,18.77,0.14,0.0
20190722:0210,0.0,0.0,0.0,18.26,0.07,0.0
20190722:0310,0.0,0.0,0.0,17.74,0.48,0.0
20190722:0410,3960.0,20.68,4.91,17.11,0.62,0.0
20190722:0510,31715.0,98.73,14.03,16.59,0.69,0.0
20190722:0610,87925.0,237.43,23.63,19.35,0.62,0.0
20190722:0710,156750.0,402.13,33.36,20.4,0.83,0.0
20190722:0810,238715.0,615.13,42.8,22.28,1.24,0.0
20190722:0910,237035.0,614.54,51.32,23.97,1.66,0.0
20190722:1010,233910.0,608.96,57.85,25.35,2.07,0.0
20190722:1110,350715.0,941.47,60.8,26.16,2.14,0.0
20190722:1210,329255.0,878.23,59.05,26.71,2.28,0.0
20190722:1310,311855.0,825.65,53.31,27.28,2.48,0.0
20190722:1410,256125.0,668.6,45.2,27.46,2.69,0.0
20190722:1510,166100.0,434.86,35.93,27.44,2.9,0.0
20190722:1610,101990.0,287.77,26.23,27.0,2.9,0.0
20190722:1710,34685.0,106.59,16.56,26.32,2.69,0.0
20190722:1810,9500.0,37.92,7.28,25.21,2.14,0.0
20190722:1910,0.0,0.0,0.0,23.71,2.07,0.0
20190722:2010,0.0,0.0,0.0,22.22,2.07,0.0
20190722:2110,0.0,0.0,0.0,21.05,1.86,0.0
20190722:2210,0.0,0.0,0.0,20.02,1.72,0.0
20190722:2310,0.0,0.0,0.0,19.15,1.66,0.0
20190723:0010,0.0,0.0,0.0,18.68,1.72,0.0
20190723:0110,0.0,0.0,0.0,18.21,1.79,0.0
20190723:0210,0.0,0.0,0.0,17.57,1.79,0.0
20190723:0310,0.0,0.0,0.0,16.87,1.72,0.0
20190723:0410,5105.0,24.13,4.74,16.34,1.52,0.0
20190723:0510,24565.0,96.1,13.88,17.05,1.1,0.0
20190723:0610,105405.0,291.99,23.48,20.52,0.9,0.0
20190723:0710,200350.0,519.6,33.21,22.87,1.1,0.0
20190723:0810,273145.0,714.17,42.64,24.67,1.45,0.0
20190723:0910,327830.0,876.69,51.15,25.99,1.59,0.0
20190723:1010,362180.0,992.62,57.66,27.15,1.45,0.0
20190723:1110,363935.0,1010.57,60.6,28.15,1.24,0.0
20190723:1210,348825.0,969.89,58.86,29.02,1.1,0.0
20190723:1310,315790.0,867.51,53.15,29.68,1.1,0.0
20190723:1410,261445.0,704.62,45.05,30.08,1.24,0.0
20190723:1510,190110.0,511.2,35.79,30.25,1.31,0.0
20190723:1610,101065.0,294.61,26.09,30.11,1.52,0.0
20190723:1710,22640.0,96.75,16.42,29.63,1.66,0.0
20190723:1810,9930.0,39.64,7.13,28.47,1.45,0.0
20190723:1910,0.0,0.0,0.0,26.77,1.79,0.0
20190723:2010,0.0,0.0,0.0,24.96,1.86,0.0
20190723:2110,0.0,0.0,0.0,23.59,1.93,0.0
20190723:2210,0.0,0.0,0.0,22.6,2.07,0.0
20190723:2310,0.0,0.0,0.0,21.9,2.21,0.0
20190724:0010,0.0,0.0,0.0,21.38,2.41,0.0
20190724:0110,0.0,0.0,0.0,20.89,2.48,0.0
20190724:0210,0.0,0.0,0.0,20.33,2.28,0.0
20190724:0310,0.0,0.0,0.0,19.79,2.14,0.0
20190724:0410,4460.0,22.41,4.58,19.34,2.0,0.0
20190724:0510,24400.0,96.04,13.72,19.86,1.72,0.0
20190724:0610,104965.0,292.08,23.33,22.16,1.66,0.0
20190724:0710,197520.0,513.23,33.05,24.67,1.79,0.0
20190724:0810,269420.0,709.0,42.48,26.91,1.79,0.0
20190724:0910,318925.0,864.83,50.97,28.67,1.52,0.0
20190724:1010,351605.0,979.59,57.46,30.03,1.31,0.0
20190724:1110,354055.0,997.08,60.39,31.13,1.24,0.0
20190724:1210,340860.0,956.72,58.67,31.94,1.31,0.0
20190724:1310,309100.0,856.3,52.97,32.48,1.38,0.0
20190724:1410,257870.0,703.28,44.89,32.8,1.38,0.0
20190724:1510,185875.0,506.04,35.64,32.87,1.38,0.0
20190724:1610,99225.0,292.24,25.95,32.61,1.45,0.0
20190724:1710,23420.0,98.13,16.27,32.09,1.66,0.0
20190724:1810,9210.0,37.92,6.97,30.82,1.66,0.0
20190724:1910,0.0,0.0,0.0,28.98,2.28,0.0
20190724:2010,0.0,0.0,0.0,27.22,2.34,0.0
20190724:2110,0.0,0.0,0.0,25.82,2.21,0.0
20190724:2210,0.0,0.0,0.0,24.66,2.07,0.0
20190724:2310,0.0,0.0,0.0,23.67,2.0,0.0
20190725:0010,0.0,0.0,0.0,22.69,1.86,0.0
20190725:0110,0.0,0.0,0.0,21.82,1.86,0.0
20190725:0210,0.0,0.0,0.0,21.09,1.79,0.0
20190725:0310,0.0,0.0,0.0,20.32,1.72,0.0
20190725:0410,3370.0,18.96,4.41,19.67,1.66,0.0
20190725:0510,28125.0,98.27,13.56,20.26,1.31,0.0
20190725:0610,101875.0,285.11,23.17,23.75,1.17,0.0
20190725:0710,193335.0,508.76,32.9,26.29,1.31,0.0
20190725:0810,242900.0,645.47,42.31,28.65,1.45,0.0
20190725:0910,314410.0,860.31,50.79,30.46,1.52,0.0
20190725:1010,349565.0,975.14,57.26,31.89,1.72,0.0
20190725:1110,352930.0,992.27,60.18,33.0,1.79,0.0
20190725:1210,329670.0,922.89,58.47,33.61,1.72,0.0
20190725:1310,278225.0,767.19,52.79,33.96,1.66,0.0
20190725:1410,242600.0,661.28,44.73,34.33,1.86,0.0
20190725:1510,183535.0,499.95,35.49,34.36,2.14,0.0
20190725:1610,98820.0,291.02,25.8,34.02,2.48,0.0
20190725:1710,25640.0,101.86,16.12,33.07,2.62,0.0
20190725:1810,9170.0,37.92,6.81,31.69,2.21,0.0
20190725:1910,0.0,0.0,0.0,29.82,1.79,0.0
20190725:2010,0.0,0.0,0.0,27.96,1.86,0.0
20190725:2110,0.0,0.0,0.0,26.55,2.0,0.0
20190725:2210,0.0,0.0,0.0,25.3,2.07,0.0
20190725:2310,0.0,0.0,0.0,24.22,2.07,0.0
20190726:0010,0.0,0.0,0.0,23.35,2.14,0.0
20190726:0110,0.0,0.0,0.0,22.58,2.07,0.0
20190726:0210,0.0,0.0,0.0,21.95,2.0,0.0
20190726:0310,0.0,0.0,0.0,21.23,2.0,0.0
20190726:0410,2580.0,16.37,4.24,20.54,1.93,0.0
20190726:0510,27665.0,97.15,13.4,20.79,1.66,0.0
20190726:0610,99560.0,277.76,23.01,23.82,1.52,0.0
20190726:0710,189850.0,496.83,32.74,26.17,1.79,0.0
20190726:0810,261945.0,693.79,42.15,28.52,1.86,0.0
20190726:0910,316350.0,863.13,50.61,30.55,1.72,0.0
20190726:1010,346830.0,971.55,57.06,32.03,1.52,0.0
20190726:1110,349935.0,995.31,59.96,33.04,1.24,0.0
20190726:1210,335710.0,954.89,58.26,33.37,1.03,0.0
20190726:1310,303415.0,854.59,52.61,33.89,0.9,0.0
20190726:1410,247410.0,680.57,44.56,33.74,1.03,0.0
20190726:1510,179320.0,491.31,35.33,34.08,1.31,0.0
20190726:1610,97470.0,284.17,25.64,32.8,2.28,0.0
20190726:1710,34230.0,111.32,15.96,31.83,2.0,0.0
20190726:1810,6610.0,30.16,6.65,30.88,1.38,0.0
20190726:1910,0.0,0.0,0.0,29.07,1.38,0.0
20190726:2010,0.0,0.0,0.0,28.07,2.83,0.0
20190726:2110,0.0,0.0,0.0,26.52,4.0,0.0
20190726:2210,0.0,0.0,0.0,25.19,4.0,0.0
20190726:2310,0.0,0.0,0.0,24.22,3.45,0.0
20190727:0010,0.0,0.0,0.0,23.33,3.03,0.0
20190727:0110,0.0,0.0,0.0,22.52,2.83,0.0
20190727:0210,0.0,0.0,0.0,21.93,2.9,0.0
20190727:0310,0.0,0.0,0.0,21.54,2.83,0.0
20190727:0410,0.0,2.59,4.07,21.07,2.76,0.0
20190727:0510,1845.0,13.79,13.23,21.25,2.48,0.0
20190727:0610,44070.0,125.66,22.85,22.33,3.03,0.0
20190727:0710,20415.0,66.18,32.57,20.8,1.93,0.0
20190727:0810,182560.0,464.22,41.98,21.38,1.72,0.0
20190727:0910,137120.0,353.26,50.42,21.89,1.45,0.0
20190727:1010,48725.0,136.95,56.85,22.0,1.31,0.0
20190727:1110,184045.0,473.26,59.74,21.63,1.1,0.0
20190727:1210,94075.0,247.57,58.05,21.59,1.03,0.0
20190727:1310,94030.0,247.82,52.42,21.93,1.03,0.0
20190727:1410,159965.0,413.22,44.39,22.85,1.03,0.0
20190727:1510,92500.0,246.11,35.17,23.58,0.83,0.0
20190727:1610,101945.0,289.68,25.48,23.9,0.83,0.0
20190727:1710,30040.0,92.9,15.8,23.97,1.24,0.0
20190727:1810,4895.0,24.13,6.48,23.66,1.66,0.0
20190727:1910,0.0,0.0,0.0,20.7,1.1,0.0
20190727:2010,0.0,0.0,0.0,20.01,0.48,0.0
20190727:2110,0.0,0.0,0.0,19.57,0.69,0.0
20190727:2210,0.0,0.0,0.0,18.82,1.45,0.0
20190727:2310,0.0,0.0,0.0,18.51,1.66,0.0
20190728:0010,0.0,0.0,0.0,18.38,1.59,0.0
20190728:0110,0.0,0.0,0.0,18.08,1.52,0.0
20190728:0210,0.0,0.0,0.0,17.85,1.45,0.0
20190728:0310,0.0,0.0,0.0,17.43,1.52,0.0
20190728:0410,390.0,7.76,3.89,17.37,1.38,0.0
20190728:0510,16415.0,55.43,13.06,17.86,1.24,0.0
20190728:0610,46570.0,130.23,22.69,18.89,1.66,0.0
20190728:0710,148995.0,379.49,32.41,20.1,1.66,0.0
20190728:0810,135115.0,346.43,41.8,21.31,1.59,0.0
20190728:0910,178985.0,457.51,50.23,22.01,1.72,0.0
20190728:1010,159010.0,409.12,56.64,23.16,2.07,0.0
20190728:1110,225450.0,580.88,59.51,23.98,2.34,0.0
20190728:1210,254830.0,661.27,57.83,24.65,2.28,0.0
20190728:1310,245525.0,636.4,52.22,24.91,2.21,0.0
20190728:1410,162040.0,419.65,44.21,24.79,1.86,0.0
20190728:1510,83450.0,224.32,35.0,24.86,1.52,0.0
20190728:1610,36625.0,108.46,25.32,24.77,1.59,0.0
20190728:1710,9125.0,36.77,15.63,24.66,1.59,0.0
20190728:1810,1365.0,12.07,6.3,23.55,1.86,0.0
20190728:1910,0.0,0.0,0.0,21.54,2.34,0.0
20190728:2010,0.0,0.0,0.0,20.7,2.76,0.0
20190728:2110,0.0,0.0,0.0,19.96,3.17,0.0
20190728:2210,0.0,0.0,0.0,19.31,2.97,0.0
20190728:2310,0.0,0.0,0.0,18.95,2.55,0.0
20190729:0010,0.0,0.0,0.0,18.64,2.55,0.0
20190729:0110,0.0,0.0,0.0,18.6,2.41,0.0
20190729:0210,0.0,0.0,0.0,18.32,2.41,0.0
20190729:0310,0.0,0.0,0.0,18.22,2.34,0.0
20190729:0410,0.0,2.59,3.71,18.11,2.41,0.0
20190729:0510,4680.0,22.98,12.89,18.17,2.48,0.0
20190729:0610,35165.0,101.97,22.52,18.71,3.72,0.0
20190729:0710,39375.0,112.13,32.24,18.76,3.31,0.0
20190729:0810,92665.0,239.53,41.63,19.71,3.79,0.0
20190729:0910,82905.0,218.17,50.04,21.24,3.38,0.0
20190729:1010,88260.0,232.54,56.42,22.41,3.03,0.0
20190729:1110,135710.0,349.44,59.28,23.04,2.9,0.0
20190729:1210,216935.0,555.57,57.6,23.89,2.9,0.0
20190729:1310,164320.0,423.15,52.01,24.96,3.1,0.0
20190729:1410,220945.0,566.43,44.02,25.55,3.38,0.0
20190729:1510,181660.0,469.18,34.82,25.52,3.45,0.0
20190729:1610,86050.0,236.18,25.14,24.32,2.76,0.0
20190729:1710,29965.0,103.1,15.45,23.64,1.72,0.0
20190729:1810,7770.0,32.75,6.12,23.68,1.79,0.0
20190729:1910,0.0,0.0,0.0,21.98,2.14,0.0
20190729:2010,0.0,0.0,0.0,21.32,2.14,0.0
20190729:2110,0.0,0.0,0.0,20.94,2.07,0.0
20190729:2210,0.0,0.0,0.0,20.56,1.79,0.0
20190729:2310,0.0,0.0,0.0,20.36,1.52,0.0
20190730:0010,0.0,0.0,0.0,20.09,1.31,0.0
20190730:0110,0.0,0.0,0.0,19.92,1.31,0.0
20190730:0210,0.0,0.0,0.0,19.65,1.38,0.0
20190730:0310,0.0,0.0,0.0,19.51,1.45,0.0
20190730:0410,0.0,2.59,3.53,19.25,1.52,0.0
20190730:0510,6170.0,27.57,12.72,19.38,1.45,0.0
20190730:0610,65830.0,179.73,22.35,20.26,1.66,0.0
20190730:0710,112640.0,289.69,32.07,20.46,2.28,0.0
20190730:0810,113875.0,293.84,41.45,21.42,2.14,0.0
20190730:0910,121355.0,314.24,49.84,22.57,2.07,0.0
20190730:1010,265455.0,688.78,56.2,23.74,2.0,0.0
20190730:1110,235845.0,611.7,59.04,24.26,1.93,0.0
20190730:1210,177150.0,459.7,57.37,25.25,2.07,0.0
20190730:1310,112095.0,295.42,51.8,25.43,2.14,0.0
20190730:1410,82355.0,222.16,43.83,25.81,2.0,0.0
20190730:1510,140825.0,368.33,34.64,25.79,2.21,0.0
20190730:1610,99670.0,282.61,24.97,25.66,2.34,0.0
20190730:1710,23445.0,93.42,15.27,25.42,2.48,0.0
20190730:1810,7140.0,31.03,5.93,24.72,2.14,0.0
20190730:1910,0.0,0.0,0.0,23.36,1.66,0.0
20190730:2010,0.0,0.0,0.0,22.16,1.52,0.0
20190730:2110,0.0,0.0,0.0,21.0,1.38,0.0
20190730:2210,0.0,0.0,0.0,20.37,1.31,0.0
20190730:2310,0.0,0.0,0.0,20.0,1.52,0.0
20190731:0010,0.0,0.0,0.0,19.58,1.72,0.0
20190731:0110,0.0,0.0,0.0,19.05,2.0,0.0
20190731:0210,0.0,0.0,0.0,18.92,2.41,0.0
20190731:0310,0.0,0.0,0.0,18.63,2.83,0.0
20190731:0410,0.0,1.72,3.34,18.03,3.03,0.0
20190731:0510,4685.0,22.98,12.54,17.92,3.1,0.0
20190731:0610,6535.0,28.49,22.18,18.11,3.52,0.0
20190731:0710,34795.0,100.19,31.9,16.41,2.34,0.0
20190731:0810,34730.0,100.19,41.26,16.66,2.0,0.0
20190731:0910,38390.0,109.38,49.64,17.41,1.72,0.0
20190731:1010,30685.0,90.99,55.98,18.29,2.0,0.0
20190731:1110,22440.0,70.77,58.8,18.91,2.07,0.0
20190731:1210,142655.0,361.65,57.14,19.13,1.93,0.0
20190731:1310,249485.0,632.44,51.59,20.0,2.0,0.0
20190731:1410,160390.0,406.64,43.63,20.88,2.28,0.0
20190731:1510,148440.0,379.4,34.45,21.64,2.55,0.0
20190731:1610,87365.0,237.3,24.78,21.87,2.62,0.0
20190731:1710,32345.0,104.18,15.09,21.8,2.34,0.0
20190731:1810,3870.0,20.68,5.74,21.21,1.59,0.0
20190731:1910,0.0,0.0,0.0,19.27,1.52,0.0
20190731:2010,0.0,0.0,0.0,18.42,1.79,0.0
20190731:2110,0.0,0.0,0.0,17.78,1.86,0.0
20190731:2210,0.0,0.0,0.0,17.38,1.79,0.0
20190731:2310,0.0,0.0,0.0,16.89,1.79,0.0
20190801:0010,0.0,0.0,0.0,16.55,1.72,0.0
20190801:0110,0.0,0.0,0.0,15.96,1.72,0.0
20190801:0210,0.0,0.0,0.0,15.54,1.52,0.0
20190801:0310,0.0,0.0,0.0,14.83,1.38,0.0
20190801:0410,1230.0,11.2,3.16,14.0,1.1,0.0
20190801:0510,27295.0,86.56,12.37,14.92,0.55,0.0
20190801:0610,94675.0,255.54,22.01,16.78,0.34,0.0
20190801:0710,124460.0,318.25,31.72,18.25,0.62,0.0
20190801:0810,259130.0,668.89,41.08,19.85,0.55,0.0
20190801:0910,270880.0,703.09,49.44,21.52,1.1,0.0
20190801:1010,283820.0,738.83,55.75,22.8,1.72,0.0
20190801:1110,337090.0,892.73,58.56,23.29,1.79,0.0
20190801:1210,158095.0,408.75,56.89,23.74,1.86,0.0
20190801:1310,180600.0,465.59,51.36,24.23,2.14,0.0
20190801:1410,261820.0,675.07,43.43,24.32,2.41,0.0
20190801:1510,179795.0,463.83,34.26,24.0,2.48,0.0
20190801:1610,100955.0,282.27,24.59,23.78,2.55,0.0
20190801:1710,23100.0,92.06,14.9,23.08,2.41,0.0
20190801:1810,6365.0,28.44,5.54,22.15,2.14,0.0
20190801:1910,0.0,0.0,0.0,20.98,2.28,0.0
20190801:2010,0.0,0.0,0.0,19.81,2.07,0.0
20190801:2110,0.0,0.0,0.0,18.79,1.93,0.0
20190801:2210,0.0,0.0,0.0,17.88,1.72,0.0
20190801:2310,0.0,0.0,0.0,17.11,1.59,0.0
20190802:0010,0.0,0.0,0.0,16.88,1.45,0.0
20190802:0110,0.0,0.0,0.0,16.7,1.52,0.0
20190802:0210,0.0,0.0,0.0,16.12,1.45,0.0
20190802:0310,0.0,0.0,0.0,15.79,1.38,0.0
20190802:0410,220.0,6.89,2.97,15.53,1.45,0.0
20190802:0510,26655.0,88.04,12.19,15.8,1.24,0.0
20190802:0610,58450.0,159.54,21.83,18.0,1.1,0.0
20190802:0710,169085.0,430.14,31.55,19.42,1.17,0.0
20190802:0810,266495.0,687.11,40.89,21.16,1.1,0.0
20190802:0910,331290.0,879.17,49.23,22.3,1.03,0.0
20190802:1010,225525.0,581.84,55.51,22.71,1.52,0.0
20190802:1110,164825.0,424.93,58.3,23.29,1.86,0.0
20190802:1210,220460.0,569.23,56.65,23.77,1.93,0.0
20190802:1310,133025.0,344.58,51.14,23.69,2.28,0.0
20190802:1410,259575.0,666.13,43.22,23.4,2.34,0.0
20190802:1510,93700.0,247.91,34.06,23.58,1.86,0.0
20190802:1610,55390.0,154.68,24.4,23.14,1.38,0.0
20190802:1710,31365.0,97.48,14.7,22.88,1.93,0.0
20190802:1810,4395.0,22.41,5.33,21.94,2.14,0.0
20190802:1910,0.0,0.0,0.0,20.38,2.34,0.0
20190802:2010,0.0,0.0,0.0,19.51,1.72,0.0
20190802:2110,0.0,0.0,0.0,18.82,1.52,0.0
20190802:2210,0.0,0.0,0.0,18.06,1.59,0.0
20190802:2310,0.0,0.0,0.0,17.47,1.38,0.0
20190803:0010,0.0,0.0,0.0,16.87,1.31,0.0
20190803:0110,0.0,0.0,0.0,16.59,1.38,0.0
20190803:0210,0.0,0.0,0.0,15.14,1.59,0.0
20190803:0310,0.0,0.0,0.0,14.83,1.66,0.0
20190803:0410,0.0,1.72,2.78,14.24,1.59,0.0
20190803:0510,4175.0,21.14,12.01,14.46,1.31,0.0
20190803:0610,29000.0,86.4,21.66,16.84,1.59,0.0
20190803:0710,45385.0,125.92,31.37,17.07,2.0,0.0
20190803:0810,29710.0,88.24,40.7,17.38,2.48,0.0
20190803:0910,162640.0,407.55,49.02,18.22,2.21,0.0
20190803:1010,271065.0,685.38,55.28,18.98,2.21,0.0
20190803:1110,70625.0,187.5,58.05,19.15,2.14,0.0
20190803:1210,172125.0,435.97,56.39,19.96,1.93,0.0
20190803:1310,163025.0,413.11,50.9,20.17,2.0,0.0
20190803:1410,206870.0,524.83,43.0,21.36,2.07,0.0
20190803:1510,174405.0,444.62,33.86,20.87,2.0,0.0
20190803:1610,102185.0,283.1,24.2,19.69,2.28,0.0
20190803:1710,25810.0,93.46,14.5,19.81,2.34,0.0
20190803:1810,4185.0,21.55,5.13,19.41,2.07,0.0
20190803:1910,0.0,0.0,0.0,18.03,1.38,0.0
20190803:2010,0.0,0.0,0.0,17.2,1.45,0.0
20190803:2110,0.0,0.0,0.0,16.45,1.52,0.0
20190803:2210,0.0,0.0,0.0,15.96,1.38,0.0
20190803:2310,0.0,0.0,0.0,15.14,1.31,0.0
20190804:0010,0.0,0.0,0.0,14.51,1.17,0.0
20190804:0110,0.0,0.0,0.0,14.25,1.1,0.0
20190804:0210,0.0,0.0,0.0,14.01,1.03,0.0
20190804:0310,0.0,0.0,0.0,13.8,0.9,0.0
20190804:0410,0.0,1.72,2.59,13.88,0.69,0.0
20190804:0510,25510.0,82.2,11.82,14.33,0.28,0.0
20190804:0610,81680.0,219.28,21.48,16.11,0.21,0.0
20190804:0710,185915.0,475.46,31.19,17.84,0.07,0.0
20190804:0810,278480.0,723.12,40.51,19.41,0.34,0.0
20190804:0910,322660.0,851.3,48.81,20.92,0.83,0.0
20190804:1010,282160.0,736.87,55.04,21.73,1.1,0.0
20190804:1110,303610.0,800.05,57.79,22.04,1.1,0.0
20190804:1210,247015.0,642.18,56.14,22.43,1.1,0.0
20190804:1310,213790.0,553.26,50.66,23.06,1.17,0.0
20190804:1410,172250.0,444.65,42.78,23.57,1.38,0.0
20190804:1510,129360.0,337.46,33.65,23.82,1.52,0.0
20190804:1610,101215.0,287.7,23.99,23.58,1.66,0.0
20190804:1710,21110.0,86.64,14.29,23.3,1.79,0.0
20190804:1810,5490.0,25.85,4.91,22.49,1.31,0.0
20190804:1910,0.0,0.0,0.0,21.09,1.31,0.0
20190804:2010,0.0,0.0,0.0,19.53,1.31,0.0
20190804:2110,0.0,0.0,0.0,18.45,1.31,0.0
20190804:2210,0.0,0.0,0.0,18.11,1.1,0.0
20190804:2310,0.0,0.0,0.0,19.3,0.55,0.0
20190805:0010,0.0,0.0,0.0,18.26,0.83,0.0
20190805:0110,0.0,0.0,0.0,16.29,1.24,0.0
20190805:0210,0.0,0.0,0.0,15.29,1.38,0.0
20190805:0310,0.0,0.0,0.0,14.75,1.52,0.0
20190805:0410,0.0,0.86,2.39,14.53,1.66,0.0
20190805:0510,1665.0,12.87,11.64,15.13,1.38,0.0
20190805:0610,32530.0,95.58,21.3,17.98,1.24,0.0
20190805:0710,180610.0,458.15,31.0,20.19,1.93,0.0
20190805:0810,150640.0,384.16,40.32,21.85,2.14,0.0
20190805:0910,139680.0,360.99,48.59,23.99,2.41,0.0
20190805:1010,81295.0,218.75,54.79,25.47,2.83,0.0
20190805:1110,34675.0,103.86,57.52,26.09,3.79,0.0
20190805:1210,20590.0,68.02,55.87,26.27,4.0,0.0
20190805:1310,18500.0,62.5,50.42,26.07,3.52,0.0
20190805:1410,93420.0,249.3,42.56,26.65,3.45,0.0
20190805:1510,153475.0,400.37,33.44,26.73,3.17,0.0
20190805:1610,92515.0,261.91,23.78,26.65,2.97,0.0
20190805:1710,28305.0,95.68,14.08,25.33,3.31,0.0
20190805:1810,4085.0,21.55,4.69,23.39,2.48,0.0
20190805:1910,0.0,0.0,0.0,21.9,1.52,0.0
20190805:2010,0.0,0.0,0.0,21.09,1.52,0.0
20190805:2110,0.0,0.0,0.0,20.23,1.66,0.0
20190805:2210,0.0,0.0,0.0,19.75,1.72,0.0
20190805:2310,0.0,0.0,0.0,19.15,1.72,0.0
20190806:0010,0.0,0.0,0.0,18.66,1.66,0.0
20190806:0110,0.0,0.0,0.0,18.1,1.59,0.0
20190806:0210,0.0,0.0,0.0,17.71,1.52,0.0
20190806:0310,0.0,0.0,0.0,17.19,1.52,0.0
20190806:0410,0.0,0.0,0.0,16.75,1.45,0.0
20190806:0510,19445.0,63.91,11.45,17.11,1.17,0.0
20190806:0610,97935.0,269.95,21.11,19.22,1.24,0.0
20190806:0710,163400.0,414.08,30.82,20.3,2.28,0.0
20190806:0810,240940.0,610.3,40.12,22.13,2.69,0.0
20190806:0910,282810.0,727.06,48.37,23.59,2.76,0.0
20190806:1010,203225.0,521.04,54.54,24.68,3.17,0.0
20190806:1110,126175.0,328.62,57.25,25.26,3.45,0.0
20190806:1210,193685.0,498.63,55.6,25.99,3.66,0.0
20190806:1310,65465.0,180.15,50.17,26.11,3.31,0.0
20190806:1410,29855.0,91.91,42.33,26.49,3.38,0.0
20190806:1510,85560.0,228.33,33.22,24.88,3.17,0.0
20190806:1610,32870.0,98.35,23.57,23.37,2.48,0.0
20190806:1710,18740.0,62.64,13.86,23.01,1.03,0.0
20190806:1810,4370.0,22.41,4.46,22.58,0.21,0.0
20190806:1910,0.0,0.0,0.0,20.92,1.45,0.0
20190806:2010,0.0,0.0,0.0,19.11,0.07,0.0
20190806:2110,0.0,0.0,0.0,18.1,1.17,0.0
20190806:2210,0.0,0.0,0.0,17.62,1.24,0.0
20190806:2310,0.0,0.0,0.0,17.19,1.31,0.0
20190807:0010,0.0,0.0,0.0,17.16,1.72,0.0
20190807:0110,0.0,0.0,0.0,17.09,1.59,0.0
20190807:0210,0.0,0.0,0.0,16.69,0.69,0.0
20190807:0310,0.0,0.0,0.0,16.52,1.1,0.0
20190807:0410,0.0,0.0,0.0,16.22,1.38,0.0
20190807:0510,1165.0,11.03,11.26,16.66,1.31,0.0
20190807:0610,5295.0,24.82,20.93,17.78,1.45,0.0
20190807:0710,9730.0,37.68,30.63,19.38,2.97,0.0
20190807:0810,243155.0,609.68,39.92,20.23,2.76,0.0
20190807:0910,269950.0,686.21,48.15,21.11,2.41,0.0
20190807:1010,37605.0,109.38,54.29,21.84,2.48,0.0
20190807:1110,43485.0,124.08,56.98,22.49,2.62,0.0
20190807:1210,48730.0,136.95,55.33,22.64,2.76,0.0
20190807:1310,32785.0,97.43,49.91,21.84,3.1,0.0
20190807:1410,29680.0,89.16,42.09,20.19,2.83,0.0
20190807:1510,37030.0,106.62,32.99,18.96,2.83,0.0
20190807:1610,15315.0,52.39,23.35,18.14,2.41,0.0
20190807:1710,24345.0,75.92,13.64,17.66,2.69,0.0
20190807:1810,4515.0,22.41,4.23,17.29,2.07,0.0
20190807:1910,0.0,0.0,0.0,16.41,1.86,0.0
20190807:2010,0.0,0.0,0.0,16.17,1.79,0.0
20190807:2110,0.0,0.0,0.0,16.16,1.93,0.0
20190807:2210,0.0,0.0,0.0,16.04,1.86,0.0
20190807:2310,0.0,0.0,0.0,15.8,1.59,0.0
20190808:0010,0.0,0.0,0.0,15.43,1.52,0.0
20190808:0110,0.0,0.0,0.0,15.52,1.38,0.0
20190808:0210,0.0,0.0,0.0,15.57,1.31,0.0
20190808:0310,0.0,0.0,0.0,15.67,1.31,0.0
20190808:0410,0.0,0.0,0.0,15.57,1.17,0.0
20190808:0510,20725.0,67.24,11.07,15.73,1.59,0.0
20190808:0610,27615.0,82.72,20.74,16.13,2.0,0.0
20190808:0710,108600.0,274.78,30.44,16.45,2.28,0.0
20190808:0810,139755.0,350.79,39.72,17.89,2.21,0.0
20190808:0910,237735.0,596.93,47.92,18.67,2.07,0.0
20190808:1010,245620.0,621.61,54.03,19.5,2.0,0.0
20190808:1110,274185.0,699.71,56.7,20.52,2.21,0.0
20190808:1210,265980.0,677.7,55.05,21.46,2.62,0.0
20190808:1310,284680.0,726.65,49.65,22.24,2.9,0.0
20190808:1410,218430.0,554.29,41.85,22.66,2.83,0.0
20190808:1510,139755.0,360.07,32.76,23.06,2.69,0.0
20190808:1610,94020.0,262.95,23.12,23.06,2.34,0.0
20190808:1710,17775.0,77.72,13.41,22.66,1.93,0.0
20190808:1810,3855.0,20.68,4.0,21.67,1.45,0.0
20190808:1910,0.0,0.0,0.0,20.3,1.31,0.0
20190808:2010,0.0,0.0,0.0,18.88,1.24,0.0
20190808:2110,0.0,0.0,0.0,18.36,1.03,0.0
20190808:2210,0.0,0.0,0.0,18.99,0.69,0.0
20190808:2310,0.0,0.0,0.0,18.82,0.41,0.0
20190809:0010,0.0,0.0,0.0,16.88,1.1,0.0
20190809:0110,0.0,0.0,0.0,15.47,1.52,0.0
20190809:0210,0.0,0.0,0.0,15.05,1.59,0.0
20190809:0310,0.0,0.0,0.0,14.72,1.66,0.0
20190809:0410,0.0,0.0,0.0,14.44,1.72,0.0
20190809:0510,19725.0,78.23,10.88,14.77,1.45,0.0
20190809:0610,99375.0,273.39,20.56,17.97,1.24,0.0
20190809:0710,197630.0,501.59,30.25,19.77,1.66,0.0
20190809:0810,278215.0,711.09,39.51,22.03,2.14,0.0
20190809:0910,289015.0,747.67,47.69,24.03,2.48,0.0
20190809:1010,361570.0,959.77,53.77,25.65,2.69,0.0
20190809:1110,355775.0,951.47,56.41,27.0,2.69,0.0
20190809:1210,351520.0,947.18,54.77,28.03,2.41,0.0
20190809:1310,199605.0,525.21,49.39,28.65,2.14,0.0
20190809:1410,169200.0,445.66,41.6,28.9,2.07,0.0
20190809:1510,108775.0,291.87,32.52,28.98,2.28,0.0
20190809:1610,89225.0,257.7,22.89,28.92,2.34,0.0
20190809:1710,15100.0,72.46,13.17,28.34,1.86,0.0
20190809:1810,2485.0,16.37,3.76,26.67,1.93,0.0
20190809:1910,0.0,0.0,0.0,24.93,2.0,0.0
20190809:2010,0.0,0.0,0.0,23.86,2.14,0.0
20190809:2110,0.0,0.0,0.0,23.17,2.07,0.0
20190809:2210,0.0,0.0,0.0,22.43,1.79,0.0
20190809:2310,0.0,0.0,0.0,21.86,1.86,0.0
20190810:0010,0.0,0.0,0.0,20.38,1.59,0.0
20190810:0110,0.0,0.0,0.0,19.84,1.66,0.0
20190810:0210,0.0,0.0,0.0,19.52,1.79,0.0
20190810:0310,0.0,0.0,0.0,19.56,2.07,0.0
20190810:0410,0.0,0.0,0.0,19.7,2.41,0.0
20190810:0510,1135.0,11.03,10.69,19.8,2.34,0.0
20190810:0610,15490.0,53.31,20.37,20.32,2.28,0.0
20190810:0710,9320.0,36.77,30.05,20.84,2.28,0.0
20190810:0810,20445.0,66.18,39.31,20.63,2.41,0.0
20190810:0910,49960.0,138.79,47.46,20.63,2.55,0.0
20190810:1010,67650.0,181.07,53.51,20.55,3.17,0.0
20190810:1110,165425.0,415.72,56.13,19.98,3.38,0.0
20190810:1210,34635.0,101.1,54.48,19.76,3.17,0.0
20190810:1310,33075.0,97.43,49.12,20.11,3.31,0.0
20190810:1410,113390.0,290.21,41.34,20.94,3.93,0.0
20190810:1510,169005.0,427.56,32.28,21.29,3.79,0.0
20190810:1610,94825.0,266.84,22.65,21.42,3.45,0.0
20190810:1710,19485.0,77.44,12.93,21.52,2.97,0.0
20190810:1810,2830.0,17.24,3.51,20.89,2.21,0.0
20190810:1910,0.0,0.0,0.0,19.45,2.14,0.0
20190810:2010,0.0,0.0,0.0,18.61,2.28,0.0
20190810:2110,0.0,0.0,0.0,18.03,2.34,0.0
20190810:2210,0.0,0.0,0.0,17.63,2.41,0.0
20190810:2310,0.0,0.0,0.0,17.32,2.21,0.0
20190811:0010,0.0,0.0,0.0,16.94,1.93,0.0
20190811:0110,0.0,0.0,0.0,16.51,1.79,0.0
20190811:0210,0.0,0.0,0.0,16.15,1.59,0.0
20190811:0310,0.0,0.0,0.0,15.66,1.52,0.0
20190811:0410,0.0,0.0,0.0,15.43,1.45,0.0
20190811:0510,2995.0,17.46,10.49,15.43,1.31,0.0
20190811:0610,28550.0,85.48,20.18,17.33,1.45,0.0
20190811:0710,53775.0,147.33,29.86,19.02,1.38,0.0
20190811:0810,125015.0,320.35,39.1,20.77,1.72,0.0
20190811:0910,339190.0,885.48,47.23,22.36,2.0,0.0
20190811:1010,359985.0,954.81,53.24,23.65,2.07,0.0
20190811:1110,360440.0,962.54,55.83,24.81,2.14,0.0
20190811:1210,355145.0,946.83,54.19,25.69,2.34,0.0
20190811:1310,326970.0,860.35,48.84,26.23,2.69,0.0
20190811:1410,278980.0,724.94,41.09,26.75,2.9,0.0
20190811:1510,192520.0,501.59,32.03,26.58,3.03,0.0
20190811:1610,95510.0,277.65,22.41,26.26,3.1,0.0
20190811:1710,16525.0,72.82,12.69,25.59,2.21,0.0
20190811:1810,2520.0,16.37,3.26,24.45,1.72,0.0
20190811:1910,0.0,0.0,0.0,23.05,1.66,0.0
20190811:2010,0.0,0.0,0.0,21.77,1.59,0.0
20190811:2110,0.0,0.0,0.0,20.75,2.34,0.0
20190811:2210,0.0,0.0,0.0,19.61,2.62,0.0
20190811:2310,0.0,0.0,0.0,17.74,3.38,0.0
20190812:0010,0.0,0.0,0.0,16.65,3.38,0.0
20190812:0110,0.0,0.0,0.0,16.1,2.69,0.0
20190812:0210,0.0,0.0,0.0,15.82,2.55,0.0
20190812:0310,0.0,0.0,0.0,15.59,2.83,0.0
20190812:0410,0.0,0.0,0.0,15.35,2.69,0.0
20190812:0510,2180.0,14.71,10.3,15.27,2.48,0.0
20190812:0610,5060.0,23.9,19.98,15.36,2.21,0.0
20190812:0710,52040.0,140.9,29.66,15.59,1.93,0.0
20190812:0810,18715.0,60.66,38.88,16.09,1.86,0.0
20190812:0910,36645.0,104.78,46.99,16.48,1.59,0.0
20190812:1010,32730.0,95.59,52.97,17.05,1.38,0.0
20190812:1110,66700.0,176.47,55.54,16.87,1.86,0.0
20190812:1210,39020.0,110.3,53.89,16.18,1.86,0.0
20190812:1310,39060.0,110.3,48.56,15.94,1.79,0.0
20190812:1410,15480.0,52.39,40.82,15.94,1.72,0.0
20190812:1510,158265.0,397.09,31.78,16.03,1.17,0.0
20190812:1610,87840.0,238.96,22.16,16.0,0.55,0.0
20190812:1710,18290.0,73.16,12.44,16.11,0.41,0.0
20190812:1810,60.0,6.03,3.01,15.9,0.69,0.0
20190812:1910,0.0,0.0,0.0,16.87,1.31,0.0
20190812:2010,0.0,0.0,0.0,16.7,1.52,0.0
20190812:2110,0.0,0.0,0.0,15.96,1.52,0.0
20190812:2210,0.0,0.0,0.0,15.52,1.72,0.0
20190812:2310,0.0,0.0,0.0,15.21,1.86,0.0
20190813:0010,0.0,0.0,0.0,14.96,2.0,0.0
20190813:0110,0.0,0.0,0.0,14.55,1.86,0.0
20190813:0210,0.0,0.0,0.0,14.16,1.79,0.0
20190813:0310,0.0,0.0,0.0,13.86,1.72,0.0
20190813:0410,0.0,0.0,0.0,13.54,1.66,0.0
20190813:0510,18750.0,74.71,10.1,13.46,1.59,0.0
20190813:0610,102680.0,277.25,19.79,14.27,1.59,0.0
20190813:0710,206855.0,509.57,29.46,15.04,2.55,0.0
20190813:0810,290820.0,714.52,38.67,16.3,3.38,0.0
20190813:0910,84225.0,217.34,46.75,17.34,3.79,0.0
20190813:1010,260295.0,644.18,52.7,17.6,3.59,0.0
20190813:1110,218825.0,543.89,55.24,18.36,3.31,0.0
20190813:1210,295360.0,741.41,53.59,19.03,3.31,0.0
20190813:1310,204115.0,509.39,48.27,19.4,3.17,0.0
20190813:1410,179420.0,448.56,40.55,19.24,2.76,0.0
20190813:1510,134990.0,342.39,31.53,19.14,2.41,0.0
20190813:1610,60035.0,163.87,21.91,18.88,2.34,0.0
20190813:1710,15640.0,53.31,12.19,18.39,2.07,0.0
20190813:1810,0.0,1.72,2.75,17.68,1.59,0.0
20190813:1910,0.0,0.0,0.0,16.48,1.72,0.0
20190813:2010,0.0,0.0,0.0,15.58,1.45,0.0
20190813:2110,0.0,0.0,0.0,14.86,1.38,0.0
20190813:2210,0.0,0.0,0.0,14.33,1.31,0.0
20190813:2310,0.0,0.0,0.0,13.9,1.38,0.0
20190814:0010,0.0,0.0,0.0,13.54,1.38,0.0
20190814:0110,0.0,0.0,0.0,13.19,1.38,0.0
20190814:0210,0.0,0.0,0.0,12.71,1.38,0.0
20190814:0310,0.0,0.0,0.0,12.15,1.45,0.0
20190814:0410,0.0,0.0,0.0,11.44,1.52,0.0
20190814:0510,19675.0,73.46,9.9,11.19,1.31,0.0
20190814:0610,98320.0,263.97,19.59,13.69,1.03,0.0
20190814:0710,164010.0,407.95,29.26,14.81,1.17,0.0
20190814:0810,242575.0,603.09,38.45,16.42,1.72,0.0
20190814:0910,286675.0,717.97,46.51,17.57,2.41,0.0
20190814:1010,232945.0,580.74,52.42,18.31,2.83,0.0
20190814:1110,305315.0,770.05,54.93,18.93,3.03,0.0
20190814:1210,224045.0,559.3,53.28,19.05,3.1,0.0
20190814:1310,282060.0,707.6,47.98,19.22,3.03,0.0
20190814:1410,205570.0,511.49,40.28,19.07,3.1,0.0
20190814:1510,172930.0,433.75,31.27,18.64,3.03,0.0
20190814:1610,93570.0,258.44,21.65,18.27,2.83,0.0
20190814:1710,24250.0,80.87,11.93,17.8,2.21,0.0
20190814:1810,1205.0,11.2,2.48,17.14,1.24,0.0
20190814:1910,0.0,0.0,0.0,15.75,1.1,0.0
20190814:2010,0.0,0.0,0.0,15.15,0.9,0.0
20190814:2110,0.0,0.0,0.0,15.74,0.48,0.0
20190814:2210,0.0,0.0,0.0,15.24,0.28,0.0
20190814:2310,0.0,0.0,0.0,13.25,1.03,0.0
20190815:0010,0.0,0.0,0.0,11.82,1.59,0.0
20190815:0110,0.0,0.0,0.0,11.52,1.72,0.0
20190815:0210,0.0,0.0,0.0,11.2,1.72,0.0
20190815:0310,0.0,0.0,0.0,11.05,1.79,0.0
20190815:0410,0.0,0.0,0.0,11.12,1.93,0.0
20190815:0510,18900.0,71.06,9.7,11.67,1.86,0.0
20190815:0610,93010.0,248.84,19.39,13.81,1.66,0.0
20190815:0710,158000.0,391.35,29.06,15.6,2.41,0.0
20190815:0810,159335.0,395.19,38.24,17.05,2.62,0.0
20190815:0910,154795.0,387.13,46.26,18.17,2.62,0.0
20190815:1010,84320.0,219.67,52.14,18.91,2.76,0.0
20190815:1110,67470.0,179.23,54.63,18.6,2.83,0.0
20190815:1210,99685.0,255.46,52.97,18.55,3.38,0.0
20190815:1310,133015.0,334.33,47.68,17.87,2.76,0.0
20190815:1410,123725.0,312.29,40.0,18.53,3.1,0.0
20190815:1510,96610.0,248.81,31.0,18.97,3.03,0.0
20190815:1610,53020.0,146.59,21.39,19.32,2.69,0.0
20190815:1710,20755.0,67.48,11.67,19.15,2.28,0.0
20190815:1810,780.0,9.48,2.21,17.16,2.48,0.0
20190815:1910,0.0,0.0,0.0,16.53,1.66,0.0
20190815:2010,0.0,0.0,0.0,15.74,1.72,0.0
20190815:2110,0.0,0.0,0.0,15.02,1.93,0.0
20190815:2210,0.0,0.0,0.0,14.71,2.07,0.0
20190815:2310,0.0,0.0,0.0,14.44,2.28,0.0
20190816:0010,0.0,0.0,0.0,14.01,2.34,0.0
20190816:0110,0.0,0.0,0.0,13.85,2.41,0.0
20190816:0210,0.0,0.0,0.0,13.79,2.55,0.0
20190816:0310,0.0,0.0,0.0,13.63,2.41,0.0
20190816:0410,0.0,0.0,0.0,13.46,2.21,0.0
20190816:0510,12895.0,45.75,9.49,13.47,2.07,0.0
20190816:0610,55010.0,148.49,19.2,13.85,2.55,0.0
20190816:0710,81450.0,208.89,28.86,14.68,2.41,0.0
20190816:0810,141235.0,350.25,38.02,15.73,2.41,0.0
20190816:0910,69115.0,181.99,46.02,16.93,2.41,0.0
20190816:1010,83800.0,217.83,51.86,17.98,2.28,0.0
20190816:1110,217980.0,546.86,54.32,18.5,2.14,0.0
20190816:1210,306110.0,778.95,52.65,19.27,2.34,0.0
20190816:1310,279630.0,707.35,47.38,19.57,2.34,0.0
20190816:1410,266925.0,674.14,39.72,20.33,2.41,0.0
20190816:1510,162030.0,412.59,30.73,20.4,2.07,0.0
20190816:1610,80895.0,223.19,21.13,20.26,2.07,0.0
20190816:1710,22860.0,76.3,11.4,19.96,1.45,0.0
20190816:1810,0.0,0.0,0.0,18.93,0.62,0.0
20190816:1910,0.0,0.0,0.0,17.59,0.76,0.0
20190816:2010,0.0,0.0,0.0,16.25,1.59,0.0
20190816:2110,0.0,0.0,0.0,15.21,1.86,0.0
20190816:2210,0.0,0.0,0.0,14.53,1.93,0.0
20190816:2310,0.0,0.0,0.0,14.17,2.0,0.0
20190817:0010,0.0,0.0,0.0,13.69,2.07,0.0
20190817:0110,0.0,0.0,0.0,13.61,2.07,0.0
20190817:0210,0.0,0.0,0.0,13.28,2.07,0.0
20190817:0310,0.0,0.0,0.0,13.25,2.0,0.0
20190817:0410,0.0,0.0,0.0,13.34,2.0,0.0
20190817:0510,18185.0,68.09,9.29,13.87,2.0,0.0
20190817:0610,13055.0,45.96,19.0,15.19,1.86,0.0
20190817:0710,40520.0,113.97,28.65,16.57,2.41,0.0
20190817:0810,55325.0,149.82,37.79,17.67,2.48,0.0
20190817:0910,234460.0,585.06,45.77,18.5,2.48,0.0
20190817:1010,148530.0,375.46,51.57,19.57,2.34,0.0
20190817:1110,124740.0,319.78,54.0,20.73,2.21,0.0
20190817:1210,188940.0,482.33,52.33,22.15,2.0,0.0
20190817:1310,120000.0,311.35,47.08,22.2,1.38,0.0
20190817:1410,52000.0,145.22,39.43,22.77,1.93,0.0
20190817:1510,23800.0,75.37,30.45,22.86,2.34,0.0
20190817:1610,9210.0,36.77,20.86,22.99,2.14,0.0
20190817:1710,4875.0,23.9,11.13,21.78,1.86,0.0
20190817:1810,0.0,0.0,0.0,20.77,2.07,0.0
20190817:1910,0.0,0.0,0.0,19.27,1.79,0.0
20190817:2010,0.0,0.0,0.0,18.15,2.07,0.0
20190817:2110,0.0,0.0,0.0,17.51,1.79,0.0
20190817:2210,0.0,0.0,0.0,17.11,1.72,0.0
20190817:2310,0.0,0.0,0.0,16.92,1.66,0.0
20190818:0010,0.0,0.0,0.0,16.88,1.66,0.0
20190818:0110,0.0,0.0,0.0,16.84,1.72,0.0
20190818:0210,0.0,0.0,0.0,16.84,1.93,0.0
20190818:0310,0.0,0.0,0.0,16.86,2.14,0.0
20190818:0410,0.0,0.0,0.0,16.86,2.41,0.0
20190818:0510,10230.0,38.98,9.09,17.02,2.48,0.0
20190818:0610,94265.0,257.99,18.79,18.11,2.48,0.0
20190818:0710,196405.0,494.54,28.44,19.31,2.28,0.0
20190818:0810,281645.0,715.86,37.57,21.67,2.48,0.0
20190818:0910,332540.0,863.52,45.51,23.62,2.69,0.0
20190818:1010,366200.0,969.4,51.28,25.3,2.83,0.0
20190818:1110,381155.0,1017.53,53.68,26.8,3.17,0.0
20190818:1210,362325.0,964.89,52.01,28.01,3.38,0.0
20190818:1310,323560.0,855.08,46.77,28.87,3.38,0.0
20190818:1410,271875.0,712.48,39.14,29.29,3.24,0.0
20190818:1510,182315.0,480.6,30.17,29.47,3.66,0.0
20190818:1610,86375.0,256.5,20.58,28.86,3.1,0.0
20190818:1710,11455.0,56.2,10.85,27.6,1.72,0.0
20190818:1810,0.0,0.0,0.0,25.95,2.28,0.0
20190818:1910,0.0,0.0,0.0,23.84,1.45,0.0
20190818:2010,0.0,0.0,0.0,22.96,1.79,0.0
20190818:2110,0.0,0.0,0.0,22.09,2.07,0.0
20190818:2210,0.0,0.0,0.0,21.45,2.21,0.0
20190818:2310,0.0,0.0,0.0,20.45,2.0,0.0
20190819:0010,0.0,0.0,0.0,19.57,1.79,0.0
20190819:0110,0.0,0.0,0.0,19.03,1.66,0.0
20190819:0210,0.0,0.0,0.0,18.65,1.66,0.0
20190819:0310,0.0,0.0,0.0,18.38,1.86,0.0
20190819:0410,0.0,0.0,0.0,17.86,2.76,0.0
20190819:0510,505.0,8.27,8.88,17.29,2.21,0.0
20190819:0610,4405.0,22.06,18.59,17.19,1.31,0.0
20190819:0710,14670.0,50.55,28.23,17.27,2.07,0.0
20190819:0810,15705.0,53.31,37.34,17.71,2.55,0.0
20190819:0910,47435.0,131.44,45.26,18.19,2.0,0.0
20190819:1010,116930.0,299.18,50.99,18.92,1.52,0.0
20190819:1110,208130.0,527.3,53.36,20.1,1.79,0.0
20190819:1210,196860.0,499.41,51.68,20.41,1.72,0.0
20190819:1310,91345.0,239.29,46.46,20.52,1.31,0.0
20190819:1410,101055.0,263.37,38.84,20.8,0.97,0.0
20190819:1510,81175.0,215.41,29.89,20.81,0.76,0.0
20190819:1610,76315.0,214.25,20.3,20.91,0.62,0.0
20190819:1710,18400.0,66.82,10.57,20.8,0.76,0.0
20190819:1810,0.0,0.0,0.0,20.1,0.69,0.0
20190819:1910,0.0,0.0,0.0,18.84,0.41,0.0
20190819:2010,0.0,0.0,0.0,18.25,0.55,0.0
20190819:2110,0.0,0.0,0.0,17.32,0.76,0.0
20190819:2210,0.0,0.0,0.0,16.93,0.76,0.0
20190819:2310,0.0,0.0,0.0,17.16,0.48,0.0
20190820:0010,0.0,0.0,0.0,16.33,0.76,0.0
20190820:0110,0.0,0.0,0.0,16.59,0.48,0.0
20190820:0210,0.0,0.0,0.0,16.17,0.55,0.0
20190820:0310,0.0,0.0,0.0,15.54,0.69,0.0
20190820:0410,0.0,0.0,0.0,15.11,0.83,0.0
20190820:0510,8590.0,34.01,8.67,15.17,0.9,0.0
20190820:0610,15080.0,51.47,18.39,16.23,0.55,0.0
20190820:0710,25080.0,77.21,28.02,17.94,0.69,0.0
20190820:0810,65375.0,175.99,37.11,19.44,0.55,0.0
20190820:0910,55750.0,153.49,45.0,20.63,0.62,0.0
20190820:1010,84630.0,224.75,50.7,21.45,0.55,0.0
20190820:1110,52215.0,145.22,53.04,21.56,1.24,0.0
20190820:1210,36195.0,105.7,51.35,21.21,2.0,0.0
20190820:1310,50970.0,140.63,46.14,19.75,2.83,0.0
20190820:1410,27440.0,82.72,38.54,17.64,3.03,0.0
20190820:1510,34760.0,100.19,29.6,16.84,3.17,0.0
20190820:1610,8880.0,34.93,20.02,16.38,3.31,0.0
20190820:1710,940.0,10.11,10.29,15.89,3.72,0.0
20190820:1810,0.0,0.0,0.0,15.4,4.0,0.0
20190820:1910,0.0,0.0,0.0,14.61,3.52,0.0
20190820:2010,0.0,0.0,0.0,14.19,3.31,0.0
20190820:2110,0.0,0.0,0.0,13.81,3.17,0.0
20190820:2210,0.0,0.0,0.0,13.46,2.9,0.0
20190820:2310,0.0,0.0,0.0,13.12,2.62,0.0
20190821:0010,0.0,0.0,0.0,12.78,2.14,0.0
20190821:0110,0.0,0.0,0.0,12.5,1.79,0.0
20190821:0210,0.0,0.0,0.0,12.26,1.52,0.0
20190821:0310,0.0,0.0,0.0,12.02,1.38,0.0
20190821:0410,0.0,0.0,0.0,11.6,1.38,0.0
20190821:0510,16845.0,62.45,8.46,11.41,1.24,0.0
20190821:0610,76080.0,202.6,18.18,12.69,0.97,0.0
20190821:0710,147645.0,363.71,27.81,13.14,1.66,0.0
20190821:0810,211225.0,521.17,36.88,14.77,1.38,0.0
20190821:0910,335730.0,861.61,44.74,16.67,1.24,0.0
20190821:1010,296735.0,761.99,50.4,18.38,1.24,0.0
20190821:1110,334135.0,872.28,52.71,19.58,1.38,0.0
20190821:1210,340915.0,894.88,51.02,20.36,1.38,0.0
20190821:1310,209585.0,534.64,45.81,20.84,1.31,0.0
20190821:1410,197365.0,501.98,38.24,20.99,1.45,0.0
20190821:1510,144215.0,370.31,29.31,21.07,1.66,0.0
20190821:1610,81695.0,230.46,19.73,20.98,1.86,0.0
20190821:1710,14110.0,57.45,10.0,20.38,1.59,0.0
20190821:1810,0.0,0.0,0.0,19.13,1.66,0.0
20190821:1910,0.0,0.0,0.0,17.43,1.45,0.0
20190821:2010,0.0,0.0,0.0,16.42,1.72,0.0
20190821:2110,0.0,0.0,0.0,15.49,1.86,0.0
20190821:2210,0.0,0.0,0.0,14.77,1.86,0.0
20190821:2310,0.0,0.0,0.0,14.27,1.93,0.0
20190822:0010,0.0,0.0,0.0,13.95,2.0,0.0
20190822:0110,0.0,0.0,0.0,13.81,2.0,0.0
20190822:0210,0.0,0.0,0.0,13.72,2.14,0.0
20190822:0310,0.0,0.0,0.0,13.5,2.21,0.0
20190822:0410,0.0,0.0,0.0,13.24,2.34,0.0
20190822:0510,16145.0,61.78,8.25,13.17,2.34,0.0
20190822:0610,96935.0,260.61,17.97,14.33,2.14,0.0
20190822:0710,198275.0,489.6,27.59,15.97,2.76,0.0
20190822:0810,286375.0,709.67,36.65,17.61,3.1,0.0
20190822:0910,349710.0,884.42,44.47,19.05,3.24,0.0
20190822:1010,379845.0,977.84,50.1,20.24,3.17,0.0
20190822:1110,394350.0,1026.46,52.38,21.16,3.1,0.0
20190822:1210,370120.0,964.08,50.68,22.16,2.9,0.0
20190822:1310,327625.0,847.16,45.49,22.5,2.55,0.0
20190822:1410,268485.0,687.83,37.93,22.97,2.34,0.0
20190822:1510,186740.0,482.02,29.01,23.1,2.21,0.0
20190822:1610,86690.0,252.59,19.44,22.86,2.07,0.0
20190822:1710,12900.0,54.15,9.71,22.02,1.72,0.0
20190822:1810,0.0,0.0,0.0,20.47,2.0,0.0
20190822:1910,0.0,0.0,0.0,18.77,1.79,0.0
20190822:2010,0.0,0.0,0.0,17.63,1.79,0.0
20190822:2110,0.0,0.0,0.0,16.62,1.66,0.0
20190822:2210,0.0,0.0,0.0,15.59,1.59,0.0
20190822:2310,0.0,0.0,0.0,14.67,1.59,0.0
20190823:0010,0.0,0.0,0.0,13.89,1.66,0.0
20190823:0110,0.0,0.0,0.0,13.41,1.72,0.0
20190823:0210,0.0,0.0,0.0,13.16,1.79,0.0
20190823:0310,0.0,0.0,0.0,12.94,1.79,0.0
20190823:0410,0.0,0.0,0.0,12.96,1.86,0.0
20190823:0510,14690.0,62.29,8.04,13.35,1.79,0.0
20190823:0610,98050.0,265.76,17.76,15.03,1.52,0.0
20190823:0710,190395.0,475.77,27.38,16.77,1.66,0.0
20190823:0810,286100.0,723.71,36.41,18.76,1.79,0.0
20190823:0910,322465.0,829.24,44.21,20.57,2.14,0.0
20190823:1010,297325.0,765.12,49.79,21.83,2.34,0.0
20190823:1110,329815.0,859.76,52.04,22.57,2.34,0.0
20190823:1210,281875.0,727.47,50.34,23.3,2.48,0.0
20190823:1310,302355.0,781.94,45.16,23.86,2.69,0.0
20190823:1410,259670.0,663.95,37.61,23.89,2.9,0.0
20190823:1510,184540.0,475.77,28.71,23.79,2.9,0.0
20190823:1610,84975.0,247.69,19.14,23.47,2.76,0.0
20190823:1710,13695.0,54.84,9.41,22.62,2.0,0.0
20190823:1810,0.0,0.0,0.0,21.19,1.93,0.0
20190823:1910,0.0,0.0,0.0,20.02,2.0,0.0
20190823:2010,0.0,0.0,0.0,18.93,2.07,0.0
20190823:2110,0.0,0.0,0.0,18.13,2.07,0.0
20190823:2210,0.0,0.0,0.0,17.5,2.21,0.0
20190823:2310,0.0,0.0,0.0,17.04,2.28,0.0
20190824:0010,0.0,0.0,0.0,16.74,2.28,0.0
20190824:0110,0.0,0.0,0.0,16.5,2.28,0.0
20190824:0210,0.0,0.0,0.0,16.32,2.34,0.0
20190824:0310,0.0,0.0,0.0,16.12,2.34,0.0
20190824:0410,0.0,0.0,0.0,15.98,2.34,0.0
20190824:0510,13880.0,58.52,7.83,15.98,2.34,0.0
20190824:0610,84700.0,230.97,17.56,17.08,2.07,0.0
20190824:0710,180405.0,452.38,27.16,18.96,2.55,0.0
20190824:0810,263615.0,664.97,36.18,20.9,2.55,0.0
20190824:0910,313060.0,807.37,43.94,22.71,2.48,0.0
20190824:1010,353930.0,934.46,49.48,24.17,2.34,0.0
20190824:1110,358370.0,953.31,51.7,25.27,2.41,0.0
20190824:1210,332055.0,877.09,49.99,25.72,2.48,0.0
20190824:1310,280025.0,728.06,44.82,25.93,2.69,0.0
20190824:1410,254525.0,656.92,37.29,26.13,2.9,0.0
20190824:1510,135915.0,355.38,28.4,25.86,2.9,0.0
20190824:1610,74655.0,217.7,18.84,25.5,2.76,0.0
20190824:1710,14250.0,54.57,9.11,24.35,1.93,0.0
20190824:1810,0.0,0.0,0.0,22.98,0.9,0.0
20190824:1910,0.0,0.0,0.0,22.01,1.17,0.0
20190824:2010,0.0,0.0,0.0,21.26,1.72,0.0
20190824:2110,0.0,0.0,0.0,20.57,2.0,0.0
20190824:2210,0.0,0.0,0.0,20.04,2.0,0.0
20190824:2310,0.0,0.0,0.0,19.53,2.0,0.0
20190825:0010,0.0,0.0,0.0,19.06,1.86,0.0
20190825:0110,0.0,0.0,0.0,18.69,1.79,0.0
20190825:0210,0.0,0.0,0.0,18.27,1.72,0.0
20190825:0310,0.0,0.0,0.0,17.64,1.72,0.0
20190825:0410,0.0,0.0,0.0,17.43,1.66,0.0
20190825:0510,13560.0,56.31,7.62,17.3,1.59,0.0
20190825:0610,83315.0,229.53,17.34,18.59,1.31,0.0
20190825:0710,180885.0,460.75,26.94,20.62,1.52,0.0
20190825:0810,260095.0,667.55,35.94,22.38,1.66,0.0
20190825:0910,321860.0,848.16,43.67,23.75,1.59,0.0
20190825:1010,355385.0,958.48,49.17,24.84,1.45,0.0
20190825:1110,352200.0,957.34,51.36,25.36,1.24,0.0
20190825:1210,324090.0,872.77,49.64,25.99,1.31,0.0
20190825:1310,312885.0,837.91,44.49,26.05,1.24,0.0
20190825:1410,243490.0,639.21,36.97,26.24,1.31,0.0
20190825:1510,172895.0,455.87,28.09,26.36,1.59,0.0
20190825:1610,80355.0,241.66,18.54,25.56,2.0,0.0
20190825:1710,13695.0,52.36,8.81,23.73,1.17,0.0
20190825:1810,0.0,0.0,0.0,23.18,0.07,0.0
20190825:1910,0.0,0.0,0.0,22.41,0.76,0.0
20190825:2010,0.0,0.0,0.0,21.63,0.9,0.0
20190825:2110,0.0,0.0,0.0,19.44,1.38,0.0
20190825:2210,0.0,0.0,0.0,18.64,1.52,0.0
20190825:2310,0.0,0.0,0.0,18.05,1.59,0.0
20190826:0010,0.0,0.0,0.0,17.53,1.66,0.0
20190826:0110,0.0,0.0,0.0,17.17,1.72,0.0
20190826:0210,0.0,0.0,0.0,16.82,1.59,0.0
20190826:0310,0.0,0.0,0.0,16.42,1.45,0.0
20190826:0410,0.0,0.0,0.0,16.02,1.45,0.0
20190826:0510,13065.0,53.05,7.4,16.0,1.31,0.0
20190826:0610,84110.0,232.43,17.13,18.65,1.1,0.0
20190826:0710,180770.0,460.7,26.72,20.5,1.38,0.0
20190826:0810,261165.0,673.13,35.7,22.29,1.31,0.0
20190826:0910,322010.0,854.55,43.39,23.9,1.24,0.0
20190826:1010,349125.0,939.95,48.86,24.95,1.45,0.0
20190826:1110,359040.0,972.19,51.02,25.9,1.66,0.0
20190826:1210,350285.0,944.54,49.29,26.44,1.79,0.0
20190826:1310,276615.0,730.2,44.14,26.67,1.72,0.0
20190826:1410,184035.0,478.92,36.65,26.44,1.72,0.0
20190826:1510,8445.0,34.93,27.78,25.5,2.0,0.0
20190826:1610,9170.0,36.77,18.23,23.71,1.52,0.0
20190826:1710,12800.0,47.39,8.5,23.33,0.83,0.0
20190826:1810,0.0,0.0,0.0,22.42,0.97,0.0
20190826:1910,0.0,0.0,0.0,21.79,1.66,0.0
20190826:2010,0.0,0.0,0.0,20.57,1.72,0.0
20190826:2110,0.0,0.0,0.0,19.72,1.72,0.0
20190826:2210,0.0,0.0,0.0,18.96,1.66,0.0
20190826:2310,0.0,0.0,0.0,18.25,1.59,0.0
20190827:0010,0.0,0.0,0.0,17.61,1.52,0.0
20190827:0110,0.0,0.0,0.0,17.12,1.59,0.0
20190827:0210,0.0,0.0,0.0,16.71,1.52,0.0
20190827:0310,0.0,0.0,0.0,16.31,1.45,0.0
20190827:0410,0.0,0.0,0.0,15.96,1.45,0.0
20190827:0510,11715.0,45.28,7.19,15.97,1.31,0.0
20190827:0610,75685.0,208.7,16.92,18.43,1.03,0.0
20190827:0710,177340.0,451.78,26.5,20.19,1.24,0.0
20190827:0810,237125.0,607.81,35.45,21.84,1.24,0.0
20190827:0910,288100.0,755.4,43.12,23.26,1.17,0.0
20190827:1010,341285.0,915.57,48.54,24.52,1.38,0.0
20190827:1110,369965.0,1002.77,50.67,25.38,1.66,0.0
20190827:1210,355965.0,960.24,48.93,26.17,1.79,0.0
20190827:1310,285575.0,754.23,43.8,26.57,1.79,0.0
20190827:1410,221760.0,578.24,36.32,26.48,1.72,0.0
20190827:1510,161810.0,427.46,27.46,26.26,1.31,0.0
20190827:1610,70245.0,207.46,17.92,25.38,0.97,0.0
20190827:1710,11890.0,46.79,8.19,24.63,1.45,0.0
20190827:1810,0.0,0.0,0.0,23.61,1.66,0.0
20190827:1910,0.0,0.0,0.0,22.73,1.59,0.0
20190827:2010,0.0,0.0,0.0,21.48,1.66,0.0
20190827:2110,0.0,0.0,0.0,20.39,1.66,0.0
20190827:2210,0.0,0.0,0.0,19.39,1.59,0.0
20190827:2310,0.0,0.0,0.0,18.66,1.45,0.0
20190828:0010,0.0,0.0,0.0,17.89,1.45,0.0
20190828:0110,0.0,0.0,0.0,17.32,1.45,0.0
20190828:0210,0.0,0.0,0.0,17.02,1.38,0.0
20190828:0310,0.0,0.0,0.0,16.84,1.31,0.0
20190828:0410,0.0,0.0,0.0,16.64,1.24,0.0
20190828:0510,5640.0,25.74,6.97,16.59,1.24,0.0
20190828:0610,36320.0,105.89,16.7,18.83,0.9,0.0
20190828:0710,74135.0,197.55,26.27,20.74,1.31,0.0
20190828:0810,60600.0,165.95,35.21,22.27,1.59,0.0
20190828:0910,127680.0,332.01,42.84,24.2,1.86,0.0
20190828:1010,194205.0,504.96,48.23,25.77,1.79,0.0
20190828:1110,289120.0,769.04,50.32,26.84,1.72,0.0
20190828:1210,347840.0,948.12,48.58,27.67,1.59,0.0
20190828:1310,305450.0,822.45,43.45,28.33,1.52,0.0
20190828:1410,202565.0,535.77,35.99,28.71,1.31,0.0
20190828:1510,151630.0,406.64,27.14,28.65,0.97,0.0
20190828:1610,71890.0,218.37,17.61,28.4,0.69,0.0
20190828:1710,8805.0,38.91,7.88,27.15,0.34,0.0
20190828:1810,0.0,0.0,0.0,25.78,0.9,0.0
20190828:1910,0.0,0.0,0.0,23.72,1.66,0.0
20190828:2010,0.0,0.0,0.0,22.13,1.52,0.0
20190828:2110,0.0,0.0,0.0,21.05,1.31,0.0
20190828:2210,0.0,0.0,0.0,20.26,1.38,0.0
20190828:2310,0.0,0.0,0.0,20.23,1.03,0.0
20190829:0010,0.0,0.0,0.0,19.98,0.97,0.0
20190829:0110,0.0,0.0,0.0,19.3,1.03,0.0
20190829:0210,0.0,0.0,0.0,19.08,0.97,0.0
20190829:0310,0.0,0.0,0.0,18.86,0.9,0.0
20190829:0410,0.0,0.0,0.0,19.22,0.76,0.0
20190829:0510,2650.0,16.54,6.76,19.23,0.34,0.0
20190829:0610,59110.0,165.91,16.49,19.64,0.14,0.0
20190829:0710,60260.0,163.76,26.05,20.21,1.17,0.0
20190829:0810,168060.0,428.02,34.96,21.57,1.38,0.0
20190829:0910,145660.0,374.77,42.56,23.07,1.79,0.0
20190829:1010,66055.0,181.07,47.91,24.82,2.07,0.0
20190829:1110,219940.0,571.61,49.97,25.92,2.14,0.0
20190829:1210,283620.0,746.54,48.21,26.47,2.14,0.0
20190829:1310,264155.0,693.97,43.1,26.68,1.86,0.0
20190829:1410,157175.0,411.25,35.65,26.86,1.52,0.0
20190829:1510,163335.0,432.94,26.82,26.88,1.38,0.0
20190829:1610,70855.0,211.54,17.29,25.02,1.59,0.0
20190829:1710,9270.0,38.72,7.56,24.45,1.38,0.0
20190829:1810,0.0,0.0,0.0,23.13,0.83,0.0
20190829:1910,0.0,0.0,0.0,21.69,0.69,0.0
20190829:2010,0.0,0.0,0.0,21.31,0.69,0.0
20190829:2110,0.0,0.0,0.0,19.84,0.97,0.0
20190829:2210,0.0,0.0,0.0,19.17,1.03,0.0
20190829:2310,0.0,0.0,0.0,18.68,1.03,0.0
20190830:0010,0.0,0.0,0.0,17.98,1.1,0.0
20190830:0110,0.0,0.0,0.0,17.28,1.24,0.0
20190830:0210,0.0,0.0,0.0,17.08,1.1,0.0
20190830:0310,0.0,0.0,0.0,16.86,0.97,0.0
20190830:0410,0.0,0.0,0.0,16.52,0.9,0.0
20190830:0510,10975.0,46.58,6.54,16.17,0.9,0.0
20190830:0610,85205.0,235.79,16.27,17.81,0.34,0.0
20190830:0710,183085.0,468.27,25.82,20.15,0.83,0.0
20190830:0810,265835.0,686.1,34.71,22.17,1.24,0.0
20190830:0910,324235.0,858.85,42.27,24.14,1.45,0.0
20190830:1010,357040.0,964.34,47.58,25.77,1.66,0.0
20190830:1110,359075.0,974.65,49.61,26.8,1.79,0.0
20190830:1210,305695.0,819.46,47.85,27.41,1.66,0.0
20190830:1310,293400.0,785.42,42.74,27.51,1.38,0.0
20190830:1410,246665.0,655.59,35.31,27.57,0.97,0.0
20190830:1510,160795.0,430.76,26.49,27.52,0.62,0.0
20190830:1610,69205.0,210.8,16.97,26.99,0.41,0.0
20190830:1710,10175.0,40.59,7.24,26.24,0.14,0.0
20190830:1810,0.0,0.0,0.0,25.11,0.28,0.0
20190830:1910,0.0,0.0,0.0,22.76,1.45,0.0
20190830:2010,0.0,0.0,0.0,21.79,1.59,0.0
20190830:2110,0.0,0.0,0.0,20.69,1.59,0.0
20190830:2210,0.0,0.0,0.0,19.87,1.66,0.0
20190830:2310,0.0,0.0,0.0,19.21,1.66,0.0
20190831:0010,0.0,0.0,0.0,18.55,1.59,0.0
20190831:0110,0.0,0.0,0.0,18.02,1.59,0.0
20190831:0210,0.0,0.0,0.0,17.6,1.66,0.0
20190831:0310,0.0,0.0,0.0,17.32,1.66,0.0
20190831:0410,0.0,0.0,0.0,17.24,1.72,0.0
20190831:0510,10645.0,46.07,6.32,17.36,1.79,0.0
20190831:0610,86025.0,238.04,16.05,18.62,1.45,0.0
20190831:0710,184095.0,470.12,25.59,21.33,1.59,0.0
20190831:0810,264070.0,679.77,34.46,23.55,1.93,0.0
20190831:0910,323900.0,851.1,41.99,25.23,2.28,0.0
20190831:1010,357575.0,955.38,47.26,26.54,2.48,0.0
20190831:1110,369150.0,994.15,49.25,27.54,2.62,0.0
20190831:1210,353825.0,948.87,47.48,28.07,2.69,0.0
20190831:1310,307460.0,815.61,42.39,28.5,2.55,0.0
20190831:1410,241895.0,634.55,34.97,28.55,2.34,0.0
20190831:1510,158420.0,421.09,26.16,28.46,2.14,0.0
20190831:1610,68855.0,210.19,16.65,27.8,2.07,0.0
20190831:1710,9595.0,38.5,6.91,26.77,1.52,0.0
20190831:1810,0.0,0.0,0.0,25.2,1.45,0.0
20190831:1910,0.0,0.0,0.0,23.51,1.24,0.0
20190831:2010,0.0,0.0,0.0,22.57,1.45,0.0
20190831:2110,0.0,0.0,0.0,21.74,1.66,0.0
20190831:2210,0.0,0.0,0.0,20.93,1.79,0.0
20190831:2310,0.0,0.0,0.0,20.07,1.72,0.0
20190901:0010,0.0,0.0,0.0,19.52,1.72,0.0
20190901:0110,0.0,0.0,0.0,19.1,1.72,0.0
20190901:0210,0.0,0.0,0.0,18.73,1.79,0.0
20190901:0310,0.0,0.0,0.0,18.29,1.72,0.0
20190901:0410,0.0,0.0,0.0,17.88,1.66,0.0
20190901:0510,10125.0,45.3,6.1,17.52,1.59,0.0
20190901:0610,85015.0,235.46,15.83,18.68,1.24,0.0
20190901:0710,150975.0,385.12,25.36,21.55,2.14,0.0
20190901:0810,235415.0,594.89,34.21,22.59,2.97,0.0
20190901:0910,261705.0,662.8,41.7,22.5,3.24,0.0
20190901:1010,369130.0,962.4,46.93,22.67,2.9,0.0
20190901:1110,298035.0,770.59,48.89,24.09,2.9,0.0
20190901:1210,332925.0,868.49,47.11,25.15,3.17,0.0
20190901:1310,291605.0,745.06,42.03,23.41,3.24,0.0
20190901:1410,260535.0,663.78,34.62,23.38,2.83,0.0
20190901:1510,174605.0,452.77,25.83,23.84,2.55,0.0
20190901:1610,51370.0,150.17,16.32,23.8,2.9,0.0
20190901:1710,7795.0,32.75,6.59,23.15,2.41,0.0
20190901:1810,0.0,0.0,0.0,22.02,2.21,0.0
20190901:1910,0.0,0.0,0.0,20.93,2.83,0.0
20190901:2010,0.0,0.0,0.0,20.18,2.48,0.0
20190901:2110,0.0,0.0,0.0,19.45,2.28,0.0
20190901:2210,0.0,0.0,0.0,18.83,2.28,0.0
20190901:2310,0.0,0.0,0.0,18.33,2.41,0.0
20190902:0010,0.0,0.0,0.0,17.77,2.34,0.0
20190902:0110,0.0,0.0,0.0,17.29,2.14,0.0
20190902:0210,0.0,0.0,0.0,16.88,1.93,0.0
20190902:0310,0.0,0.0,0.0,16.38,2.14,0.0
20190902:0410,0.0,0.0,0.0,15.99,2.28,0.0
20190902:0510,0.0,5.51,5.88,15.65,2.28,0.0
20190902:0610,15155.0,51.47,15.61,15.63,2.48,0.0
20190902:0710,144370.0,357.44,25.13,15.35,2.55,0.0
20190902:0810,303265.0,748.63,33.95,15.67,2.69,0.0
20190902:0910,344125.0,864.33,41.41,16.71,2.69,0.0
20190902:1010,275595.0,689.93,46.6,18.09,2.62,0.0
20190902:1110,249535.0,626.06,48.53,18.85,2.48,0.0
20190902:1210,187350.0,469.78,46.74,19.48,2.55,0.0
20190902:1310,302800.0,765.64,41.66,19.53,2.62,0.0
20190902:1410,119970.0,304.75,34.27,19.38,2.55,0.0
20190902:1510,106360.0,273.26,25.49,19.16,2.62,0.0
20190902:1610,31905.0,94.81,15.99,19.03,2.62,0.0
20190902:1710,9230.0,36.2,6.26,18.54,2.41,0.0
20190902:1810,0.0,0.0,0.0,17.46,1.86,0.0
20190902:1910,0.0,0.0,0.0,16.64,2.14,0.0
20190902:2010,0.0,0.0,0.0,15.63,1.93,0.0
20190902:2110,0.0,0.0,0.0,14.86,1.79,0.0
20190902:2210,0.0,0.0,0.0,14.15,1.72,0.0
20190902:2310,0.0,0.0,0.0,13.59,1.66,0.0
20190903:0010,0.0,0.0,0.0,13.11,1.52,0.0
20190903:0110,0.0,0.0,0.0,12.38,1.52,0.0
20190903:0210,0.0,0.0,0.0,11.86,1.38,0.0
20190903:0310,0.0,0.0,0.0,11.05,1.38,0.0
20190903:0410,0.0,0.0,0.0,10.49,1.24,0.0
20190903:0510,8120.0,42.02,5.66,10.46,1.03,0.0
20190903:0610,96675.0,261.49,15.39,12.23,0.28,0.0
20190903:0710,200820.0,501.12,24.9,13.83,0.41,0.0
20190903:0810,282480.0,712.89,33.7,15.97,0.9,0.0
20190903:0910,343650.0,889.51,41.12,17.68,1.17,0.0
20190903:1010,375675.0,982.86,46.27,18.83,1.66,0.0
20190903:1110,383490.0,1006.21,48.17,19.67,1.93,0.0
20190903:1210,367260.0,959.35,46.36,20.34,2.0,0.0
20190903:1310,326535.0,840.68,41.3,20.85,2.14,0.0
20190903:1410,267870.0,680.06,33.92,21.08,2.21,0.0
20190903:1510,176860.0,453.93,25.15,21.08,2.21,0.0
20190903:1610,70360.0,210.58,15.66,20.67,2.21,0.0
20190903:1710,8235.0,33.61,5.93,19.94,1.72,0.0
20190903:1810,0.0,0.0,0.0,18.42,1.52,0.0
20190903:1910,0.0,0.0,0.0,16.95,1.52,0.0
20190903:2010,0.0,0.0,0.0,15.52,1.38,0.0
20190903:2110,0.0,0.0,0.0,16.19,0.83,0.0
20190903:2210,0.0,0.0,0.0,16.55,0.34,0.0
20190903:2310,0.0,0.0,0.0,15.96,0.83,0.0
20190904:0010,0.0,0.0,0.0,13.15,1.45,0.0
20190904:0110,0.0,0.0,0.0,12.29,1.72,0.0
20190904:0210,0.0,0.0,0.0,11.92,1.79,0.0
20190904:0310,0.0,0.0,0.0,11.47,1.79,0.0
20190904:0410,0.0,0.0,0.0,11.08,1.72,0.0
20190904:0510,7895.0,41.4,5.44,10.75,1.66,0.0
20190904:0610,96685.0,260.11,15.17,12.07,1.24,0.0
20190904:0710,200895.0,497.1,24.66,14.61,1.52,0.0
20190904:0810,280920.0,702.24,33.44,17.0,1.86,0.0
20190904:0910,345635.0,884.35,40.83,19.12,2.28,0.0
20190904:1010,375650.0,976.41,45.93,20.67,2.55,0.0
20190904:1110,385710.0,1013.98,47.8,21.78,2.48,0.0
20190904:1210,362915.0,952.89,45.99,22.64,2.34,0.0
20190904:1310,325485.0,845.94,40.93,23.29,2.34,0.0
20190904:1410,266050.0,682.88,33.57,23.61,2.34,0.0
20190904:1510,169105.0,439.32,24.81,23.61,2.28,0.0
20190904:1610,67530.0,205.56,15.32,23.23,2.21,0.0
20190904:1710,7240.0,31.03,5.59,22.13,1.52,0.0
20190904:1810,0.0,0.0,0.0,20.35,1.79,0.0
20190904:1910,0.0,0.0,0.0,18.82,1.79,0.0
20190904:2010,0.0,0.0,0.0,17.55,1.86,0.0
20190904:2110,0.0,0.0,0.0,16.65,1.86,0.0
20190904:2210,0.0,0.0,0.0,15.79,1.86,0.0
20190904:2310,0.0,0.0,0.0,14.92,1.86,0.0
20190905:0010,0.0,0.0,0.0,14.31,1.79,0.0
20190905:0110,0.0,0.0,0.0,13.9,1.86,0.0
20190905:0210,0.0,0.0,0.0,13.93,2.07,0.0
20190905:0310,0.0,0.0,0.0,13.39,2.07,0.0
20190905:0410,0.0,0.0,0.0,13.33,1.93,0.0
20190905:0510,3320.0,18.38,5.22,13.22,1.93,0.0
20190905:0610,70280.0,190.24,14.95,13.97,1.79,0.0
20190905:0710,66035.0,173.51,24.43,15.67,2.55,0.0
20190905:0810,90850.0,232.35,33.18,17.02,3.24,0.0
20190905:0910,134220.0,335.08,40.53,17.62,3.52,0.0
20190905:1010,127180.0,319.36,45.59,18.15,3.86,0.0
20190905:1110,187955.0,465.72,47.43,18.34,3.66,0.0
20190905:1210,89645.0,231.87,45.61,18.99,3.59,0.0
20190905:1310,32855.0,96.51,40.56,19.22,3.52,0.0
20190905:1410,91090.0,234.63,33.21,18.84,3.72,0.0
20190905:1510,60575.0,162.34,24.47,18.07,3.45,0.0
20190905:1610,35015.0,102.69,14.99,17.7,3.03,0.0
20190905:1710,3960.0,20.68,5.26,17.28,2.55,0.0
20190905:1810,0.0,0.0,0.0,16.67,2.34,0.0
20190905:1910,0.0,0.0,0.0,15.63,2.34,0.0
20190905:2010,0.0,0.0,0.0,15.19,2.14,0.0
20190905:2110,0.0,0.0,0.0,14.78,1.86,0.0
20190905:2210,0.0,0.0,0.0,14.44,1.86,0.0
20190905:2310,0.0,0.0,0.0,14.18,1.93,0.0
20190906:0010,0.0,0.0,0.0,13.9,1.86,0.0
20190906:0110,0.0,0.0,0.0,13.46,1.79,0.0
20190906:0210,0.0,0.0,0.0,13.23,1.79,0.0
20190906:0310,0.0,0.0,0.0,12.98,1.93,0.0
20190906:0410,0.0,0.0,0.0,12.75,2.07,0.0
20190906:0510,3630.0,19.3,4.99,12.5,2.07,0.0
20190906:0610,63180.0,170.8,14.72,12.51,2.21,0.0
20190906:0710,94830.0,237.66,24.19,12.8,2.62,0.0
20190906:0810,108960.0,271.29,32.92,13.89,2.62,0.0
20190906:0910,273375.0,672.51,40.23,15.02,2.48,0.0
20190906:1010,306040.0,762.88,45.25,16.0,2.48,0.0
20190906:1110,199320.0,494.18,47.06,16.99,2.34,0.0
20190906:1210,82245.0,213.82,45.23,17.81,2.41,0.0
20190906:1310,56000.0,151.66,40.18,17.92,2.28,0.0
20190906:1410,47585.0,131.44,32.85,17.6,2.14,0.0
20190906:1510,20400.0,65.26,24.12,17.51,2.0,0.0
20190906:1610,9160.0,35.85,14.65,17.28,1.79,0.0
20190906:1710,2640.0,16.37,4.92,16.82,1.17,0.0
20190906:1810,0.0,0.0,0.0,16.22,0.55,0.0
20190906:1910,0.0,0.0,0.0,14.65,1.17,0.0
20190906:2010,0.0,0.0,0.0,14.3,1.17,0.0
20190906:2110,0.0,0.0,0.0,13.86,1.1,0.0
20190906:2210,0.0,0.0,0.0,13.42,1.03,0.0
20190906:2310,0.0,0.0,0.0,12.74,0.97,0.0
20190907:0010,0.0,0.0,0.0,12.4,1.03,0.0
20190907:0110,0.0,0.0,0.0,12.15,1.24,0.0
20190907:0210,0.0,0.0,0.0,11.96,1.38,0.0
20190907:0310,0.0,0.0,0.0,11.82,1.38,0.0
20190907:0410,0.0,0.0,0.0,11.74,1.45,0.0
20190907:0510,5755.0,28.69,4.77,11.68,1.59,0.0
20190907:0610,37265.0,105.37,14.49,11.74,1.66,0.0
20190907:0710,43580.0,119.16,23.95,11.98,1.45,0.0
20190907:0810,46410.0,125.92,32.65,12.28,1.52,0.0
20190907:0910,54655.0,145.22,39.93,12.49,1.72,0.0
20190907:1010,123110.0,304.75,44.91,12.98,1.93,0.0
20190907:1110,171145.0,419.48,46.69,13.25,1.72,0.0
20190907:1210,108425.0,272.18,44.84,13.66,1.24,0.0
20190907:1310,197075.0,486.17,39.81,14.23,1.1,0.0
20190907:1410,118550.0,297.06,32.49,14.86,1.1,0.0
20190907:1510,43550.0,120.78,23.77,15.14,1.1,0.0
20190907:1610,17335.0,56.99,14.31,15.1,0.97,0.0
20190907:1710,2940.0,17.24,4.58,14.6,0.9,0.0
20190907:1810,0.0,0.0,0.0,13.87,0.69,0.0
20190907:1910,0.0,0.0,0.0,13.39,0.97,0.0
20190907:2010,0.0,0.0,0.0,12.24,0.83,0.0
20190907:2110,0.0,0.0,0.0,11.97,0.62,0.0
20190907:2210,0.0,0.0,0.0,12.04,0.41,0.0
20190907:2310,0.0,0.0,0.0,11.64,0.21,0.0
20190908:0010,0.0,0.0,0.0,11.33,0.07,0.0
20190908:0110,0.0,0.0,0.0,11.02,0.07,0.0
20190908:0210,0.0,0.0,0.0,10.77,0.14,0.0
20190908:0310,0.0,0.0,0.0,10.55,0.41,0.0
20190908:0410,0.0,0.0,0.0,9.48,0.9,0.0
20190908:0510,3185.0,18.2,4.54,8.52,1.17,0.0
20190908:0610,9190.0,34.93,14.27,9.65,0.76,0.0
20190908:0710,37530.0,104.78,23.71,11.36,0.97,0.0
20190908:0810,39240.0,109.38,32.39,12.59,0.9,0.0
20190908:0910,63150.0,166.36,39.63,14.13,1.24,0.0
20190908:1010,190140.0,469.14,44.57,14.86,1.59,0.0
20190908:1110,87075.0,223.06,46.31,15.09,1.79,0.0
20190908:1210,74230.0,193.02,44.46,15.29,1.79,0.0
20190908:1310,32750.0,94.67,39.43,14.55,1.31,0.0
20190908:1410,23415.0,71.69,32.13,13.39,0.97,0.0
20190908:1510,17510.0,56.99,23.42,13.19,1.17,0.0
20190908:1610,11440.0,41.36,13.96,12.94,1.24,0.0
20190908:1710,1025.0,10.34,4.23,12.52,1.59,0.0
20190908:1810,0.0,0.0,0.0,12.15,1.86,0.0
20190908:1910,0.0,0.0,0.0,11.8,2.21,0.0
20190908:2010,0.0,0.0,0.0,11.71,2.21,0.0
20190908:2110,0.0,0.0,0.0,11.64,2.21,0.0
20190908:2210,0.0,0.0,0.0,11.5,2.14,0.0
20190908:2310,0.0,0.0,0.0,11.38,1.93,0.0
20190909:0010,0.0,0.0,0.0,11.22,2.0,0.0
20190909:0110,0.0,0.0,0.0,11.21,2.21,0.0
20190909:0210,0.0,0.0,0.0,11.1,2.41,0.0
20190909:0310,0.0,0.0,0.0,10.98,2.83,0.0
20190909:0410,0.0,0.0,0.0,10.85,2.97,0.0
20190909:0510,4825.0,25.07,4.32,10.64,2.97,0.0
20190909:0610,4885.0,22.98,14.04,10.61,2.97,0.0
20190909:0710,10905.0,39.52,23.47,10.39,3.38,0.0
20190909:0810,22685.0,68.93,32.12,10.44,3.38,0.0
20190909:0910,37035.0,102.94,39.33,10.59,3.38,0.0
20190909:1010,48010.0,128.68,44.22,11.15,3.24,0.0
20190909:1110,57840.0,151.66,45.94,11.59,3.03,0.0
20190909:1210,73265.0,187.5,44.07,12.05,3.03,0.0
20190909:1310,60360.0,158.09,39.05,12.45,2.83,0.0
20190909:1410,100375.0,250.59,31.76,13.11,2.76,0.0
20190909:1510,67815.0,176.46,23.07,13.5,2.41,0.0
20190909:1610,50520.0,145.65,13.62,13.08,2.07,0.0
20190909:1710,2980.0,17.24,3.89,12.33,2.07,0.0
20190909:1810,0.0,0.0,0.0,11.51,1.93,0.0
20190909:1910,0.0,0.0,0.0,10.67,1.79,0.0
20190909:2010,0.0,0.0,0.0,10.16,1.66,0.0
20190909:2110,0.0,0.0,0.0,9.89,1.52,0.0
20190909:2210,0.0,0.0,0.0,9.6,1.45,0.0
20190909:2310,0.0,0.0,0.0,9.0,1.59,0.0
20190910:0010,0.0,0.0,0.0,8.59,1.38,0.0
20190910:0110,0.0,0.0,0.0,8.07,1.24,0.0
20190910:0210,0.0,0.0,0.0,7.25,1.17,0.0
20190910:0310,0.0,0.0,0.0,7.22,0.83,0.0
20190910:0410,0.0,0.0,0.0,7.18,0.62,0.0
20190910:0510,0.0,4.6,4.09,7.34,0.62,0.0
20190910:0610,24345.0,72.83,13.81,8.62,0.9,0.0
20190910:0710,56165.0,147.4,23.23,10.3,1.31,0.0
20190910:0810,101620.0,252.81,31.85,11.46,1.31,0.0
20190910:0910,107190.0,268.29,39.02,12.71,0.9,0.0
20190910:1010,132860.0,331.28,43.88,13.94,0.76,0.0
20190910:1110,236305.0,594.19,45.56,15.54,0.62,0.0
20190910:1210,271865.0,691.09,43.68,16.61,0.76,0.0
20190910:1310,279765.0,714.9,38.67,17.37,0.69,0.0
20190910:1410,215505.0,547.36,31.4,17.67,0.21,0.0
20190910:1510,120935.0,311.79,22.71,17.77,0.28,0.0
20190910:1610,47925.0,142.63,13.27,17.5,0.55,0.0
20190910:1710,3165.0,18.1,3.54,16.65,1.17,0.0
20190910:1810,0.0,0.0,0.0,15.01,1.86,0.0
20190910:1910,0.0,0.0,0.0,13.36,1.72,0.0
20190910:2010,0.0,0.0,0.0,12.4,1.72,0.0
20190910:2110,0.0,0.0,0.0,11.46,1.66,0.0
20190910:2210,0.0,0.0,0.0,10.53,1.52,0.0
20190910:2310,0.0,0.0,0.0,9.75,1.45,0.0
20190911:0010,0.0,0.0,0.0,9.25,1.52,0.0
20190911:0110,0.0,0.0,0.0,8.94,1.59,0.0
20190911:0210,0.0,0.0,0.0,8.8,1.66,0.0
20190911:0310,0.0,0.0,0.0,8.62,1.66,0.0
20190911:0410,0.0,0.0,0.0,8.49,1.66,0.0
20190911:0510,4990.0,30.71,3.86,8.29,1.59,0.0
20190911:0610,97845.0,260.09,13.58,8.97,1.1,0.0
20190911:0710,196430.0,482.59,22.98,11.89,0.83,0.0
20190911:0810,274720.0,685.79,31.58,14.55,0.97,0.0
20190911:0910,337410.0,872.97,38.71,16.39,0.76,0.0
20190911:1010,364245.0,969.56,43.53,17.62,0.48,0.0
20190911:1110,371685.0,997.33,45.18,18.6,0.55,0.0
20190911:1210,359410.0,952.66,43.29,19.34,0.9,0.0
20190911:1310,321315.0,828.25,38.29,19.85,1.59,0.0
20190911:1410,258150.0,651.24,31.03,20.16,2.21,0.0
20190911:1510,117635.0,303.12,22.36,19.88,2.28,0.0
20190911:1610,56625.0,174.59,12.92,19.37,2.14,0.0
20190911:1710,1880.0,13.79,3.2,18.29,1.72,0.0
20190911:1810,0.0,0.0,0.0,16.8,1.72,0.0
20190911:1910,0.0,0.0,0.0,15.65,1.72,0.0
20190911:2010,0.0,0.0,0.0,14.45,1.66,0.0
20190911:2110,0.0,0.0,0.0,14.11,1.79,0.0
20190911:2210,0.0,0.0,0.0,13.17,1.93,0.0
20190911:2310,0.0,0.0,0.0,12.73,2.07,0.0
20190912:0010,0.0,0.0,0.0,12.53,2.14,0.0
20190912:0110,0.0,0.0,0.0,12.53,1.93,0.0
20190912:0210,0.0,0.0,0.0,12.76,1.72,0.0
20190912:0310,0.0,0.0,0.0,13.1,1.79,0.0
20190912:0410,0.0,0.0,0.0,13.49,1.93,0.0
20190912:0510,1190.0,11.03,3.63,13.63,1.93,0.0
20190912:0610,41250.0,116.87,13.35,14.02,1.86,0.0
20190912:0710,107325.0,269.15,22.74,14.25,1.66,0.0
20190912:0810,216950.0,533.6,31.31,15.0,1.59,0.0
20190912:0910,148565.0,369.28,38.4,16.4,2.0,0.0
20190912:1010,305440.0,769.45,43.18,17.48,2.21,0.0
20190912:1110,190870.0,476.05,44.8,18.41,2.41,0.0
20190912:1210,332965.0,846.36,42.9,18.52,2.41,0.0
20190912:1310,288055.0,723.54,37.9,19.07,2.62,0.0
20190912:1410,217765.0,541.69,30.66,19.45,3.03,0.0
20190912:1510,130360.0,333.07,22.0,19.26,2.9,0.0
20190912:1610,34550.0,104.47,12.57,18.78,2.14,0.0
20190912:1710,1650.0,12.93,2.85,18.02,1.79,0.0
20190912:1810,0.0,0.0,0.0,17.12,1.59,0.0
20190912:1910,0.0,0.0,0.0,16.58,1.79,0.0
20190912:2010,0.0,0.0,0.0,15.84,1.79,0.0
20190912:2110,0.0,0.0,0.0,15.29,1.72,0.0
20190912:2210,0.0,0.0,0.0,14.8,1.72,0.0
20190912:2310,0.0,0.0,0.0,14.1,1.79,0.0
20190913:0010,0.0,0.0,0.0,13.56,1.72,0.0
20190913:0110,0.0,0.0,0.0,13.38,1.72,0.0
20190913:0210,0.0,0.0,0.0,13.14,1.72,0.0
20190913:0310,0.0,0.0,0.0,12.81,1.72,0.0
20190913:0410,0.0,0.0,0.0,12.72,1.66,0.0
20190913:0510,2715.0,16.37,3.4,12.57,1.66,0.0
20190913:0610,43990.0,123.71,13.12,13.17,1.31,0.0
20190913:0710,61805.0,164.01,22.49,15.64,1.31,0.0
20190913:0810,113035.0,286.27,31.03,17.72,1.72,0.0
20190913:0910,188600.0,469.66,38.09,19.28,2.83,0.0
20190913:1010,127680.0,323.59,42.83,20.24,3.52,0.0
20190913:1110,236185.0,592.62,44.41,20.93,3.31,0.0
20190913:1210,88910.0,232.46,42.51,21.09,3.1,0.0
20190913:1310,40000.0,114.89,37.52,21.27,3.03,0.0
20190913:1410,96845.0,251.19,30.29,21.23,2.76,0.0
20190913:1510,17930.0,59.74,21.64,20.69,2.14,0.0
20190913:1610,21170.0,68.58,12.22,20.17,2.07,0.0
20190913:1710,0.0,3.45,2.5,19.26,1.93,0.0
20190913:1810,0.0,0.0,0.0,18.42,1.72,0.0
20190913:1910,0.0,0.0,0.0,17.63,1.59,0.0
20190913:2010,0.0,0.0,0.0,16.97,1.66,0.0
20190913:2110,0.0,0.0,0.0,16.42,1.66,0.0
20190913:2210,0.0,0.0,0.0,16.01,1.66,0.0
20190913:2310,0.0,0.0,0.0,15.57,1.72,0.0
20190914:0010,0.0,0.0,0.0,15.21,1.86,0.0
20190914:0110,0.0,0.0,0.0,15.01,1.86,0.0
20190914:0210,0.0,0.0,0.0,14.73,1.86,0.0
20190914:0310,0.0,0.0,0.0,14.46,1.93,0.0
20190914:0410,0.0,0.0,0.0,14.44,2.07,0.0
20190914:0510,1230.0,11.2,3.17,14.46,2.07,0.0
20190914:0610,55320.0,153.4,12.88,14.6,1.86,0.0
20190914:0710,189280.0,464.05,22.24,14.95,2.83,0.0
20190914:0810,242670.0,593.14,30.76,15.89,2.97,0.0
20190914:0910,298080.0,740.85,37.78,16.92,2.76,0.0
20190914:1010,332225.0,838.22,42.47,17.64,2.62,0.0
20190914:1110,245230.0,613.8,44.03,18.85,2.48,0.0
20190914:1210,105980.0,272.45,42.11,19.72,2.28,0.0
20190914:1310,239730.0,602.66,37.13,19.99,2.28,0.0
20190914:1410,193980.0,485.67,29.91,19.82,2.34,0.0
20190914:1510,108165.0,279.74,21.28,19.48,2.21,0.0
20190914:1610,51330.0,160.98,11.86,18.96,2.28,0.0
20190914:1710,575.0,8.62,2.14,17.95,2.28,0.0
20190914:1810,0.0,0.0,0.0,16.67,2.28,0.0
20190914:1910,0.0,0.0,0.0,15.78,1.93,0.0
20190914:2010,0.0,0.0,0.0,15.02,1.86,0.0
20190914:2110,0.0,0.0,0.0,14.32,1.79,0.0
20190914:2210,0.0,0.0,0.0,13.71,1.79,0.0
20190914:2310,0.0,0.0,0.0,13.25,1.72,0.0
20190915:0010,0.0,0.0,0.0,12.8,1.72,0.0
20190915:0110,0.0,0.0,0.0,12.42,1.66,0.0
20190915:0210,0.0,0.0,0.0,12.05,1.52,0.0
20190915:0310,0.0,0.0,0.0,11.65,1.52,0.0
20190915:0410,0.0,0.0,0.0,11.27,1.59,0.0
20190915:0510,1730.0,12.93,2.94,11.01,1.66,0.0
20190915:0610,82535.0,222.13,12.65,11.64,1.38,0.0
20190915:0710,190385.0,471.45,21.99,14.51,1.24,0.0
20190915:0810,264170.0,660.45,30.48,16.72,1.45,0.0
20190915:0910,330535.0,850.89,37.46,18.79,1.52,0.0
20190915:1010,346100.0,902.09,42.12,20.56,1.79,0.0
20190915:1110,303215.0,781.78,43.64,21.88,2.21,0.0
20190915:1210,346325.0,904.11,41.72,22.83,2.41,0.0
20190915:1310,305540.0,788.42,36.74,23.5,2.55,0.0
20190915:1410,243320.0,621.02,29.54,23.88,2.76,0.0
20190915:1510,146605.0,383.06,20.92,23.88,2.83,0.0
20190915:1610,48800.0,157.5,11.51,23.27,2.21,0.0
20190915:1710,0.0,0.0,0.0,21.66,1.86,0.0
20190915:1810,0.0,0.0,0.0,19.91,2.0,0.0
20190915:1910,0.0,0.0,0.0,18.78,2.07,0.0
20190915:2010,0.0,0.0,0.0,17.67,2.07,0.0
20190915:2110,0.0,0.0,0.0,16.73,1.93,0.0
20190915:2210,0.0,0.0,0.0,15.89,1.86,0.0
20190915:2310,0.0,0.0,0.0,15.08,1.86,0.0
20190916:0010,0.0,0.0,0.0,14.23,1.93,0.0
20190916:0110,0.0,0.0,0.0,13.35,1.86,0.0
20190916:0210,0.0,0.0,0.0,12.54,1.72,0.0
20190916:0310,0.0,0.0,0.0,11.78,1.66,0.0
20190916:0410,0.0,0.0,0.0,11.16,1.59,0.0
20190916:0510,1495.0,12.07,2.71,10.7,1.59,0.0
20190916:0610,83850.0,225.57,12.41,11.35,1.17,0.0
20190916:0710,152975.0,379.67,21.74,14.1,0.83,0.0
20190916:0810,146490.0,365.64,30.2,16.24,0.9,0.0
20190916:0910,226090.0,572.32,37.15,18.1,0.69,0.0
20190916:1010,155825.0,395.19,41.76,19.78,1.31,0.0
20190916:1110,315175.0,813.59,43.26,21.2,2.07,0.0
20190916:1210,148985.0,379.58,41.32,22.2,2.62,0.0
20190916:1310,100460.0,261.9,36.35,22.88,3.03,0.0
20190916:1410,77700.0,206.85,29.16,22.98,3.31,0.0
20190916:1510,44180.0,125.76,20.56,22.47,3.24,0.0
20190916:1610,12640.0,45.96,11.15,21.47,2.48,0.0
20190916:1710,0.0,0.0,0.0,20.05,1.93,0.0
20190916:1810,0.0,0.0,0.0,18.93,1.59,0.0
20190916:1910,0.0,0.0,0.0,17.45,2.21,0.0
20190916:2010,0.0,0.0,0.0,16.76,2.0,0.0
20190916:2110,0.0,0.0,0.0,16.03,1.93,0.0
20190916:2210,0.0,0.0,0.0,15.5,1.93,0.0
20190916:2310,0.0,0.0,0.0,15.15,1.93,0.0
20190917:0010,0.0,0.0,0.0,14.93,2.0,0.0
20190917:0110,0.0,0.0,0.0,14.66,1.86,0.0
20190917:0210,0.0,0.0,0.0,14.42,1.79,0.0
20190917:0310,0.0,0.0,0.0,14.08,1.72,0.0
20190917:0410,0.0,0.0,0.0,13.88,1.66,0.0
20190917:0510,0.0,1.72,2.48,13.63,1.66,0.0
20190917:0610,30965.0,91.12,12.17,13.38,1.72,0.0
20190917:0710,30285.0,88.24,21.49,13.41,2.07,0.0
20190917:0810,77095.0,197.61,29.92,13.5,2.14,0.0
20190917:0910,228775.0,556.87,36.83,14.03,2.48,0.0
20190917:1010,206265.0,502.8,41.4,15.04,3.17,0.0
20190917:1110,266580.0,651.42,42.87,16.15,4.07,0.0
20190917:1210,303925.0,747.35,40.92,16.78,4.14,0.0
20190917:1310,286620.0,702.83,35.96,17.11,4.14,0.0
20190917:1410,241160.0,589.47,28.79,17.42,4.34,0.0
20190917:1510,125985.0,318.45,20.19,17.24,4.55,0.0
20190917:1610,42790.0,133.14,10.8,16.63,4.34,0.0
20190917:1710,0.0,0.0,0.0,15.71,3.66,0.0
20190917:1810,0.0,0.0,0.0,14.77,3.52,0.0
20190917:1910,0.0,0.0,0.0,14.0,3.59,0.0
20190917:2010,0.0,0.0,0.0,13.56,3.79,0.0
20190917:2110,0.0,0.0,0.0,13.04,3.86,0.0
20190917:2210,0.0,0.0,0.0,12.19,3.59,0.0
20190917:2310,0.0,0.0,0.0,11.35,3.31,0.0
20190918:0010,0.0,0.0,0.0,10.52,2.9,0.0
20190918:0110,0.0,0.0,0.0,9.76,2.48,0.0
20190918:0210,0.0,0.0,0.0,9.1,2.21,0.0
20190918:0310,0.0,0.0,0.0,8.51,1.93,0.0
20190918:0410,0.0,0.0,0.0,7.97,1.79,0.0
20190918:0510,635.0,8.62,2.25,7.54,1.79,0.0
20190918:0610,89800.0,237.05,11.94,7.81,1.59,0.0
20190918:0710,203985.0,488.25,21.23,8.55,1.93,0.0
20190918:0810,284535.0,684.44,29.64,9.98,2.14,0.0
20190918:0910,331315.0,812.44,36.51,11.38,2.14,0.0
20190918:1010,327030.0,807.8,41.05,12.54,2.14,0.0
20190918:1110,344900.0,861.41,42.48,13.42,2.07,0.0
20190918:1210,293420.0,725.54,40.53,14.13,2.07,0.0
20190918:1310,272485.0,670.93,35.57,14.5,2.07,0.0
20190918:1410,246380.0,604.49,28.41,14.79,2.21,0.0
20190918:1510,142475.0,358.21,19.83,14.75,2.28,0.0
20190918:1610,46895.0,148.0,10.44,14.36,2.21,0.0
20190918:1710,0.0,0.0,0.0,13.49,1.59,0.0
20190918:1810,0.0,0.0,0.0,12.12,1.66,0.0
20190918:1910,0.0,0.0,0.0,10.96,1.79,0.0
20190918:2010,0.0,0.0,0.0,10.11,1.72,0.0
20190918:2110,0.0,0.0,0.0,9.65,1.72,0.0
20190918:2210,0.0,0.0,0.0,9.05,1.72,0.0
20190918:2310,0.0,0.0,0.0,8.19,1.79,0.0
20190919:0010,0.0,0.0,0.0,7.83,1.79,0.0
20190919:0110,0.0,0.0,0.0,7.57,1.79,0.0
20190919:0210,0.0,0.0,0.0,6.78,1.79,0.0
20190919:0310,0.0,0.0,0.0,6.4,1.72,0.0
20190919:0410,0.0,0.0,0.0,6.08,1.72,0.0
20190919:0510,0.0,0.0,0.0,5.64,1.72,0.0
20190919:0610,90755.0,237.33,11.7,5.89,1.45,0.0
20190919:0710,206935.0,495.66,20.98,7.9,1.52,0.0
20190919:0810,287725.0,693.59,29.35,9.75,1.93,0.0
20190919:0910,257565.0,622.44,36.19,10.99,2.0,0.0
20190919:1010,232925.0,564.83,40.69,11.89,2.0,0.0
20190919:1110,328470.0,814.64,42.09,12.69,2.0,0.0
20190919:1210,339730.0,845.51,40.13,13.19,2.07,0.0
20190919:1310,268765.0,657.88,35.18,13.56,2.14,0.0
20190919:1410,243530.0,592.05,28.03,13.68,2.62,0.0
20190919:1510,135925.0,339.39,19.46,13.26,2.55,0.0
20190919:1610,44645.0,139.87,10.08,12.73,2.34,0.0
20190919:1710,0.0,0.0,0.0,11.78,1.72,0.0
20190919:1810,0.0,0.0,0.0,10.46,1.79,0.0
20190919:1910,0.0,0.0,0.0,9.38,1.86,0.0
20190919:2010,0.0,0.0,0.0,8.55,1.79,0.0
20190919:2110,0.0,0.0,0.0,7.86,1.72,0.0
20190919:2210,0.0,0.0,0.0,6.93,1.52,0.0
20190919:2310,0.0,0.0,0.0,6.29,1.59,0.0
20190920:0010,0.0,0.0,0.0,5.65,1.59,0.0
20190920:0110,0.0,0.0,0.0,5.11,1.45,0.0
20190920:0210,0.0,0.0,0.0,4.75,1.45,0.0
20190920:0310,0.0,0.0,0.0,4.53,1.52,0.0
20190920:0410,0.0,0.0,0.0,4.35,1.52,0.0
20190920:0510,0.0,0.0,0.0,4.19,1.52,0.0
20190920:0610,84690.0,221.23,11.46,4.78,1.31,0.0
20190920:0710,191725.0,460.38,20.72,7.17,0.76,0.0
20190920:0810,267260.0,649.68,29.07,9.99,1.03,0.0
20190920:0910,338055.0,844.74,35.87,11.72,1.17,0.0
20190920:1010,356485.0,907.14,40.32,12.88,1.03,0.0
20190920:1110,359740.0,925.36,41.7,13.89,0.9,0.0
20190920:1210,340375.0,871.77,39.73,14.68,0.9,0.0
20190920:1310,269870.0,675.52,34.79,15.26,1.03,0.0
20190920:1410,186890.0,462.44,27.65,15.53,1.24,0.0
20190920:1510,147625.0,375.06,19.1,15.47,1.45,0.0
20190920:1610,41625.0,134.31,9.73,15.05,1.31,0.0
20190920:1710,0.0,0.0,0.0,14.1,1.24,0.0
20190920:1810,0.0,0.0,0.0,12.63,1.52,0.0
20190920:1910,0.0,0.0,0.0,11.51,1.79,0.0
20190920:2010,0.0,0.0,0.0,10.35,1.93,0.0
20190920:2110,0.0,0.0,0.0,9.52,2.0,0.0
20190920:2210,0.0,0.0,0.0,8.94,2.0,0.0
20190920:2310,0.0,0.0,0.0,8.44,2.0,0.0
20190921:0010,0.0,0.0,0.0,7.93,2.0,0.0
20190921:0110,0.0,0.0,0.0,7.55,2.07,0.0
20190921:0210,0.0,0.0,0.0,7.21,2.07,0.0
20190921:0310,0.0,0.0,0.0,6.91,2.07,0.0
20190921:0410,0.0,0.0,0.0,7.1,2.0,0.0
20190921:0510,0.0,0.0,0.0,6.61,2.0,0.0
20190921:0610,85500.0,225.43,11.22,7.15,1.79,0.0
20190921:0710,197245.0,475.08,20.46,9.11,1.45,0.0
20190921:0810,279010.0,679.95,28.78,12.02,1.79,0.0
20190921:0910,342390.0,854.15,35.54,14.41,2.21,0.0
20190921:1010,366575.0,931.47,39.96,16.29,2.28,0.0
20190921:1110,366020.0,938.71,41.31,17.88,2.28,0.0
20190921:1210,345845.0,884.56,39.33,19.11,2.41,0.0
20190921:1310,305335.0,772.39,34.4,19.92,2.62,0.0
20190921:1410,245915.0,615.79,27.28,20.2,2.9,0.0
20190921:1510,142235.0,366.55,18.73,20.05,3.03,0.0
20190921:1610,40555.0,134.96,9.37,19.14,2.41,0.0
20190921:1710,0.0,0.0,0.0,17.25,2.41,0.0
20190921:1810,0.0,0.0,0.0,15.56,2.62,0.0
20190921:1910,0.0,0.0,0.0,14.67,2.76,0.0
20190921:2010,0.0,0.0,0.0,13.79,2.69,0.0
20190921:2110,0.0,0.0,0.0,13.02,2.41,0.0
20190921:2210,0.0,0.0,0.0,12.29,2.28,0.0
20190921:2310,0.0,0.0,0.0,11.66,2.34,0.0
20190922:0010,0.0,0.0,0.0,11.15,2.41,0.0
20190922:0110,0.0,0.0,0.0,10.73,2.34,0.0
20190922:0210,0.0,0.0,0.0,10.25,2.14,0.0
20190922:0310,0.0,0.0,0.0,9.78,2.07,0.0
20190922:0410,0.0,0.0,0.0,9.36,2.21,0.0
20190922:0510,0.0,0.0,0.0,9.07,2.28,0.0
20190922:0610,82135.0,219.11,10.97,9.35,2.07,0.0
20190922:0710,195645.0,473.1,20.2,10.92,2.0,0.0
20190922:0810,276040.0,673.73,28.5,13.42,2.21,0.0
20190922:0910,337350.0,847.21,35.22,15.77,2.14,0.0
20190922:1010,347975.0,889.08,39.6,17.72,2.07,0.0
20190922:1110,354790.0,917.46,40.92,19.22,2.0,0.0
20190922:1210,305990.0,784.83,38.93,20.34,1.93,0.0
20190922:1310,226395.0,572.44,34.0,21.05,2.0,0.0
20190922:1410,143390.0,364.37,26.9,21.27,2.0,0.0
20190922:1510,61690.0,168.45,18.36,21.13,1.86,0.0
20190922:1610,10330.0,39.52,9.01,20.39,1.38,0.0
20190922:1710,0.0,0.0,0.0,18.83,1.72,0.0
20190922:1810,0.0,0.0,0.0,17.11,1.79,0.0
20190922:1910,0.0,0.0,0.0,15.42,1.66,0.0
20190922:2010,0.0,0.0,0.0,14.59,1.52,0.0
20190922:2110,0.0,0.0,0.0,13.5,1.38,0.0
20190922:2210,0.0,0.0,0.0,12.52,1.31,0.0
20190922:2310,0.0,0.0,0.0,11.85,1.45,0.0
20190923:0010,0.0,0.0,0.0,11.34,1.52,0.0
20190923:0110,0.0,0.0,0.0,10.66,1.52,0.0
20190923:0210,0.0,0.0,0.0,9.9,1.45,0.0
20190923:0310,0.0,0.0,0.0,9.73,1.31,0.0
20190923:0410,0.0,0.0,0.0,10.28,0.97,0.0
20190923:0510,0.0,0.0,0.0,11.13,0.62,0.0
20190923:0610,54785.0,150.61,10.73,10.19,1.31,0.0
20190923:0710,73305.0,188.27,19.94,12.82,1.79,0.0
20190923:0810,16370.0,54.23,28.21,14.06,3.17,0.0
20190923:0910,25925.0,78.13,34.89,15.23,4.83,0.0
20190923:1010,27890.0,82.72,39.23,14.65,4.48,0.0
20190923:1110,26800.0,79.96,40.53,14.2,4.07,0.0
20190923:1210,26440.0,79.05,38.53,13.96,3.45,0.0
20190923:1310,32645.0,93.75,33.61,13.4,3.17,0.0
20190923:1410,17890.0,57.91,26.52,13.33,2.76,0.0
20190923:1510,18245.0,58.82,18.0,13.37,2.21,0.0
20190923:1610,1435.0,11.95,8.65,13.36,2.41,0.0
20190923:1710,0.0,0.0,0.0,13.03,2.28,0.0
20190923:1810,0.0,0.0,0.0,12.86,2.14,0.0
20190923:1910,0.0,0.0,0.0,12.96,2.34,0.0
20190923:2010,0.0,0.0,0.0,12.89,2.14,0.0
20190923:2110,0.0,0.0,0.0,12.75,1.86,0.0
20190923:2210,0.0,0.0,0.0,12.53,1.66,0.0
20190923:2310,0.0,0.0,0.0,12.36,1.66,0.0
20190924:0010,0.0,0.0,0.0,12.19,1.72,0.0
20190924:0110,0.0,0.0,0.0,11.9,1.59,0.0
20190924:0210,0.0,0.0,0.0,11.67,1.45,0.0
20190924:0310,0.0,0.0,0.0,11.3,1.31,0.0
20190924:0410,0.0,0.0,0.0,10.95,1.24,0.0
20190924:0510,0.0,0.0,0.0,10.29,1.38,0.0
20190924:0610,5515.0,24.82,10.49,10.47,0.97,0.0
20190924:0710,63075.0,164.06,19.68,12.16,2.14,0.0
20190924:0810,103880.0,259.53,27.92,13.18,1.24,0.0
20190924:0910,131480.0,326.69,34.57,14.48,1.17,0.0
20190924:1010,283025.0,713.14,38.87,15.74,1.1,0.0
20190924:1110,264505.0,670.49,40.14,16.85,0.83,0.0
20190924:1210,243275.0,610.82,38.13,17.42,1.31,0.0
20190924:1310,167725.0,418.39,33.22,17.82,1.66,0.0
20190924:1410,41755.0,117.65,26.14,17.75,1.66,0.0
20190924:1510,8825.0,34.93,17.63,17.43,1.72,0.0
20190924:1610,13445.0,48.36,8.3,16.93,1.72,0.0
20190924:1710,0.0,0.0,0.0,16.05,1.86,0.0
20190924:1810,0.0,0.0,0.0,15.16,2.0,0.0
20190924:1910,0.0,0.0,0.0,14.19,1.79,0.0
20190924:2010,0.0,0.0,0.0,13.59,1.79,0.0
20190924:2110,0.0,0.0,0.0,13.14,2.07,0.0
20190924:2210,0.0,0.0,0.0,12.87,2.14,0.0
20190924:2310,0.0,0.0,0.0,12.66,2.14,0.0
20190925:0010,0.0,0.0,0.0,12.6,2.14,0.0
20190925:0110,0.0,0.0,0.0,12.54,2.07,0.0
20190925:0210,0.0,0.0,0.0,12.31,2.21,0.0
20190925:0310,0.0,0.0,0.0,12.14,2.41,0.0
20190925:0410,0.0,0.0,0.0,11.95,2.28,0.0
20190925:0510,0.0,0.0,0.0,11.91,2.28,0.0
20190925:0610,32360.0,94.95,10.24,12.13,2.41,0.0
20190925:0710,48590.0,131.08,19.42,13.2,2.83,0.0
20190925:0810,56100.0,148.86,27.62,13.96,3.72,0.0
20190925:0910,209640.0,508.33,34.24,15.39,3.79,0.0
20190925:1010,138615.0,342.57,38.5,16.25,3.79,0.0
20190925:1110,173790.0,427.04,39.75,16.73,3.59,0.0
20190925:1210,15795.0,53.31,37.73,16.72,3.38,0.0
20190925:1310,32450.0,94.67,32.83,16.93,3.03,0.0
20190925:1410,141215.0,348.9,25.76,16.33,3.1,0.0
20190925:1510,111720.0,284.05,17.27,14.99,3.1,0.0
20190925:1610,20600.0,69.85,7.94,14.73,2.07,0.0
20190925:1710,0.0,0.0,0.0,14.29,1.66,0.0
20190925:1810,0.0,0.0,0.0,13.61,1.59,0.0
20190925:1910,0.0,0.0,0.0,13.09,2.14,0.0
20190925:2010,0.0,0.0,0.0,12.65,2.21,0.0
20190925:2110,0.0,0.0,0.0,12.47,2.14,0.0
20190925:2210,0.0,0.0,0.0,12.18,2.07,0.0
20190925:2310,0.0,0.0,0.0,11.87,2.14,0.0
20190926:0010,0.0,0.0,0.0,11.83,2.14,0.0
20190926:0110,0.0,0.0,0.0,11.95,2.0,0.0
20190926:0210,0.0,0.0,0.0,11.64,2.0,0.0
20190926:0310,0.0,0.0,0.0,11.75,2.0,0.0
20190926:0410,0.0,0.0,0.0,11.83,1.86,0.0
20190926:0510,0.0,0.0,0.0,11.61,1.72,0.0
20190926:0610,35730.0,103.57,10.0,11.64,1.45,0.0
20190926:0710,101875.0,253.34,19.15,12.32,2.21,0.0
20190926:0810,55230.0,147.06,27.33,13.84,2.48,0.0
20190926:0910,86840.0,221.46,33.91,15.25,2.83,0.0
20190926:1010,142305.0,352.45,38.14,16.55,3.17,0.0
20190926:1110,104360.0,265.06,39.35,17.7,3.24,0.0
20190926:1210,52135.0,142.47,37.33,18.27,3.03,0.0
20190926:1310,49475.0,136.03,32.43,18.05,2.9,0.0
20190926:1410,28265.0,84.56,25.38,17.01,2.62,0.0
20190926:1510,22355.0,69.85,16.9,16.36,1.79,0.0
20190926:1610,14475.0,51.71,7.58,15.74,1.79,0.0
20190926:1710,0.0,0.0,0.0,15.26,1.86,0.0
20190926:1810,0.0,0.0,0.0,14.92,1.93,0.0
20190926:1910,0.0,0.0,0.0,14.24,1.79,0.0
20190926:2010,0.0,0.0,0.0,14.17,1.93,0.0
20190926:2110,0.0,0.0,0.0,14.12,1.93,0.0
20190926:2210,0.0,0.0,0.0,14.08,2.0,0.0
20190926:2310,0.0,0.0,0.0,13.96,2.07,0.0
20190927:0010,0.0,0.0,0.0,13.59,2.21,0.0
20190927:0110,0.0,0.0,0.0,13.32,2.28,0.0
20190927:0210,0.0,0.0,0.0,13.1,2.28,0.0
20190927:0310,0.0,0.0,0.0,13.2,2.34,0.0
20190927:0410,0.0,0.0,0.0,13.41,2.41,0.0
20190927:0510,0.0,0.0,0.0,13.46,2.41,0.0
20190927:0610,5425.0,24.82,9.75,13.53,2.34,0.0
20190927:0710,15995.0,53.31,18.89,14.15,2.41,0.0
20190927:0810,45465.0,125.0,27.04,15.11,2.34,0.0
20190927:0910,228620.0,560.6,33.58,16.39,2.76,0.0
20190927:1010,191030.0,470.9,37.77,17.74,3.24,0.0
20190927:1110,130725.0,327.79,38.96,18.66,3.72,0.0
20190927:1210,22880.0,71.69,36.93,18.63,3.93,0.0
20190927:1310,15355.0,52.39,32.04,17.78,3.38,0.0
20190927:1410,34285.0,99.27,25.0,17.18,2.41,0.0
20190927:1510,23395.0,72.61,16.54,17.16,2.69,0.0
20190927:1610,3270.0,18.38,7.23,16.0,2.9,0.0
20190927:1710,0.0,0.0,0.0,15.03,2.69,0.0
20190927:1810,0.0,0.0,0.0,14.45,2.41,0.0
20190927:1910,0.0,0.0,0.0,13.45,2.28,0.0
20190927:2010,0.0,0.0,0.0,13.39,2.55,0.0
20190927:2110,0.0,0.0,0.0,13.28,2.48,0.0
20190927:2210,0.0,0.0,0.0,12.81,2.14,0.0
20190927:2310,0.0,0.0,0.0,12.27,1.86,0.0
20190928:0010,0.0,0.0,0.0,12.01,1.66,0.0
20190928:0110,0.0,0.0,0.0,11.62,1.72,0.0
20190928:0210,0.0,0.0,0.0,11.32,1.93,0.0
20190928:0310,0.0,0.0,0.0,11.63,1.86,0.0
20190928:0410,0.0,0.0,0.0,11.63,2.21,0.0
20190928:0510,0.0,0.0,0.0,11.63,2.41,0.0
20190928:0610,9770.0,36.77,9.5,11.98,2.48,0.0
20190928:0710,66715.0,172.58,18.62,12.72,2.69,0.0
20190928:0810,46180.0,125.92,26.74,13.93,3.1,0.0
20190928:0910,107740.0,268.73,33.25,14.72,3.31,0.0
20190928:1010,210465.0,512.18,37.4,15.6,3.59,0.0
20190928:1110,120150.0,299.58,38.57,16.47,4.14,0.0
20190928:1210,96515.0,244.91,36.53,16.89,4.34,0.0
20190928:1310,81790.0,210.79,31.65,17.26,4.48,0.0
20190928:1410,84820.0,217.22,24.63,17.01,4.55,0.0
20190928:1510,36030.0,103.19,16.17,16.4,4.0,0.0
20190928:1610,20890.0,73.79,6.87,15.71,2.97,0.0
20190928:1710,0.0,0.0,0.0,15.17,2.76,0.0
20190928:1810,0.0,0.0,0.0,14.57,2.76,0.0
20190928:1910,0.0,0.0,0.0,13.33,2.55,0.0
20190928:2010,0.0,0.0,0.0,12.91,2.48,0.0
20190928:2110,0.0,0.0,0.0,12.54,2.48,0.0
20190928:2210,0.0,0.0,0.0,12.26,2.48,0.0
20190928:2310,0.0,0.0,0.0,12.14,2.41,0.0
20190929:0010,0.0,0.0,0.0,11.89,2.41,0.0
20190929:0110,0.0,0.0,0.0,11.83,2.41,0.0
20190929:0210,0.0,0.0,0.0,11.6,2.34,0.0
20190929:0310,0.0,0.0,0.0,11.49,2.28,0.0
20190929:0410,0.0,0.0,0.0,11.05,2.34,0.0
20190929:0510,0.0,0.0,0.0,10.7,2.34,0.0
20190929:0610,74065.0,200.76,9.25,10.66,2.34,0.0
20190929:0710,183995.0,446.13,18.35,12.13,2.41,0.0
20190929:0810,292100.0,710.2,26.45,13.95,2.97,0.0
20190929:0910,255860.0,623.1,32.92,15.7,3.52,0.0
20190929:1010,285095.0,700.07,37.04,17.19,4.07,0.0
20190929:1110,359965.0,901.49,38.18,18.51,4.14,0.0
20190929:1210,337335.0,843.93,36.13,19.56,4.21,0.0
20190929:1310,295710.0,735.85,31.26,20.59,4.41,0.0
20190929:1410,199580.0,496.13,24.25,21.1,4.55,0.0
20190929:1510,33075.0,97.91,15.81,21.02,4.14,0.0
20190929:1610,1135.0,11.03,6.52,20.07,3.52,0.0
20190929:1710,0.0,0.0,0.0,18.81,3.59,0.0
20190929:1810,0.0,0.0,0.0,17.9,3.79,0.0
20190929:1910,0.0,0.0,0.0,17.47,4.48,0.0
20190929:2010,0.0,0.0,0.0,17.29,4.62,0.0
20190929:2110,0.0,0.0,0.0,17.19,4.9,0.0
20190929:2210,0.0,0.0,0.0,17.12,5.24,0.0
20190929:2310,0.0,0.0,0.0,17.02,5.86,0.0
20190930:0010,0.0,0.0,0.0,15.71,5.86,0.0
20190930:0110,0.0,0.0,0.0,15.14,6.21,0.0
20190930:0210,0.0,0.0,0.0,14.42,6.9,0.0
20190930:0310,0.0,0.0,0.0,13.38,6.83,0.0
20190930:0410,0.0,0.0,0.0,13.05,6.83,0.0
20190930:0510,0.0,0.0,0.0,12.95,7.17,0.0
20190930:0610,10770.0,39.52,9.0,13.09,7.31,0.0
20190930:0710,68585.0,176.37,18.08,13.47,6.76,0.0
20190930:0810,114295.0,279.32,26.15,13.61,7.1,0.0
20190930:0910,114715.0,281.16,32.58,13.98,7.79,0.0
20190930:1010,302005.0,719.32,36.67,14.57,7.52,0.0
20190930:1110,67070.0,174.63,37.79,15.33,7.66,0.0
20190930:1210,33170.0,95.59,35.74,15.61,7.45,0.0
20190930:1310,17720.0,57.91,30.87,15.63,6.83,0.0
20190930:1410,40095.0,112.13,23.88,15.66,6.0,0.0
20190930:1510,36330.0,103.44,15.45,15.28,4.69,0.0
20190930:1610,15390.0,57.23,6.16,14.86,4.14,0.0
20190930:1710,0.0,0.0,0.0,14.35,3.45,0.0
20190930:1810,0.0,0.0,0.0,13.75,3.03,0.0
20190930:1910,0.0,0.0,0.0,12.62,2.83,0.0
20190930:2010,0.0,0.0,0.0,12.12,2.55,0.0
20190930:2110,0.0,0.0,0.0,11.59,2.34,0.0
20190930:2210,0.0,0.0,0.0,11.12,2.28,0.0
20190930:2310,0.0,0.0,0.0,10.83,2.21,0.0
20191001:0010,0.0,0.0,0.0,10.64,2.0,0.0
20191001:0110,0.0,0.0,0.0,10.28,1.86,0.0
20191001:0210,0.0,0.0,0.0,9.89,2.0,0.0
20191001:0310,0.0,0.0,0.0,9.61,2.14,0.0
20191001:0410,0.0,0.0,0.0,9.44,2.41,0.0
20191001:0510,0.0,0.0,0.0,9.44,2.62,0.0
20191001:0610,65465.0,178.35,8.75,9.83,2.69,0.0
20191001:0710,84710.0,212.56,17.81,11.36,2.69,0.0
20191001:0810,230640.0,554.22,25.85,13.64,3.45,0.0
20191001:0910,192015.0,466.31,32.25,15.8,3.86,0.0
20191001:1010,35075.0,101.1,36.3,17.4,4.0,0.0
20191001:1110,27750.0,83.64,37.4,18.28,3.86,0.0
20191001:1210,65085.0,173.66,35.34,19.17,3.66,0.0
20191001:1310,97675.0,251.01,30.48,20.4,4.14,0.0
20191001:1410,31850.0,94.67,23.5,20.98,4.41,0.0
20191001:1510,49495.0,138.57,15.09,20.53,2.97,0.0
20191001:1610,4045.0,21.14,5.81,19.93,2.41,0.0
20191001:1710,0.0,0.0,0.0,18.47,2.14,0.0
20191001:1810,0.0,0.0,0.0,17.29,2.0,0.0
20191001:1910,0.0,0.0,0.0,15.31,2.28,0.0
20191001:2010,0.0,0.0,0.0,14.95,2.62,0.0
20191001:2110,0.0,0.0,0.0,14.9,3.31,0.0
20191001:2210,0.0,0.0,0.0,14.84,3.17,0.0
20191001:2310,0.0,0.0,0.0,14.55,2.62,0.0
20191002:0010,0.0,0.0,0.0,14.22,2.21,0.0
20191002:0110,0.0,0.0,0.0,13.88,2.07,0.0
20191002:0210,0.0,0.0,0.0,13.29,2.55,0.0
20191002:0310,0.0,0.0,0.0,13.03,2.83,0.0
20191002:0410,0.0,0.0,0.0,12.89,3.1,0.0
20191002:0510,0.0,0.0,0.0,12.68,3.45,0.0
20191002:0610,3630.0,19.3,8.5,12.6,3.38,0.0
20191002:0710,25825.0,77.21,17.54,12.92,4.0,0.0
20191002:0810,38205.0,106.62,25.55,12.9,3.86,0.0
20191002:0910,38555.0,107.54,31.92,13.21,4.34,0.0
20191002:1010,97245.0,243.28,35.93,13.61,3.86,0.0
20191002:1110,93840.0,236.4,37.0,14.32,3.72,0.0
20191002:1210,13560.0,46.88,34.94,13.28,3.72,0.0
20191002:1310,82015.0,205.87,30.09,10.99,3.66,0.0
20191002:1410,13795.0,46.88,23.13,9.88,3.31,0.0
20191002:1510,60175.0,157.16,14.73,9.46,3.38,0.0
20191002:1610,15840.0,61.34,5.46,9.43,3.38,0.0
20191002:1710,0.0,0.0,0.0,9.08,2.76,0.0
20191002:1810,0.0,0.0,0.0,8.62,2.41,0.0
20191002:1910,0.0,0.0,0.0,7.9,2.41,0.0
20191002:2010,0.0,0.0,0.0,7.78,2.34,0.0
20191002:2110,0.0,0.0,0.0,7.45,2.48,0.0
20191002:2210,0.0,0.0,0.0,7.19,2.69,0.0
20191002:2310,0.0,0.0,0.0,7.15,2.83,0.0
20191003:0010,0.0,0.0,0.0,6.76,2.97,0.0
20191003:0110,0.0,0.0,0.0,6.41,3.03,0.0
20191003:0210,0.0,0.0,0.0,6.05,3.24,0.0
20191003:0310,0.0,0.0,0.0,5.83,3.38,0.0
20191003:0410,0.0,0.0,0.0,5.72,3.38,0.0
20191003:0510,0.0,0.0,0.0,5.98,3.52,0.0
20191003:0610,14110.0,47.43,8.25,6.21,3.1,0.0
20191003:0710,38235.0,103.82,17.27,6.69,5.52,0.0
20191003:0810,49130.0,128.8,25.25,7.26,5.52,0.0
20191003:0910,24150.0,71.69,31.58,8.02,5.31,0.0
20191003:1010,49880.0,131.44,35.57,8.81,5.1,0.0
20191003:1110,76050.0,191.18,36.61,9.57,4.83,0.0
20191003:1210,18200.0,57.91,34.55,10.21,4.76,0.0
20191003:1310,24210.0,72.61,29.71,10.62,4.41,0.0
20191003:1410,17040.0,55.15,22.76,10.65,4.07,0.0
20191003:1510,21915.0,67.1,14.37,10.55,3.59,0.0
20191003:1610,11560.0,46.56,5.11,10.34,3.03,0.0
20191003:1710,0.0,0.0,0.0,9.85,2.34,0.0
20191003:1810,0.0,0.0,0.0,9.24,2.07,0.0
20191003:1910,0.0,0.0,0.0,8.23,1.66,0.0
20191003:2010,0.0,0.0,0.0,7.86,1.79,0.0
20191003:2110,0.0,0.0,0.0,7.65,1.66,0.0
20191003:2210,0.0,0.0,0.0,7.19,1.59,0.0
20191003:2310,0.0,0.0,0.0,6.83,1.59,0.0
20191004:0010,0.0,0.0,0.0,6.45,1.59,0.0
20191004:0110,0.0,0.0,0.0,6.27,1.38,0.0
20191004:0210,0.0,0.0,0.0,6.25,1.24,0.0
20191004:0310,0.0,0.0,0.0,6.14,1.24,0.0
20191004:0410,0.0,0.0,0.0,5.83,1.38,0.0
20191004:0510,0.0,0.0,0.0,5.72,1.45,0.0
20191004:0610,1780.0,12.87,7.99,5.5,1.38,0.0
20191004:0710,20755.0,63.42,17.0,6.68,1.31,0.0
20191004:0810,62075.0,159.04,24.95,8.08,2.07,0.0
20191004:0910,62515.0,160.93,31.25,9.3,2.55,0.0
20191004:1010,256040.0,609.39,35.2,10.34,3.24,0.0
20191004:1110,115880.0,283.91,36.23,11.74,3.52,0.0
20191004:1210,89130.0,223.65,34.15,12.54,3.79,0.0
20191004:1310,51695.0,137.87,29.32,12.55,3.93,0.0
20191004:1410,19150.0,60.66,22.39,11.88,3.72,0.0
20191004:1510,20005.0,62.5,14.01,10.69,2.97,0.0
20191004:1610,1225.0,11.03,4.77,9.91,3.17,0.0
20191004:1710,0.0,0.0,0.0,9.79,3.1,0.0
20191004:1810,0.0,0.0,0.0,9.9,3.24,0.0
20191004:1910,0.0,0.0,0.0,9.36,3.24,0.0
20191004:2010,0.0,0.0,0.0,9.28,3.45,0.0
20191004:2110,0.0,0.0,0.0,9.55,4.0,0.0
20191004:2210,0.0,0.0,0.0,9.74,4.83,0.0
20191004:2310,0.0,0.0,0.0,9.71,4.9,0.0
20191005:0010,0.0,0.0,0.0,9.71,4.83,0.0
20191005:0110,0.0,0.0,0.0,9.74,4.55,0.0
20191005:0210,0.0,0.0,0.0,9.66,4.55,0.0
20191005:0310,0.0,0.0,0.0,9.5,4.41,0.0
20191005:0410,0.0,0.0,0.0,9.39,4.41,0.0
20191005:0510,0.0,0.0,0.0,9.3,4.69,0.0
20191005:0610,21195.0,66.55,7.74,9.44,4.48,0.0
20191005:0710,99370.0,242.44,16.72,8.93,4.34,0.0
20191005:0810,93290.0,228.15,24.65,8.48,3.86,0.0
20191005:0910,57085.0,147.98,30.91,8.86,4.07,0.0
20191005:1010,37695.0,103.86,34.83,9.29,4.07,0.0
20191005:1110,36000.0,100.19,35.84,9.91,4.14,0.0
20191005:1210,68600.0,174.65,33.76,9.8,4.21,0.0
20191005:1310,30480.0,87.32,28.94,10.01,4.21,0.0
20191005:1410,20075.0,62.5,22.02,10.19,4.62,0.0
20191005:1510,18580.0,58.82,13.66,10.02,3.93,0.0
20191005:1610,13155.0,54.85,4.42,9.66,3.24,0.0
20191005:1710,0.0,0.0,0.0,9.09,2.69,0.0
20191005:1810,0.0,0.0,0.0,8.44,2.48,0.0
20191005:1910,0.0,0.0,0.0,7.02,1.93,0.0
20191005:2010,0.0,0.0,0.0,6.47,1.72,0.0
20191005:2110,0.0,0.0,0.0,5.92,1.52,0.0
20191005:2210,0.0,0.0,0.0,5.48,1.38,0.0
20191005:2310,0.0,0.0,0.0,5.21,1.17,0.0
20191006:0010,0.0,0.0,0.0,4.69,1.03,0.0
20191006:0110,0.0,0.0,0.0,4.93,1.1,0.0
20191006:0210,0.0,0.0,0.0,5.0,1.31,0.0
20191006:0310,0.0,0.0,0.0,5.28,1.38,0.0
20191006:0410,0.0,0.0,0.0,5.21,1.45,0.0
20191006:0510,0.0,0.0,0.0,5.3,1.38,0.0
20191006:0610,2325.0,14.71,7.49,5.17,1.31,0.0
20191006:0710,107835.0,260.06,16.45,6.59,2.55,0.0
20191006:0810,109425.0,263.78,24.35,7.69,2.76,0.0
20191006:0910,88025.0,217.89,30.58,8.89,2.83,0.0
20191006:1010,103910.0,254.75,34.46,9.73,2.9,0.0
20191006:1110,124890.0,303.13,35.45,10.23,2.76,0.0
20191006:1210,91485.0,227.77,33.37,10.73,2.69,0.0
20191006:1310,78525.0,198.26,28.56,10.9,2.69,0.0
20191006:1410,18860.0,59.74,21.65,10.85,2.69,0.0
20191006:1510,6485.0,27.57,13.3,10.39,2.48,0.0
20191006:1610,4915.0,24.49,4.08,9.8,2.41,0.0
20191006:1710,0.0,0.0,0.0,8.84,2.34,0.0
20191006:1810,0.0,0.0,0.0,7.58,2.34,0.0
20191006:1910,0.0,0.0,0.0,7.25,3.03,0.0
20191006:2010,0.0,0.0,0.0,7.21,3.24,0.0
20191006:2110,0.0,0.0,0.0,7.13,3.38,0.0
20191006:2210,0.0,0.0,0.0,7.02,3.52,0.0
20191006:2310,0.0,0.0,0.0,6.84,3.45,0.0
20191007:0010,0.0,0.0,0.0,6.67,3.24,0.0
20191007:0110,0.0,0.0,0.0,6.49,2.83,0.0
20191007:0210,0.0,0.0,0.0,6.34,2.62,0.0
20191007:0310,0.0,0.0,0.0,6.23,2.62,0.0
20191007:0410,0.0,0.0,0.0,6.06,2.62,0.0
20191007:0510,0.0,0.0,0.0,5.81,2.48,0.0
20191007:0610,36990.0,105.51,7.23,5.48,2.41,0.0
20191007:0710,112065.0,268.83,16.18,5.55,2.07,0.0
20191007:0810,93735.0,227.83,24.04,6.23,2.21,0.0
20191007:0910,142445.0,339.38,30.24,7.3,1.79,0.0
20191007:1010,64920.0,166.36,34.1,8.47,1.38,0.0
20191007:1110,99890.0,247.69,35.06,9.94,1.03,0.0
20191007:1210,116775.0,287.51,32.98,10.87,0.97,0.0
20191007:1310,75570.0,192.81,28.18,11.19,0.9,0.0
20191007:1410,22520.0,68.93,21.28,11.4,1.1,0.0
20191007:1510,15135.0,50.55,12.95,11.12,1.52,0.0
20191007:1610,5965.0,29.39,3.73,10.65,1.66,0.0
20191007:1710,0.0,0.0,0.0,10.14,1.59,0.0
20191007:1810,0.0,0.0,0.0,9.75,1.59,0.0
20191007:1910,0.0,0.0,0.0,7.74,1.52,0.0
20191007:2010,0.0,0.0,0.0,7.15,1.72,0.0
20191007:2110,0.0,0.0,0.0,6.78,1.86,0.0
20191007:2210,0.0,0.0,0.0,6.77,1.86,0.0
20191007:2310,0.0,0.0,0.0,6.77,1.93,0.0
20191008:0010,0.0,0.0,0.0,7.16,1.86,0.0
20191008:0110,0.0,0.0,0.0,7.09,2.0,0.0
20191008:0210,0.0,0.0,0.0,7.16,2.07,0.0
20191008:0310,0.0,0.0,0.0,7.33,2.21,0.0
20191008:0410,0.0,0.0,0.0,7.46,2.41,0.0
20191008:0510,0.0,0.0,0.0,7.75,2.34,0.0
20191008:0610,4955.0,22.98,6.97,8.03,2.41,0.0
20191008:0710,8220.0,32.17,15.9,8.76,2.83,0.0
20191008:0810,81565.0,203.04,23.74,9.48,3.24,0.0
20191008:0910,22390.0,68.02,29.9,9.7,3.59,0.0
20191008:1010,21205.0,65.26,33.73,10.09,3.45,0.0
20191008:1110,23035.0,69.85,34.68,10.67,3.24,0.0
20191008:1210,13355.0,45.96,32.59,10.96,3.1,0.0
20191008:1310,50860.0,135.15,27.8,10.92,2.83,0.0
20191008:1410,10160.0,37.68,20.92,11.22,2.69,0.0
20191008:1510,17695.0,56.99,12.6,11.37,2.55,0.0
20191008:1610,750.0,9.19,3.4,11.52,2.48,0.0
20191008:1710,0.0,0.0,0.0,11.46,2.48,0.0
20191008:1810,0.0,0.0,0.0,11.58,2.41,0.0
20191008:1910,0.0,0.0,0.0,11.58,2.07,0.0
20191008:2010,0.0,0.0,0.0,11.75,2.07,0.0
20191008:2110,0.0,0.0,0.0,11.96,2.21,0.0
20191008:2210,0.0,0.0,0.0,12.36,2.41,0.0
20191008:2310,0.0,0.0,0.0,12.77,2.69,0.0
20191009:0010,0.0,0.0,0.0,12.92,3.17,0.0
20191009:0110,0.0,0.0,0.0,12.76,2.97,0.0
20191009:0210,0.0,0.0,0.0,12.46,2.9,0.0
20191009:0310,0.0,0.0,0.0,12.17,3.1,0.0
20191009:0410,0.0,0.0,0.0,11.89,2.9,0.0
20191009:0510,0.0,0.0,0.0,11.53,2.62,0.0
20191009:0610,63920.0,177.33,6.72,11.22,2.14,0.0
20191009:0710,61415.0,159.26,15.62,10.63,1.59,0.0
20191009:0810,74805.0,189.85,23.44,10.74,1.45,0.0
20191009:0910,19555.0,61.58,29.57,11.24,1.93,0.0
20191009:1010,58070.0,152.58,33.37,11.93,2.41,0.0
20191009:1110,60020.0,157.17,34.29,11.81,1.93,0.0
20191009:1210,48915.0,131.44,32.2,12.16,2.69,0.0
20191009:1310,24015.0,72.61,27.42,11.88,2.34,0.0
20191009:1410,8770.0,34.01,20.56,11.5,2.55,0.0
20191009:1510,11910.0,42.28,12.26,11.23,2.83,0.0
20191009:1610,1460.0,11.95,3.06,10.82,3.03,0.0
20191009:1710,0.0,0.0,0.0,10.49,3.52,0.0
20191009:1810,0.0,0.0,0.0,10.23,4.07,0.0
20191009:1910,0.0,0.0,0.0,9.69,4.0,0.0
20191009:2010,0.0,0.0,0.0,9.76,4.28,0.0
20191009:2110,0.0,0.0,0.0,9.64,4.55,0.0
20191009:2210,0.0,0.0,0.0,9.54,4.34,0.0
20191009:2310,0.0,0.0,0.0,9.37,4.21,0.0
20191010:0010,0.0,0.0,0.0,9.15,4.07,0.0
20191010:0110,0.0,0.0,0.0,8.87,4.07,0.0
20191010:0210,0.0,0.0,0.0,8.6,3.72,0.0
20191010:0310,0.0,0.0,0.0,8.19,3.52,0.0
20191010:0410,0.0,0.0,0.0,8.12,3.38,0.0
20191010:0510,0.0,0.0,0.0,8.19,3.45,0.0
20191010:0610,36870.0,106.96,6.46,8.48,3.38,0.0
20191010:0710,72080.0,181.04,15.35,8.69,4.48,0.0
20191010:0810,7535.0,30.33,23.13,9.16,5.31,0.0
20191010:0910,122535.0,292.9,29.23,9.05,5.86,0.0
20191010:1010,100720.0,245.43,33.0,9.03,5.1,0.0
20191010:1110,53445.0,140.63,33.91,10.41,4.0,0.0
20191010:1210,87155.0,218.19,31.82,11.78,4.0,0.0
20191010:1310,206880.0,491.84,27.05,12.03,4.21,0.0
20191010:1410,31015.0,89.16,20.2,11.63,4.21,0.0
20191010:1510,37040.0,104.34,11.91,11.55,4.0,0.0
20191010:1610,535.0,8.27,2.72,11.14,3.38,0.0
20191010:1710,0.0,0.0,0.0,10.43,3.1,0.0
20191010:1810,0.0,0.0,0.0,10.04,2.9,0.0
20191010:1910,0.0,0.0,0.0,9.6,2.76,0.0
20191010:2010,0.0,0.0,0.0,9.31,2.76,0.0
20191010:2110,0.0,0.0,0.0,8.96,2.69,0.0
20191010:2210,0.0,0.0,0.0,8.7,2.62,0.0
20191010:2310,0.0,0.0,0.0,8.49,2.55,0.0
20191011:0010,0.0,0.0,0.0,8.15,2.48,0.0
20191011:0110,0.0,0.0,0.0,7.8,2.34,0.0
20191011:0210,0.0,0.0,0.0,7.55,2.34,0.0
20191011:0310,0.0,0.0,0.0,7.22,2.34,0.0
20191011:0410,0.0,0.0,0.0,7.01,2.28,0.0
20191011:0510,0.0,0.0,0.0,6.84,2.28,0.0
20191011:0610,8775.0,33.72,6.2,6.88,2.34,0.0
20191011:0710,69055.0,174.88,15.07,8.74,2.55,0.0
20191011:0810,88825.0,220.24,22.83,10.47,3.03,0.0
20191011:0910,196680.0,469.76,28.9,12.15,3.45,0.0
20191011:1010,209075.0,503.0,32.64,13.37,3.38,0.0
20191011:1110,193350.0,467.55,33.53,14.18,3.38,0.0
20191011:1210,263425.0,640.8,31.44,15.08,3.31,0.0
20191011:1310,205185.0,498.97,26.67,15.72,3.17,0.0
20191011:1410,163050.0,399.91,19.84,16.28,3.52,0.0
20191011:1510,82440.0,218.88,11.57,16.17,2.55,0.0
20191011:1610,1465.0,13.4,2.39,15.13,2.28,0.0
20191011:1710,0.0,0.0,0.0,13.58,2.48,0.0
20191011:1810,0.0,0.0,0.0,12.69,2.55,0.0
20191011:1910,0.0,0.0,0.0,11.57,2.69,0.0
20191011:2010,0.0,0.0,0.0,11.15,2.76,0.0
20191011:2110,0.0,0.0,0.0,10.73,2.62,0.0
20191011:2210,0.0,0.0,0.0,10.28,2.55,0.0
20191011:2310,0.0,0.0,0.0,9.85,2.48,0.0
20191012:0010,0.0,0.0,0.0,9.51,2.41,0.0
20191012:0110,0.0,0.0,0.0,9.26,2.41,0.0
20191012:0210,0.0,0.0,0.0,9.04,2.41,0.0
20191012:0310,0.0,0.0,0.0,8.85,2.48,0.0
20191012:0410,0.0,0.0,0.0,8.71,2.48,0.0
20191012:0510,0.0,0.0,0.0,8.61,2.55,0.0
20191012:0610,44975.0,128.1,5.94,8.77,2.55,0.0
20191012:0710,166905.0,401.49,14.79,10.23,2.55,0.0
20191012:0810,261565.0,630.69,22.52,12.82,2.76,0.0
20191012:0910,325620.0,801.76,28.56,15.42,3.17,0.0
20191012:1010,365480.0,918.81,32.27,17.6,3.31,0.0
20191012:1110,362700.0,918.98,33.15,19.26,3.38,0.0
20191012:1210,297000.0,745.29,31.06,20.36,3.38,0.0
20191012:1310,229390.0,572.43,26.3,21.0,3.24,0.0
20191012:1410,171210.0,430.58,19.49,21.2,2.97,0.0
20191012:1510,77275.0,210.59,11.23,20.46,2.21,0.0
20191012:1610,570.0,8.62,2.06,18.63,2.28,0.0
20191012:1710,0.0,0.0,0.0,16.82,2.41,0.0
20191012:1810,0.0,0.0,0.0,15.63,2.48,0.0
20191012:1910,0.0,0.0,0.0,14.67,2.28,0.0
20191012:2010,0.0,0.0,0.0,14.02,2.28,0.0
20191012:2110,0.0,0.0,0.0,13.7,2.28,0.0
20191012:2210,0.0,0.0,0.0,13.68,2.28,0.0
20191012:2310,0.0,0.0,0.0,13.4,2.21,0.0
20191013:0010,0.0,0.0,0.0,12.95,2.07,0.0
20191013:0110,0.0,0.0,0.0,12.79,2.07,0.0
20191013:0210,0.0,0.0,0.0,12.39,2.14,0.0
20191013:0310,0.0,0.0,0.0,12.19,2.14,0.0
20191013:0410,0.0,0.0,0.0,11.98,2.0,0.0
20191013:0510,0.0,0.0,0.0,11.49,2.0,0.0
20191013:0610,31340.0,95.12,5.69,11.24,2.14,0.0
20191013:0710,152480.0,372.16,14.51,12.28,2.0,0.0
20191013:0810,242835.0,591.78,22.22,14.37,2.14,0.0
20191013:0910,306570.0,764.96,28.23,16.69,2.21,0.0
20191013:1010,344470.0,879.8,31.91,18.84,2.21,0.0
20191013:1110,346575.0,894.31,32.77,20.54,2.21,0.0
20191013:1210,306600.0,785.53,30.68,21.67,2.28,0.0
20191013:1310,255100.0,647.7,25.94,22.28,2.28,0.0
20191013:1410,148855.0,379.09,19.14,22.33,2.21,0.0
20191013:1510,81965.0,224.48,10.89,21.58,1.86,0.0
20191013:1610,0.0,0.0,0.0,19.73,2.28,0.0
20191013:1710,0.0,0.0,0.0,18.09,2.41,0.0
20191013:1810,0.0,0.0,0.0,17.06,2.41,0.0
20191013:1910,0.0,0.0,0.0,15.94,2.48,0.0
20191013:2010,0.0,0.0,0.0,15.23,2.41,0.0
20191013:2110,0.0,0.0,0.0,14.59,2.28,0.0
20191013:2210,0.0,0.0,0.0,13.98,2.14,0.0
20191013:2310,0.0,0.0,0.0,13.37,2.0,0.0
20191014:0010,0.0,0.0,0.0,12.84,1.86,0.0
20191014:0110,0.0,0.0,0.0,12.29,1.79,0.0
20191014:0210,0.0,0.0,0.0,11.7,1.72,0.0
20191014:0310,0.0,0.0,0.0,10.32,1.72,0.0
20191014:0410,0.0,0.0,0.0,9.76,1.72,0.0
20191014:0510,0.0,0.0,0.0,9.2,1.66,0.0
20191014:0610,31810.0,95.71,5.43,8.91,1.59,0.0
20191014:0710,153895.0,375.41,14.24,10.79,1.03,0.0
20191014:0810,244095.0,603.3,21.91,14.4,0.97,0.0
20191014:0910,303580.0,772.28,27.89,16.76,0.97,0.0
20191014:1010,338015.0,879.66,31.55,18.91,1.1,0.0
20191014:1110,335085.0,878.37,32.4,20.58,1.17,0.0
20191014:1210,303260.0,791.12,30.3,21.7,1.1,0.0
20191014:1310,266645.0,689.22,25.57,22.29,1.1,0.0
20191014:1410,189940.0,486.37,18.79,22.4,1.31,0.0
20191014:1510,81920.0,225.55,10.56,21.8,1.17,0.0
20191014:1610,0.0,0.0,0.0,20.21,1.86,0.0
20191014:1710,0.0,0.0,0.0,18.23,2.21,0.0
20191014:1810,0.0,0.0,0.0,16.92,2.28,0.0
20191014:1910,0.0,0.0,0.0,15.57,2.21,0.0
20191014:2010,0.0,0.0,0.0,14.72,2.07,0.0
20191014:2110,0.0,0.0,0.0,13.98,1.79,0.0
20191014:2210,0.0,0.0,0.0,13.34,1.59,0.0
20191014:2310,0.0,0.0,0.0,11.62,1.52,0.0
20191015:0010,0.0,0.0,0.0,10.65,1.52,0.0
20191015:0110,0.0,0.0,0.0,9.9,1.59,0.0
20191015:0210,0.0,0.0,0.0,9.36,1.59,0.0
20191015:0310,0.0,0.0,0.0,9.02,1.66,0.0
20191015:0410,0.0,0.0,0.0,8.82,1.66,0.0
20191015:0510,0.0,0.0,0.0,8.59,1.66,0.0
20191015:0610,10090.0,38.18,5.17,8.63,1.45,0.0
20191015:0710,67300.0,172.77,13.96,10.5,1.24,0.0
20191015:0810,80685.0,203.45,21.61,11.19,1.31,0.0
20191015:0910,84500.0,213.64,27.56,12.62,1.86,0.0
20191015:1010,106880.0,267.39,31.19,14.57,2.07,0.0
20191015:1110,174000.0,429.78,32.02,16.88,2.14,0.0
20191015:1210,121120.0,305.52,29.93,18.46,2.14,0.0
20191015:1310,264100.0,662.19,25.21,19.37,2.21,0.0
20191015:1410,203820.0,511.5,18.44,19.72,2.21,0.0
20191015:1510,92300.0,249.75,10.23,19.36,1.66,0.0
20191015:1610,0.0,0.0,0.0,18.06,1.72,0.0
20191015:1710,0.0,0.0,0.0,16.66,1.72,0.0
20191015:1810,0.0,0.0,0.0,15.43,1.59,0.0
20191015:1910,0.0,0.0,0.0,13.3,1.45,0.0
20191015:2010,0.0,0.0,0.0,13.05,2.69,0.0
20191015:2110,0.0,0.0,0.0,13.6,3.93,0.0
20191015:2210,0.0,0.0,0.0,13.2,4.28,0.0
20191015:2310,0.0,0.0,0.0,12.68,4.28,0.0
20191016:0010,0.0,0.0,0.0,12.21,4.21,0.0
20191016:0110,0.0,0.0,0.0,11.68,4.41,0.0
20191016:0210,0.0,0.0,0.0,11.18,4.69,0.0
20191016:0310,0.0,0.0,0.0,10.6,4.55,0.0
20191016:0410,0.0,0.0,0.0,10.11,4.21,0.0
20191016:0510,0.0,0.0,0.0,9.82,3.79,0.0
20191016:0610,9520.0,36.85,4.91,9.73,3.52,0.0
20191016:0710,131085.0,316.7,13.68,10.05,3.31,0.0
20191016:0810,117225.0,283.16,21.3,10.69,4.21,0.0
20191016:0910,105605.0,258.65,27.23,11.65,4.69,0.0
20191016:1010,133670.0,324.0,30.83,12.87,4.76,0.0
20191016:1110,190775.0,457.64,31.65,13.69,4.48,0.0
20191016:1210,260100.0,625.12,29.56,14.06,4.21,0.0
20191016:1310,282590.0,683.17,24.85,14.33,3.72,0.0
20191016:1410,21090.0,66.18,18.1,14.69,3.38,0.0
20191016:1510,28815.0,86.21,9.9,14.74,2.48,0.0
20191016:1610,0.0,0.0,0.0,13.85,1.79,0.0
20191016:1710,0.0,0.0,0.0,12.85,2.07,0.0
20191016:1810,0.0,0.0,0.0,12.04,2.34,0.0
20191016:1910,0.0,0.0,0.0,11.43,2.55,0.0
20191016:2010,0.0,0.0,0.0,10.98,2.55,0.0
20191016:2110,0.0,0.0,0.0,10.55,2.41,0.0
20191016:2210,0.0,0.0,0.0,10.13,2.28,0.0
20191016:2310,0.0,0.0,0.0,9.72,2.21,0.0
20191017:0010,0.0,0.0,0.0,9.41,2.14,0.0
20191017:0110,0.0,0.0,0.0,9.13,2.07,0.0
20191017:0210,0.0,0.0,0.0,8.84,2.0,0.0
20191017:0310,0.0,0.0,0.0,8.65,2.0,0.0
20191017:0410,0.0,0.0,0.0,8.59,2.0,0.0
20191017:0510,0.0,0.0,0.0,8.66,2.07,0.0
20191017:0610,9790.0,37.49,4.65,8.57,2.07,0.0
20191017:0710,57590.0,149.39,13.4,9.08,1.86,0.0
20191017:0810,150880.0,362.66,21.0,10.96,2.07,0.0
20191017:0910,96705.0,241.64,26.89,13.13,2.21,0.0
20191017:1010,75825.0,195.7,30.48,14.72,2.07,0.0
20191017:1110,112790.0,282.92,31.28,15.89,1.93,0.0
20191017:1210,56335.0,151.87,29.19,16.97,1.93,0.0
20191017:1310,57565.0,154.88,24.49,17.5,2.0,0.0
20191017:1410,82955.0,214.49,17.76,17.67,1.93,0.0
20191017:1510,88365.0,238.34,9.58,17.27,1.45,0.0
20191017:1610,0.0,0.0,0.0,15.9,1.72,0.0
20191017:1710,0.0,0.0,0.0,14.27,2.0,0.0
20191017:1810,0.0,0.0,0.0,13.19,2.07,0.0
20191017:1910,0.0,0.0,0.0,12.5,1.93,0.0
20191017:2010,0.0,0.0,0.0,12.2,1.93,0.0
20191017:2110,0.0,0.0,0.0,11.8,1.93,0.0
20191017:2210,0.0,0.0,0.0,11.66,1.86,0.0
20191017:2310,0.0,0.0,0.0,11.57,1.86,0.0
20191018:0010,0.0,0.0,0.0,11.56,1.86,0.0
20191018:0110,0.0,0.0,0.0,11.49,1.93,0.0
20191018:0210,0.0,0.0,0.0,11.4,1.86,0.0
20191018:0310,0.0,0.0,0.0,10.9,1.86,0.0
20191018:0410,0.0,0.0,0.0,10.48,1.79,0.0
20191018:0510,0.0,0.0,0.0,10.15,1.72,0.0
20191018:0610,540.0,8.27,4.39,10.18,1.66,0.0
20191018:0710,45675.0,123.06,13.12,10.65,1.66,0.0
20191018:0810,220025.0,530.06,20.7,12.09,1.93,0.0
20191018:0910,304230.0,746.52,26.56,13.75,2.28,0.0
20191018:1010,330825.0,821.75,30.12,15.57,2.69,0.0
20191018:1110,202470.0,496.28,30.92,17.15,3.17,0.0
20191018:1210,171605.0,422.31,28.82,17.97,3.52,0.0
20191018:1310,132140.0,328.6,24.14,18.11,3.45,0.0
20191018:1410,72590.0,189.87,17.42,17.97,3.03,0.0
20191018:1510,67975.0,186.09,9.25,17.33,2.62,0.0
20191018:1610,0.0,0.0,0.0,16.04,2.21,0.0
20191018:1710,0.0,0.0,0.0,14.8,1.93,0.0
20191018:1810,0.0,0.0,0.0,13.89,1.79,0.0
20191018:1910,0.0,0.0,0.0,12.51,1.93,0.0
20191018:2010,0.0,0.0,0.0,11.55,1.86,0.0
20191018:2110,0.0,0.0,0.0,10.77,1.59,0.0
20191018:2210,0.0,0.0,0.0,9.95,1.1,0.0
20191018:2310,0.0,0.0,0.0,8.86,1.38,0.0
20191019:0010,0.0,0.0,0.0,8.21,1.52,0.0
20191019:0110,0.0,0.0,0.0,8.43,1.31,0.0
20191019:0210,0.0,0.0,0.0,9.53,0.76,0.0
20191019:0310,0.0,0.0,0.0,10.18,0.55,0.0
20191019:0410,0.0,0.0,0.0,9.62,0.76,0.0
20191019:0510,0.0,0.0,0.0,9.54,0.9,0.0
20191019:0610,150.0,6.43,4.13,9.85,1.52,0.0
20191019:0710,103915.0,257.39,12.84,10.58,1.03,0.0
20191019:0810,6760.0,28.49,20.39,11.65,0.48,0.0
20191019:0910,9050.0,34.93,26.23,12.57,0.9,0.0
20191019:1010,17155.0,56.07,29.77,13.0,1.03,0.0
20191019:1110,36660.0,103.86,30.55,13.98,0.9,0.0
20191019:1210,44245.0,122.24,28.46,14.74,0.97,0.0
20191019:1310,136770.0,338.78,23.79,15.35,1.24,0.0
20191019:1410,82990.0,212.62,17.09,15.44,1.72,0.0
20191019:1510,10285.0,38.6,8.94,15.11,1.72,0.0
20191019:1610,0.0,0.0,0.0,14.24,1.79,0.0
20191019:1710,0.0,0.0,0.0,13.33,1.93,0.0
20191019:1810,0.0,0.0,0.0,12.61,2.14,0.0
20191019:1910,0.0,0.0,0.0,11.17,2.41,0.0
20191019:2010,0.0,0.0,0.0,10.69,1.93,0.0
20191019:2110,0.0,0.0,0.0,10.45,1.66,0.0
20191019:2210,0.0,0.0,0.0,10.09,1.45,0.0
20191019:2310,0.0,0.0,0.0,9.99,1.38,0.0
20191020:0010,0.0,0.0,0.0,10.13,1.45,0.0
20191020:0110,0.0,0.0,0.0,10.06,1.45,0.0
20191020:0210,0.0,0.0,0.0,10.06,1.66,0.0
20191020:0310,0.0,0.0,0.0,9.66,2.07,0.0
20191020:0410,0.0,0.0,0.0,9.4,2.28,0.0
20191020:0510,0.0,0.0,0.0,9.27,2.34,0.0
20191020:0610,3870.0,19.82,3.87,9.13,2.21,0.0
20191020:0710,117990.0,288.74,12.56,9.91,1.45,0.0
20191020:0810,139595.0,339.2,20.09,12.34,1.72,0.0
20191020:0910,207975.0,505.83,25.9,14.5,2.14,0.0
20191020:1010,274965.0,678.38,29.42,16.05,2.41,0.0
20191020:1110,329895.0,826.43,30.19,17.42,2.76,0.0
20191020:1210,305525.0,762.9,28.1,18.66,3.03,0.0
20191020:1310,260340.0,646.87,23.44,19.49,3.1,0.0
20191020:1410,53495.0,146.17,16.76,19.73,3.03,0.0
20191020:1510,21120.0,68.36,8.62,19.04,2.48,0.0
20191020:1610,0.0,0.0,0.0,17.46,2.48,0.0
20191020:1710,0.0,0.0,0.0,16.15,2.48,0.0
20191020:1810,0.0,0.0,0.0,15.21,2.48,0.0
20191020:1910,0.0,0.0,0.0,13.46,2.28,0.0
20191020:2010,0.0,0.0,0.0,13.0,2.21,0.0
20191020:2110,0.0,0.0,0.0,12.71,2.21,0.0
20191020:2210,0.0,0.0,0.0,12.51,2.21,0.0
20191020:2310,0.0,0.0,0.0,12.4,2.21,0.0
20191021:0010,0.0,0.0,0.0,12.31,2.14,0.0
20191021:0110,0.0,0.0,0.0,12.23,2.21,0.0
20191021:0210,0.0,0.0,0.0,12.29,2.14,0.0
20191021:0310,0.0,0.0,0.0,12.15,2.07,0.0
20191021:0410,0.0,0.0,0.0,11.83,2.0,0.0
20191021:0510,0.0,0.0,0.0,11.64,1.86,0.0
20191021:0610,235.0,6.89,3.61,11.54,1.79,0.0
20191021:0710,73745.0,187.91,12.28,10.33,0.55,0.0
20191021:0810,34585.0,97.99,19.79,11.76,0.62,0.0
20191021:0910,33605.0,96.51,25.57,13.84,0.9,0.0
20191021:1010,36755.0,104.78,29.07,15.72,1.24,0.0
20191021:1110,50585.0,138.79,29.83,17.51,1.31,0.0
20191021:1210,179755.0,446.83,27.74,18.49,1.93,0.0
20191021:1310,236520.0,587.55,23.1,18.38,2.14,0.0
20191021:1410,153355.0,383.48,16.43,17.89,1.79,0.0
20191021:1510,60000.0,167.36,8.31,17.18,1.66,0.0
20191021:1610,0.0,0.0,0.0,16.07,1.79,0.0
20191021:1710,0.0,0.0,0.0,14.94,1.93,0.0
20191021:1810,0.0,0.0,0.0,14.02,2.0,0.0
20191021:1910,0.0,0.0,0.0,13.35,2.21,0.0
20191021:2010,0.0,0.0,0.0,12.91,2.21,0.0
20191021:2110,0.0,0.0,0.0,12.4,2.14,0.0
20191021:2210,0.0,0.0,0.0,12.02,2.07,0.0
20191021:2310,0.0,0.0,0.0,11.72,2.07,0.0
20191022:0010,0.0,0.0,0.0,11.48,2.07,0.0
20191022:0110,0.0,0.0,0.0,11.39,2.07,0.0
20191022:0210,0.0,0.0,0.0,11.29,2.0,0.0
20191022:0310,0.0,0.0,0.0,11.09,1.86,0.0
20191022:0410,0.0,0.0,0.0,10.84,1.72,0.0
20191022:0510,0.0,0.0,0.0,10.32,1.66,0.0
20191022:0610,2500.0,15.51,3.35,9.86,1.66,0.0
20191022:0710,111265.0,274.38,12.0,9.69,0.48,0.0
20191022:0810,108105.0,267.15,19.48,12.1,0.9,0.0
20191022:0910,281475.0,695.89,25.25,13.63,1.24,0.0
20191022:1010,218005.0,537.21,28.72,15.23,1.31,0.0
20191022:1110,178315.0,440.54,29.47,16.48,1.59,0.0
20191022:1210,239260.0,591.58,27.39,17.47,2.28,0.0
20191022:1310,176930.0,436.91,22.76,17.88,2.34,0.0
20191022:1410,58330.0,156.81,16.11,18.19,2.21,0.0
20191022:1510,22440.0,71.8,8.01,17.66,1.45,0.0
20191022:1610,0.0,0.0,0.0,16.48,1.45,0.0
20191022:1710,0.0,0.0,0.0,15.25,1.66,0.0
20191022:1810,0.0,0.0,0.0,14.07,1.79,0.0
20191022:1910,0.0,0.0,0.0,13.75,1.72,0.0
20191022:2010,0.0,0.0,0.0,13.39,1.86,0.0
20191022:2110,0.0,0.0,0.0,12.87,1.86,0.0
20191022:2210,0.0,0.0,0.0,12.5,1.86,0.0
20191022:2310,0.0,0.0,0.0,12.13,1.93,0.0
20191023:0010,0.0,0.0,0.0,11.98,1.86,0.0
20191023:0110,0.0,0.0,0.0,11.59,1.79,0.0
20191023:0210,0.0,0.0,0.0,11.36,1.72,0.0
20191023:0310,0.0,0.0,0.0,11.41,1.72,0.0
20191023:0410,0.0,0.0,0.0,11.43,1.72,0.0
20191023:0510,0.0,0.0,0.0,11.55,1.79,0.0
20191023:0610,0.0,2.59,3.09,11.71,1.86,0.0
20191023:0710,38700.0,107.45,11.73,12.11,2.28,0.0
20191023:0810,24255.0,73.53,19.18,13.08,2.62,0.0
20191023:0910,20375.0,64.34,24.92,14.29,2.62,0.0
20191023:1010,37645.0,106.62,28.38,15.62,2.83,0.0
20191023:1110,29005.0,86.4,29.12,17.06,2.48,0.0
20191023:1210,28865.0,86.4,27.04,18.0,2.34,0.0
20191023:1310,37450.0,107.54,22.42,18.62,2.41,0.0
20191023:1410,159015.0,397.42,15.79,18.69,2.48,0.0
20191023:1510,77655.0,213.69,7.7,18.09,2.0,0.0
20191023:1610,0.0,0.0,0.0,16.62,2.28,0.0
20191023:1710,0.0,0.0,0.0,15.1,2.48,0.0
20191023:1810,0.0,0.0,0.0,14.07,2.48,0.0
20191023:1910,0.0,0.0,0.0,12.01,2.14,0.0
20191023:2010,0.0,0.0,0.0,11.58,2.28,0.0
20191023:2110,0.0,0.0,0.0,11.27,2.28,0.0
20191023:2210,0.0,0.0,0.0,11.11,2.21,0.0
20191023:2310,0.0,0.0,0.0,10.96,2.21,0.0
20191024:0010,0.0,0.0,0.0,10.78,2.21,0.0
20191024:0110,0.0,0.0,0.0,10.52,2.21,0.0
20191024:0210,0.0,0.0,0.0,10.24,2.21,0.0
20191024:0310,0.0,0.0,0.0,9.94,2.14,0.0
20191024:0410,0.0,0.0,0.0,9.61,2.07,0.0
20191024:0510,0.0,0.0,0.0,9.33,2.0,0.0
20191024:0610,245.0,6.89,2.83,9.2,1.86,0.0
20191024:0710,12675.0,44.12,11.45,10.01,0.55,0.0
20191024:0810,62965.0,163.51,18.88,11.79,0.83,0.0
20191024:0910,166350.0,407.11,24.6,13.31,0.76,0.0
20191024:1010,57775.0,154.28,28.04,14.91,0.83,0.0
20191024:1110,36685.0,104.78,28.77,16.14,1.31,0.0
20191024:1210,90240.0,231.68,26.69,17.07,1.17,0.0
20191024:1310,80595.0,209.35,22.09,17.72,1.03,0.0
20191024:1410,16735.0,56.07,15.47,17.9,1.24,0.0
20191024:1510,5615.0,25.74,7.4,17.37,1.38,0.0
20191024:1610,0.0,0.0,0.0,16.0,1.86,0.0
20191024:1710,0.0,0.0,0.0,14.58,2.0,0.0
20191024:1810,0.0,0.0,0.0,13.61,2.0,0.0
20191024:1910,0.0,0.0,0.0,11.37,1.59,0.0
20191024:2010,0.0,0.0,0.0,10.96,1.59,0.0
20191024:2110,0.0,0.0,0.0,10.81,1.59,0.0
20191024:2210,0.0,0.0,0.0,10.83,1.52,0.0
20191024:2310,0.0,0.0,0.0,10.67,1.66,0.0
20191025:0010,0.0,0.0,0.0,10.13,1.79,0.0
20191025:0110,0.0,0.0,0.0,10.2,1.72,0.0
20191025:0210,0.0,0.0,0.0,10.59,1.45,0.0
20191025:0310,0.0,0.0,0.0,10.73,1.31,0.0
20191025:0410,0.0,0.0,0.0,10.94,1.38,0.0
20191025:0510,0.0,0.0,0.0,11.31,1.52,0.0
20191025:0610,1035.0,10.34,2.57,11.4,1.66,0.0
20191025:0710,158460.0,387.79,11.17,11.97,1.59,0.0
20191025:0810,199350.0,483.89,18.58,13.34,1.59,0.0
20191025:0910,289065.0,709.68,24.28,14.6,2.28,0.0
20191025:1010,303750.0,747.73,27.69,15.47,2.83,0.0
20191025:1110,242035.0,590.47,28.42,16.21,3.24,0.0
20191025:1210,255385.0,625.91,26.35,16.68,3.03,0.0
20191025:1310,26785.0,80.88,21.76,16.88,2.69,0.0
20191025:1410,166415.0,412.22,15.16,16.65,2.28,0.0
20191025:1510,59800.0,167.26,7.11,16.27,1.66,0.0
20191025:1610,0.0,0.0,0.0,15.23,1.24,0.0
20191025:1710,0.0,0.0,0.0,13.92,0.9,0.0
20191025:1810,0.0,0.0,0.0,13.88,0.62,0.0
20191025:1910,0.0,0.0,0.0,13.02,1.59,0.0
20191025:2010,0.0,0.0,0.0,12.29,1.59,0.0
20191025:2110,0.0,0.0,0.0,11.54,1.79,0.0
20191025:2210,0.0,0.0,0.0,10.83,1.93,0.0
20191025:2310,0.0,0.0,0.0,10.14,2.0,0.0
20191026:0010,0.0,0.0,0.0,9.83,1.86,0.0
20191026:0110,0.0,0.0,0.0,9.27,1.72,0.0
20191026:0210,0.0,0.0,0.0,8.41,1.52,0.0
20191026:0310,0.0,0.0,0.0,7.56,1.52,0.0
20191026:0410,0.0,0.0,0.0,7.11,1.52,0.0
20191026:0510,0.0,0.0,0.0,6.8,1.52,0.0
20191026:0610,0.0,3.45,2.31,6.37,1.59,0.0
20191026:0710,51115.0,133.85,10.89,7.29,1.31,0.0
20191026:0810,75585.0,190.33,18.29,9.91,1.45,0.0
20191026:0910,87035.0,217.66,23.96,11.02,1.59,0.0
20191026:1010,82565.0,209.19,27.36,12.45,1.66,0.0
20191026:1110,71820.0,185.52,28.07,13.65,1.86,0.0
20191026:1210,84120.0,214.5,26.01,14.81,2.07,0.0
20191026:1310,56730.0,151.65,21.44,15.97,2.28,0.0
20191026:1410,35985.0,102.9,14.86,16.39,2.28,0.0
20191026:1510,13885.0,48.88,6.82,15.89,1.86,0.0
20191026:1610,0.0,0.0,0.0,14.42,2.14,0.0
20191026:1710,0.0,0.0,0.0,13.25,2.34,0.0
20191026:1810,0.0,0.0,0.0,12.62,2.48,0.0
20191026:1910,0.0,0.0,0.0,11.66,2.48,0.0
20191026:2010,0.0,0.0,0.0,11.46,2.41,0.0
20191026:2110,0.0,0.0,0.0,11.07,2.41,0.0
20191026:2210,0.0,0.0,0.0,10.8,2.41,0.0
20191026:2310,0.0,0.0,0.0,10.49,2.34,0.0
20191027:0010,0.0,0.0,0.0,10.08,2.21,0.0
20191027:0110,0.0,0.0,0.0,9.67,2.21,0.0
20191027:0210,0.0,0.0,0.0,9.33,2.14,0.0
20191027:0310,0.0,0.0,0.0,9.1,2.14,0.0
20191027:0410,0.0,0.0,0.0,9.02,2.21,0.0
20191027:0510,0.0,0.0,0.0,9.1,2.34,0.0
20191027:0610,0.0,0.0,0.0,9.28,2.41,0.0
20191027:0710,50350.0,133.42,10.62,10.24,2.62,0.0
20191027:0810,125875.0,306.21,17.99,12.39,2.41,0.0
20191027:0910,289140.0,707.72,23.64,14.77,2.62,0.0
20191027:1010,298835.0,737.29,27.02,16.53,3.03,0.0
20191027:1110,247985.0,608.84,27.73,17.73,3.45,0.0
20191027:1210,181455.0,445.47,25.68,18.13,3.59,0.0
20191027:1310,111540.0,279.96,21.12,18.08,3.38,0.0
20191027:1410,97860.0,248.9,14.55,17.34,2.48,0.0
20191027:1510,51260.0,146.07,6.53,16.34,2.14,0.0
20191027:1610,0.0,0.0,0.0,15.17,1.86,0.0
20191027:1710,0.0,0.0,0.0,14.39,1.86,0.0
20191027:1810,0.0,0.0,0.0,13.66,2.0,0.0
20191027:1910,0.0,0.0,0.0,12.78,2.0,0.0
20191027:2010,0.0,0.0,0.0,12.0,2.0,0.0
20191027:2110,0.0,0.0,0.0,11.15,2.0,0.0
20191027:2210,0.0,0.0,0.0,10.42,1.86,0.0
20191027:2310,0.0,0.0,0.0,9.64,2.14,0.0
20191028:0010,0.0,0.0,0.0,8.94,2.21,0.0
20191028:0110,0.0,0.0,0.0,8.33,1.93,0.0
20191028:0210,0.0,0.0,0.0,7.96,1.66,0.0
20191028:0310,0.0,0.0,0.0,7.65,1.66,0.0
20191028:0410,0.0,0.0,0.0,7.37,1.86,0.0
20191028:0510,0.0,0.0,0.0,7.08,1.86,0.0
20191028:0610,0.0,0.0,0.0,6.52,1.66,0.0
20191028:0710,125245.0,300.27,10.34,5.91,1.72,0.0
20191028:0810,178600.0,419.45,17.69,6.35,1.66,0.0
20191028:0910,289795.0,692.63,23.32,7.48,1.59,0.0
20191028:1010,343615.0,841.61,26.69,8.52,1.38,0.0
20191028:1110,342780.0,846.02,27.4,9.69,1.31,0.0
20191028:1210,332930.0,822.62,25.34,10.47,1.24,0.0
20191028:1310,267735.0,649.51,20.8,10.91,1.45,0.0
20191028:1410,171725.0,416.55,14.26,10.89,1.45,0.0
20191028:1510,37570.0,108.62,6.25,10.48,1.45,0.0
20191028:1610,0.0,0.0,0.0,9.46,1.45,0.0
20191028:1710,0.0,0.0,0.0,8.25,1.52,0.0
20191028:1810,0.0,0.0,0.0,7.32,1.66,0.0
20191028:1910,0.0,0.0,0.0,6.01,1.86,0.0
20191028:2010,0.0,0.0,0.0,5.71,1.93,0.0
20191028:2110,0.0,0.0,0.0,5.53,1.93,0.0
20191028:2210,0.0,0.0,0.0,5.3,2.0,0.0
20191028:2310,0.0,0.0,0.0,5.14,2.07,0.0
20191029:0010,0.0,0.0,0.0,5.01,2.14,0.0
20191029:0110,0.0,0.0,0.0,4.89,2.14,0.0
20191029:0210,0.0,0.0,0.0,4.94,2.14,0.0
20191029:0310,0.0,0.0,0.0,5.02,2.21,0.0
20191029:0410,0.0,0.0,0.0,5.12,2.28,0.0
20191029:0510,0.0,0.0,0.0,5.14,2.34,0.0
20191029:0610,0.0,0.0,0.0,5.06,2.34,0.0
20191029:0710,38780.0,104.53,10.07,4.83,2.14,0.0
20191029:0810,180685.0,420.79,17.4,5.72,2.41,0.0
20191029:0910,216500.0,504.73,23.01,6.71,2.76,0.0
20191029:1010,193655.0,453.5,26.36,7.92,3.31,0.0
20191029:1110,128565.0,306.95,27.06,8.33,3.24,0.0
20191029:1210,53885.0,140.65,25.02,8.67,3.03,0.0
20191029:1310,94890.0,232.07,20.49,8.92,2.9,0.0
20191029:1410,28975.0,83.46,13.96,8.98,2.69,0.0
20191029:1510,26265.0,79.8,5.98,8.72,2.28,0.0
20191029:1610,0.0,0.0,0.0,8.22,2.0,0.0
20191029:1710,0.0,0.0,0.0,7.74,2.07,0.0
20191029:1810,0.0,0.0,0.0,7.4,2.21,0.0
20191029:1910,0.0,0.0,0.0,6.58,2.48,0.0
20191029:2010,0.0,0.0,0.0,6.29,2.76,0.0
20191029:2110,0.0,0.0,0.0,5.95,2.97,0.0
20191029:2210,0.0,0.0,0.0,5.61,2.97,0.0
20191029:2310,0.0,0.0,0.0,5.05,2.9,0.0
20191030:0010,0.0,0.0,0.0,4.67,2.76,0.0
20191030:0110,0.0,0.0,0.0,4.17,2.62,0.0
20191030:0210,0.0,0.0,0.0,3.84,2.55,0.0
20191030:0310,0.0,0.0,0.0,3.47,2.48,0.0
20191030:0410,0.0,0.0,0.0,3.15,2.55,0.0
20191030:0510,0.0,0.0,0.0,2.67,2.48,0.0
20191030:0610,0.0,0.0,0.0,2.33,2.48,0.0
20191030:0710,126690.0,297.39,9.8,2.45,3.17,0.0
20191030:0810,252980.0,579.58,17.11,3.11,3.17,0.0
20191030:0910,321745.0,747.11,22.69,3.97,3.1,0.0
20191030:1010,351360.0,823.94,26.03,4.66,3.17,0.0
20191030:1110,320195.0,749.0,26.73,5.34,3.17,0.0
20191030:1210,269705.0,628.17,24.69,5.79,2.97,0.0
20191030:1310,260650.0,607.29,20.18,5.98,2.9,0.0
20191030:1410,175920.0,413.44,13.67,6.03,2.9,0.0
20191030:1510,51775.0,141.77,5.7,5.75,2.9,0.0
20191030:1610,0.0,0.0,0.0,5.2,2.48,0.0
20191030:1710,0.0,0.0,0.0,4.78,2.69,0.0
20191030:1810,0.0,0.0,0.0,4.32,2.69,0.0
20191030:1910,0.0,0.0,0.0,4.34,2.76,0.0
20191030:2010,0.0,0.0,0.0,4.08,2.83,0.0
20191030:2110,0.0,0.0,0.0,3.85,2.76,0.0
20191030:2210,0.0,0.0,0.0,3.54,2.76,0.0
20191030:2310,0.0,0.0,0.0,3.05,2.62,0.0
20191031:0010,0.0,0.0,0.0,2.55,2.41,0.0
20191031:0110,0.0,0.0,0.0,2.1,2.34,0.0
20191031:0210,0.0,0.0,0.0,1.69,2.34,0.0
20191031:0310,0.0,0.0,0.0,1.32,2.34,0.0
20191031:0410,0.0,0.0,0.0,0.94,2.28,0.0
20191031:0510,0.0,0.0,0.0,0.58,2.34,0.0
20191031:0610,0.0,0.0,0.0,0.25,2.41,0.0
20191031:0710,129610.0,301.45,9.52,-0.03,2.48,0.0
20191031:0810,258835.0,590.73,16.81,1.25,2.62,0.0
20191031:0910,337285.0,784.08,22.38,2.83,2.76,0.0
20191031:1010,356255.0,839.43,25.71,4.24,2.69,0.0
20191031:1110,365130.0,867.59,26.4,5.41,2.69,0.0
20191031:1210,348085.0,827.11,24.37,6.23,2.62,0.0
20191031:1310,284615.0,669.16,19.88,6.66,2.62,0.0
20191031:1410,193335.0,455.98,13.39,6.57,2.62,0.0
20191031:1510,44800.0,125.27,5.44,5.88,2.14,0.0
20191031:1610,0.0,0.0,0.0,4.43,2.34,0.0
20191031:1710,0.0,0.0,0.0,3.3,2.48,0.0
20191031:1810,0.0,0.0,0.0,2.41,2.41,0.0
20191031:1910,0.0,0.0,0.0,1.48,2.34,0.0
20191031:2010,0.0,0.0,0.0,1.05,2.28,0.0
20191031:2110,0.0,0.0,0.0,0.71,2.21,0.0
20191031:2210,0.0,0.0,0.0,0.45,2.14,0.0
20191031:2310,0.0,0.0,0.0,0.29,1.93,0.0
20191101:0010,0.0,0.0,0.0,0.22,1.86,0.0
20191101:0110,0.0,0.0,0.0,0.24,1.93,0.0
20191101:0210,0.0,0.0,0.0,0.26,1.93,0.0
20191101:0310,0.0,0.0,0.0,0.37,1.86,0.0
20191101:0410,0.0,0.0,0.0,0.45,1.79,0.0
20191101:0510,0.0,0.0,0.0,0.38,1.79,0.0
20191101:0610,0.0,0.0,0.0,0.36,1.93,0.0
20191101:0710,12180.0,41.36,9.25,0.9,1.86,0.0
20191101:0810,20060.0,60.66,16.52,2.37,2.41,0.0
20191101:0910,26590.0,76.29,22.08,3.7,2.55,0.0
20191101:1010,31145.0,87.32,25.39,5.23,2.55,0.0
20191101:1110,25465.0,74.45,26.08,6.35,2.55,0.0
20191101:1210,31995.0,90.07,24.06,7.43,2.48,0.0
20191101:1310,15770.0,51.47,19.58,7.85,2.48,0.0
20191101:1410,7570.0,30.33,13.11,8.07,2.21,0.0
20191101:1510,2015.0,13.79,5.18,7.87,2.21,0.0
20191101:1610,0.0,0.0,0.0,7.38,2.28,0.0
20191101:1710,0.0,0.0,0.0,6.88,2.28,0.0
20191101:1810,0.0,0.0,0.0,6.45,2.48,0.0
20191101:1910,0.0,0.0,0.0,6.08,2.69,0.0
20191101:2010,0.0,0.0,0.0,6.28,2.76,0.0
20191101:2110,0.0,0.0,0.0,6.51,2.76,0.0
20191101:2210,0.0,0.0,0.0,6.56,2.83,0.0
20191101:2310,0.0,0.0,0.0,6.75,2.9,0.0
20191102:0010,0.0,0.0,0.0,6.94,3.03,0.0
20191102:0110,0.0,0.0,0.0,7.18,3.24,0.0
20191102:0210,0.0,0.0,0.0,7.58,3.24,0.0
20191102:0310,0.0,0.0,0.0,7.96,3.17,0.0
20191102:0410,0.0,0.0,0.0,8.27,3.03,0.0
20191102:0510,0.0,0.0,0.0,8.5,3.17,0.0
20191102:0610,0.0,0.0,0.0,8.76,3.24,0.0
20191102:0710,6535.0,27.57,8.98,9.04,3.31,0.0
20191102:0810,25865.0,76.29,16.24,9.51,3.38,0.0
20191102:0910,46225.0,123.69,21.77,9.77,3.24,0.0
20191102:1010,94180.0,232.05,25.07,10.34,3.24,0.0
20191102:1110,64175.0,165.55,25.76,11.17,2.97,0.0
20191102:1210,31425.0,90.07,23.75,11.32,3.24,0.0
20191102:1310,36245.0,101.76,19.28,12.19,2.76,0.0
20191102:1410,64795.0,167.38,12.83,12.07,2.83,0.0
20191102:1510,15850.0,54.42,4.92,12.1,2.48,0.0
20191102:1610,0.0,0.0,0.0,11.75,2.14,0.0
20191102:1710,0.0,0.0,0.0,10.65,2.28,0.0
20191102:1810,0.0,0.0,0.0,10.13,2.41,0.0
20191102:1910,0.0,0.0,0.0,10.53,2.41,0.0
20191102:2010,0.0,0.0,0.0,10.18,2.48,0.0
20191102:2110,0.0,0.0,0.0,9.65,2.62,0.0
20191102:2210,0.0,0.0,0.0,9.56,2.55,0.0
20191102:2310,0.0,0.0,0.0,9.19,2.48,0.0
20191103:0010,0.0,0.0,0.0,8.71,2.41,0.0
20191103:0110,0.0,0.0,0.0,8.17,2.28,0.0
20191103:0210,0.0,0.0,0.0,8.1,2.0,0.0
20191103:0310,0.0,0.0,0.0,8.06,1.79,0.0
20191103:0410,0.0,0.0,0.0,7.87,1.66,0.0
20191103:0510,0.0,0.0,0.0,7.69,1.66,0.0
20191103:0610,0.0,0.0,0.0,7.47,1.59,0.0
20191103:0710,21520.0,65.52,8.72,7.83,1.31,0.0
20191103:0810,24410.0,72.61,15.95,8.3,1.24,0.0
20191103:0910,39940.0,109.17,21.47,8.84,1.17,0.0
20191103:1010,64960.0,166.61,24.76,9.26,1.17,0.0
20191103:1110,78075.0,196.93,25.45,10.21,1.38,0.0
20191103:1210,130940.0,318.27,23.44,11.41,1.52,0.0
20191103:1310,117670.0,287.92,18.99,12.2,1.86,0.0
20191103:1410,38390.0,106.76,12.56,12.21,2.0,0.0
20191103:1510,5300.0,24.61,4.67,11.54,2.21,0.0
20191103:1610,0.0,0.0,0.0,10.58,2.41,0.0
20191103:1710,0.0,0.0,0.0,9.91,2.28,0.0
20191103:1810,0.0,0.0,0.0,9.38,1.79,0.0
20191103:1910,0.0,0.0,0.0,8.23,0.76,0.0
20191103:2010,0.0,0.0,0.0,8.05,0.76,0.0
20191103:2110,0.0,0.0,0.0,8.34,1.59,0.0
20191103:2210,0.0,0.0,0.0,8.72,2.14,0.0
20191103:2310,0.0,0.0,0.0,9.02,2.28,0.0
20191104:0010,0.0,0.0,0.0,9.17,2.9,0.0
20191104:0110,0.0,0.0,0.0,9.02,3.79,0.0
20191104:0210,0.0,0.0,0.0,8.73,3.93,0.0
20191104:0310,0.0,0.0,0.0,8.64,3.79,0.0
20191104:0410,0.0,0.0,0.0,8.67,4.0,0.0
20191104:0510,0.0,0.0,0.0,8.56,4.0,0.0
20191104:0610,0.0,0.0,0.0,8.25,3.72,0.0
20191104:0710,25585.0,75.25,8.45,8.31,2.97,0.0
20191104:0810,50555.0,132.43,15.67,8.55,2.83,0.0
20191104:0910,276085.0,655.71,21.17,9.23,2.55,0.0
20191104:1010,86875.0,215.32,24.45,10.03,3.31,0.0
20191104:1110,86915.0,216.46,25.14,11.25,3.72,0.0
20191104:1210,86575.0,216.15,23.14,12.26,4.21,0.0
20191104:1310,36795.0,102.75,18.71,11.52,2.9,0.0
20191104:1410,6800.0,28.49,12.3,10.76,2.21,0.0
20191104:1510,11940.0,43.63,4.42,10.12,2.28,0.0
20191104:1610,0.0,0.0,0.0,8.99,2.55,0.0
20191104:1710,0.0,0.0,0.0,8.59,2.97,0.0
20191104:1810,0.0,0.0,0.0,8.48,3.03,0.0
20191104:1910,0.0,0.0,0.0,8.71,3.1,0.0
20191104:2010,0.0,0.0,0.0,8.25,2.69,0.0
20191104:2110,0.0,0.0,0.0,7.68,2.28,0.0
20191104:2210,0.0,0.0,0.0,7.11,2.34,0.0
20191104:2310,0.0,0.0,0.0,6.97,2.76,0.0
20191105:0010,0.0,0.0,0.0,7.12,2.76,0.0
20191105:0110,0.0,0.0,0.0,7.47,2.9,0.0
20191105:0210,0.0,0.0,0.0,7.72,2.76,0.0
20191105:0310,0.0,0.0,0.0,7.59,2.41,0.0
20191105:0410,0.0,0.0,0.0,7.19,2.0,0.0
20191105:0510,0.0,0.0,0.0,6.89,1.79,0.0
20191105:0610,0.0,0.0,0.0,6.51,1.72,0.0
20191105:0710,13100.0,44.55,8.18,6.43,2.14,0.0
20191105:0810,22640.0,68.02,15.39,7.15,1.86,0.0
20191105:0910,85810.0,211.61,20.87,8.03,1.72,0.0
20191105:1010,135110.0,323.49,24.14,8.88,2.0,0.0
20191105:1110,150810.0,359.71,24.83,9.53,2.41,0.0
20191105:1210,136535.0,327.53,22.85,9.75,2.21,0.0
20191105:1310,214490.0,510.12,18.43,10.0,2.21,0.0
20191105:1410,35385.0,98.86,12.04,9.97,1.72,0.0
20191105:1510,13705.0,48.59,4.18,9.71,1.38,0.0
20191105:1610,0.0,0.0,0.0,8.84,1.45,0.0
20191105:1710,0.0,0.0,0.0,8.06,1.72,0.0
20191105:1810,0.0,0.0,0.0,7.32,1.79,0.0
20191105:1910,0.0,0.0,0.0,6.13,1.52,0.0
20191105:2010,0.0,0.0,0.0,5.6,1.52,0.0
20191105:2110,0.0,0.0,0.0,5.19,1.52,0.0
20191105:2210,0.0,0.0,0.0,4.61,1.52,0.0
20191105:2310,0.0,0.0,0.0,3.97,1.45,0.0
20191106:0010,0.0,0.0,0.0,3.7,1.38,0.0
20191106:0110,0.0,0.0,0.0,3.6,1.38,0.0
20191106:0210,0.0,0.0,0.0,3.5,1.45,0.0
20191106:0310,0.0,0.0,0.0,3.23,1.52,0.0
20191106:0410,0.0,0.0,0.0,3.54,1.59,0.0
20191106:0510,0.0,0.0,0.0,3.82,1.59,0.0
20191106:0610,0.0,0.0,0.0,4.18,1.45,0.0
20191106:0710,36385.0,99.07,7.92,4.28,1.59,0.0
20191106:0810,50490.0,130.65,15.11,5.4,2.34,0.0
20191106:0910,36500.0,100.19,20.58,6.69,2.62,0.0
20191106:1010,42335.0,113.97,23.84,7.69,2.83,0.0
20191106:1110,35785.0,99.27,24.53,8.67,3.17,0.0
20191106:1210,79325.0,197.7,22.55,9.15,2.97,0.0
20191106:1310,27815.0,80.88,18.16,9.21,2.48,0.0
20191106:1410,19510.0,60.93,11.79,9.11,2.07,0.0
20191106:1510,6965.0,29.53,3.94,8.35,1.86,0.0
20191106:1610,0.0,0.0,0.0,7.19,1.93,0.0
20191106:1710,0.0,0.0,0.0,6.42,1.93,0.0
20191106:1810,0.0,0.0,0.0,5.78,1.93,0.0
20191106:1910,0.0,0.0,0.0,5.33,1.86,0.0
20191106:2010,0.0,0.0,0.0,4.87,1.86,0.0
20191106:2110,0.0,0.0,0.0,4.75,1.79,0.0
20191106:2210,0.0,0.0,0.0,4.73,1.72,0.0
20191106:2310,0.0,0.0,0.0,4.59,1.72,0.0
20191107:0010,0.0,0.0,0.0,4.84,1.59,0.0
20191107:0110,0.0,0.0,0.0,4.91,1.59,0.0
20191107:0210,0.0,0.0,0.0,4.86,1.66,0.0
20191107:0310,0.0,0.0,0.0,4.56,1.72,0.0
20191107:0410,0.0,0.0,0.0,4.32,1.79,0.0
20191107:0510,0.0,0.0,0.0,4.15,1.79,0.0
20191107:0610,0.0,0.0,0.0,3.59,1.93,0.0
20191107:0710,22890.0,67.43,7.66,2.65,1.79,0.0
20191107:0810,36910.0,99.83,14.83,4.08,2.0,0.0
20191107:0910,132765.0,313.23,20.29,5.89,2.07,0.0
20191107:1010,290540.0,688.76,23.54,7.58,2.28,0.0
20191107:1110,156725.0,371.41,24.23,8.95,2.83,0.0
20191107:1210,310000.0,740.53,22.27,9.77,2.9,0.0
20191107:1310,103045.0,251.18,17.89,10.03,2.76,0.0
20191107:1410,58925.0,152.66,11.54,9.88,2.48,0.0
20191107:1510,9325.0,36.53,3.71,9.27,2.0,0.0
20191107:1610,0.0,0.0,0.0,8.5,2.07,0.0
20191107:1710,0.0,0.0,0.0,7.9,2.07,0.0
20191107:1810,0.0,0.0,0.0,7.29,2.0,0.0
20191107:1910,0.0,0.0,0.0,6.67,1.93,0.0
20191107:2010,0.0,0.0,0.0,6.07,1.66,0.0
20191107:2110,0.0,0.0,0.0,5.44,1.52,0.0
20191107:2210,0.0,0.0,0.0,4.97,1.45,0.0
20191107:2310,0.0,0.0,0.0,4.4,1.03,0.0
20191108:0010,0.0,0.0,0.0,5.43,0.48,0.0
20191108:0110,0.0,0.0,0.0,3.79,1.17,0.0
20191108:0210,0.0,0.0,0.0,4.11,1.38,0.0
20191108:0310,0.0,0.0,0.0,4.75,1.66,0.0
20191108:0410,0.0,0.0,0.0,4.92,1.93,0.0
20191108:0510,0.0,0.0,0.0,5.18,2.28,0.0
20191108:0610,0.0,0.0,0.0,5.31,2.48,0.0
20191108:0710,7370.0,29.41,7.4,4.68,2.62,0.0
20191108:0810,33775.0,93.13,14.56,5.38,3.1,0.0
20191108:0910,21255.0,64.34,20.0,5.91,2.9,0.0
20191108:1010,38580.0,104.78,23.25,6.67,4.14,0.0
20191108:1110,25415.0,74.45,23.94,7.01,3.93,0.0
20191108:1210,16995.0,54.23,21.99,6.69,3.31,0.0
20191108:1310,19680.0,60.66,17.62,6.32,2.9,0.0
20191108:1410,13665.0,45.96,11.29,6.33,1.93,0.0
20191108:1510,0.0,5.51,3.49,6.4,1.45,0.0
20191108:1610,0.0,0.0,0.0,6.09,1.31,0.0
20191108:1710,0.0,0.0,0.0,5.97,1.1,0.0
20191108:1810,0.0,0.0,0.0,5.84,0.9,0.0
20191108:1910,0.0,0.0,0.0,5.4,0.14,0.0
20191108:2010,0.0,0.0,0.0,5.41,0.69,0.0
20191108:2110,0.0,0.0,0.0,5.42,1.24,0.0
20191108:2210,0.0,0.0,0.0,5.48,1.31,0.0
20191108:2310,0.0,0.0,0.0,5.58,1.38,0.0
20191109:0010,0.0,0.0,0.0,5.64,1.45,0.0
20191109:0110,0.0,0.0,0.0,5.65,1.24,0.0
20191109:0210,0.0,0.0,0.0,5.59,1.17,0.0
20191109:0310,0.0,0.0,0.0,5.37,1.79,0.0
20191109:0410,0.0,0.0,0.0,4.98,2.28,0.0
20191109:0510,0.0,0.0,0.0,4.45,2.41,0.0
20191109:0610,0.0,0.0,0.0,4.01,2.28,0.0
20191109:0710,2350.0,14.71,7.14,3.46,2.34,0.0
20191109:0810,17660.0,55.15,14.29,3.31,2.55,0.0
20191109:0910,18820.0,57.91,19.72,3.34,3.31,0.0
20191109:1010,31400.0,87.32,22.96,3.79,3.59,0.0
20191109:1110,28075.0,79.96,23.65,4.59,3.1,0.0
20191109:1210,112960.0,268.21,21.71,5.44,2.83,0.0
20191109:1310,66655.0,166.83,17.37,6.1,2.97,0.0
20191109:1410,8670.0,33.09,11.05,6.28,2.34,0.0
20191109:1510,1770.0,12.87,3.27,6.18,1.38,0.0
20191109:1610,0.0,0.0,0.0,5.5,0.76,0.0
20191109:1710,0.0,0.0,0.0,4.68,1.38,0.0
20191109:1810,0.0,0.0,0.0,3.76,1.52,0.0
20191109:1910,0.0,0.0,0.0,2.73,1.72,0.0
20191109:2010,0.0,0.0,0.0,2.6,1.66,0.0
20191109:2110,0.0,0.0,0.0,1.94,1.59,0.0
20191109:2210,0.0,0.0,0.0,1.59,1.31,0.0
20191109:2310,0.0,0.0,0.0,0.76,1.17,0.0
20191110:0010,0.0,0.0,0.0,0.02,1.38,0.0
20191110:0110,0.0,0.0,0.0,-0.67,1.52,0.0
20191110:0210,0.0,0.0,0.0,-0.95,1.59,0.0
20191110:0310,0.0,0.0,0.0,-1.21,1.59,0.0
20191110:0410,0.0,0.0,0.0,-1.74,1.79,0.0
20191110:0510,0.0,0.0,0.0,-2.01,1.79,0.0
20191110:0610,0.0,0.0,0.0,-2.17,1.79,0.0
20191110:0710,32745.0,89.12,6.89,-0.56,1.45,0.0
20191110:0810,90790.0,215.37,14.02,0.57,1.38,0.0
20191110:0910,55640.0,140.32,19.44,1.28,1.45,0.0
20191110:1010,92945.0,222.06,22.67,2.12,1.79,0.0
20191110:1110,110955.0,262.82,23.37,3.37,1.72,0.0
20191110:1210,238090.0,556.22,21.44,4.69,1.52,0.0
20191110:1310,263355.0,620.42,17.11,5.48,1.52,0.0
20191110:1410,172325.0,408.6,10.82,5.43,1.45,0.0
20191110:1510,13770.0,48.75,3.05,5.0,1.03,0.0
20191110:1610,0.0,0.0,0.0,4.02,1.31,0.0
20191110:1710,0.0,0.0,0.0,2.74,1.38,0.0
20191110:1810,0.0,0.0,0.0,1.39,1.45,0.0
20191110:1910,0.0,0.0,0.0,1.95,1.03,0.0
20191110:2010,0.0,0.0,0.0,2.0,0.83,0.0
20191110:2110,0.0,0.0,0.0,1.98,0.69,0.0
20191110:2210,0.0,0.0,0.0,1.54,0.9,0.0
20191110:2310,0.0,0.0,0.0,1.37,0.83,0.0
20191111:0010,0.0,0.0,0.0,1.66,0.69,0.0
20191111:0110,0.0,0.0,0.0,0.77,0.97,0.0
20191111:0210,0.0,0.0,0.0,0.01,1.24,0.0
20191111:0310,0.0,0.0,0.0,-0.4,1.24,0.0
20191111:0410,0.0,0.0,0.0,-0.11,1.24,0.0
20191111:0510,0.0,0.0,0.0,0.34,1.52,0.0
20191111:0610,0.0,0.0,0.0,0.51,1.52,0.0
20191111:0710,10870.0,38.04,6.64,0.52,1.38,0.0
20191111:0810,20580.0,61.58,13.75,0.93,1.72,0.0
20191111:0910,15505.0,49.63,19.16,1.69,2.41,0.0
20191111:1010,22425.0,66.18,22.39,2.26,2.76,0.0
20191111:1110,23115.0,68.02,23.09,3.05,2.48,0.0
20191111:1210,21470.0,64.34,21.17,3.79,2.41,0.0
20191111:1310,16415.0,52.39,16.87,4.5,2.48,0.0
20191111:1410,0.0,0.0,0.0,4.89,2.21,0.0
20191111:1510,4035.0,20.59,2.84,4.52,1.59,0.0
20191111:1610,0.0,0.0,0.0,3.53,1.59,0.0
20191111:1710,0.0,0.0,0.0,2.63,1.31,0.0
20191111:1810,0.0,0.0,0.0,1.81,0.97,0.0
20191111:1910,0.0,0.0,0.0,0.77,1.17,0.0
20191111:2010,0.0,0.0,0.0,0.7,1.31,0.0
20191111:2110,0.0,0.0,0.0,0.84,1.45,0.0
20191111:2210,0.0,0.0,0.0,0.81,1.66,0.0
20191111:2310,0.0,0.0,0.0,0.86,1.93,0.0
20191112:0010,0.0,0.0,0.0,1.0,1.93,0.0
20191112:0110,0.0,0.0,0.0,1.15,2.07,0.0
20191112:0210,0.0,0.0,0.0,1.39,2.14,0.0
20191112:0310,0.0,0.0,0.0,1.65,2.21,0.0
20191112:0410,0.0,0.0,0.0,1.93,2.21,0.0
20191112:0510,0.0,0.0,0.0,2.17,2.14,0.0
20191112:0610,0.0,0.0,0.0,2.2,2.0,0.0
20191112:0710,6780.0,27.57,6.39,2.16,1.93,0.0
20191112:0810,65590.0,161.96,13.49,2.9,2.76,0.0
20191112:0910,53245.0,136.08,18.89,3.73,2.62,0.0
20191112:1010,78090.0,191.31,22.11,4.59,2.62,0.0
20191112:1110,24435.0,71.69,22.81,5.18,2.41,0.0
20191112:1210,36310.0,99.27,20.91,5.42,2.34,0.0
20191112:1310,24765.0,72.61,16.63,5.64,2.21,0.0
20191112:1410,13370.0,45.04,10.37,5.26,1.59,0.0
20191112:1510,0.0,2.76,2.64,4.84,1.45,0.0
20191112:1610,0.0,0.0,0.0,4.21,1.45,0.0
20191112:1710,0.0,0.0,0.0,3.75,1.66,0.0
20191112:1810,0.0,0.0,0.0,3.38,1.52,0.0
20191112:1910,0.0,0.0,0.0,2.82,1.59,0.0
20191112:2010,0.0,0.0,0.0,2.57,1.86,0.0
20191112:2110,0.0,0.0,0.0,2.46,1.52,0.0
20191112:2210,0.0,0.0,0.0,2.25,1.66,0.0
20191112:2310,0.0,0.0,0.0,2.17,1.72,0.0
20191113:0010,0.0,0.0,0.0,2.03,1.66,0.0
20191113:0110,0.0,0.0,0.0,1.89,1.45,0.0
20191113:0210,0.0,0.0,0.0,1.71,0.97,0.0
20191113:0310,0.0,0.0,0.0,1.52,0.76,0.0
20191113:0410,0.0,0.0,0.0,1.43,0.69,0.0
20191113:0510,0.0,0.0,0.0,1.23,0.83,0.0
20191113:0610,0.0,0.0,0.0,1.1,1.31,0.0
20191113:0710,12370.0,41.9,6.14,1.07,1.52,0.0
20191113:0810,17045.0,53.31,13.23,1.39,1.66,0.0
20191113:0910,23610.0,68.93,18.62,1.98,1.72,0.0
20191113:1010,40035.0,106.62,21.84,2.63,1.93,0.0
20191113:1110,50495.0,130.27,22.55,3.41,1.93,0.0
20191113:1210,116355.0,274.64,20.66,4.01,2.0,0.0
20191113:1310,18705.0,57.91,16.39,4.23,1.52,0.0
20191113:1410,36240.0,98.66,10.16,4.36,1.17,0.0
20191113:1510,870.0,9.48,2.44,4.27,1.1,0.0
20191113:1610,0.0,0.0,0.0,3.68,1.31,0.0
20191113:1710,0.0,0.0,0.0,3.01,1.52,0.0
20191113:1810,0.0,0.0,0.0,2.44,1.66,0.0
20191113:1910,0.0,0.0,0.0,2.07,1.72,0.0
20191113:2010,0.0,0.0,0.0,1.86,1.72,0.0
20191113:2110,0.0,0.0,0.0,1.84,1.66,0.0
20191113:2210,0.0,0.0,0.0,2.05,1.59,0.0
20191113:2310,0.0,0.0,0.0,1.92,1.52,0.0
20191114:0010,0.0,0.0,0.0,1.68,1.66,0.0
20191114:0110,0.0,0.0,0.0,1.19,1.79,0.0
20191114:0210,0.0,0.0,0.0,0.71,1.86,0.0
20191114:0310,0.0,0.0,0.0,-0.2,2.0,0.0
20191114:0410,0.0,0.0,0.0,-0.72,2.14,0.0
20191114:0510,0.0,0.0,0.0,-0.96,2.28,0.0
20191114:0610,0.0,0.0,0.0,-1.08,2.34,0.0
20191114:0710,27365.0,76.83,5.9,-1.05,2.07,0.0
20191114:0810,221780.0,505.03,12.98,0.33,2.0,0.0
20191114:0910,295880.0,682.1,18.36,2.24,2.41,0.0
20191114:1010,326420.0,760.55,21.57,3.95,2.83,0.0
20191114:1110,273535.0,633.76,22.28,5.07,3.1,0.0
20191114:1210,294630.0,686.78,20.41,5.91,3.17,0.0
20191114:1310,255260.0,593.27,16.16,6.42,3.38,0.0
20191114:1410,171095.0,403.34,9.95,6.32,3.31,0.0
20191114:1510,860.0,9.48,2.25,5.46,3.1,0.0
20191114:1610,0.0,0.0,0.0,4.38,3.38,0.0
20191114:1710,0.0,0.0,0.0,3.71,3.52,0.0
20191114:1810,0.0,0.0,0.0,3.14,3.45,0.0
20191114:1910,0.0,0.0,0.0,2.05,3.24,0.0
20191114:2010,0.0,0.0,0.0,1.81,3.31,0.0
20191114:2110,0.0,0.0,0.0,1.79,3.38,0.0
20191114:2210,0.0,0.0,0.0,1.73,3.52,0.0
20191114:2310,0.0,0.0,0.0,1.69,3.45,0.0
20191115:0010,0.0,0.0,0.0,1.7,3.38,0.0
20191115:0110,0.0,0.0,0.0,1.71,3.52,0.0
20191115:0210,0.0,0.0,0.0,1.95,3.38,0.0
20191115:0310,0.0,0.0,0.0,2.22,2.97,0.0
20191115:0410,0.0,0.0,0.0,2.5,2.76,0.0
20191115:0510,0.0,0.0,0.0,2.96,2.97,0.0
20191115:0610,0.0,0.0,0.0,3.6,3.24,0.0
20191115:0710,20260.0,61.4,5.65,3.05,3.24,0.0
20191115:0810,223675.0,514.47,12.72,4.62,3.38,0.0
20191115:0910,60540.0,153.93,18.1,7.08,2.9,0.0
20191115:1010,66760.0,169.82,21.31,9.57,2.97,0.0
20191115:1110,25245.0,75.37,22.03,11.17,2.41,0.0
20191115:1210,21410.0,66.18,20.17,11.57,2.76,0.0
20191115:1310,14820.0,49.63,15.94,10.59,2.34,0.0
20191115:1410,32690.0,92.4,9.75,9.5,1.52,0.0
20191115:1510,0.0,0.0,0.0,8.43,1.31,0.0
20191115:1610,0.0,0.0,0.0,7.51,1.38,0.0
20191115:1710,0.0,0.0,0.0,6.46,1.31,0.0
20191115:1810,0.0,0.0,0.0,5.81,1.45,0.0
20191115:1910,0.0,0.0,0.0,4.48,1.79,0.0
20191115:2010,0.0,0.0,0.0,4.15,1.79,0.0
20191115:2110,0.0,0.0,0.0,3.92,1.59,0.0
20191115:2210,0.0,0.0,0.0,3.77,1.45,0.0
20191115:2310,0.0,0.0,0.0,3.84,1.1,0.0
20191116:0010,0.0,0.0,0.0,3.93,0.69,0.0
20191116:0110,0.0,0.0,0.0,4.13,1.52,0.0
20191116:0210,0.0,0.0,0.0,3.78,1.86,0.0
20191116:0310,0.0,0.0,0.0,3.05,2.14,0.0
20191116:0410,0.0,0.0,0.0,2.5,2.48,0.0
20191116:0510,0.0,0.0,0.0,2.14,2.28,0.0
20191116:0610,0.0,0.0,0.0,1.97,2.0,0.0
20191116:0710,8180.0,31.43,5.41,2.91,1.72,0.0
20191116:0810,26980.0,77.01,12.48,3.48,1.86,0.0
20191116:0910,188385.0,436.54,17.84,4.08,1.66,0.0
20191116:1010,44465.0,117.66,21.05,4.98,1.59,0.0
20191116:1110,37405.0,102.02,21.78,5.73,1.45,0.0
20191116:1210,18510.0,57.91,19.93,6.21,0.97,0.0
20191116:1310,36410.0,99.99,15.72,6.53,0.62,0.0
20191116:1410,21185.0,64.47,9.55,6.72,0.34,0.0
20191116:1510,0.0,0.0,0.0,6.47,0.76,0.0
20191116:1610,0.0,0.0,0.0,5.83,1.17,0.0
20191116:1710,0.0,0.0,0.0,5.03,1.38,0.0
20191116:1810,0.0,0.0,0.0,4.42,1.45,0.0
20191116:1910,0.0,0.0,0.0,4.15,1.24,0.0
20191116:2010,0.0,0.0,0.0,4.09,1.03,0.0
20191116:2110,0.0,0.0,0.0,3.9,1.31,0.0
20191116:2210,0.0,0.0,0.0,3.62,1.66,0.0
20191116:2310,0.0,0.0,0.0,3.54,1.72,0.0
20191117:0010,0.0,0.0,0.0,3.47,1.79,0.0
20191117:0110,0.0,0.0,0.0,3.5,2.21,0.0
20191117:0210,0.0,0.0,0.0,3.54,2.55,0.0
20191117:0310,0.0,0.0,0.0,3.6,2.83,0.0
20191117:0410,0.0,0.0,0.0,3.75,3.1,0.0
20191117:0510,0.0,0.0,0.0,3.88,3.1,0.0
20191117:0610,0.0,0.0,0.0,3.84,3.31,0.0
20191117:0710,3690.0,18.96,5.18,4.38,2.97,0.0
20191117:0810,35450.0,96.56,12.23,4.95,2.9,0.0
20191117:0910,107235.0,255.46,17.59,5.76,2.48,0.0
20191117:1010,209960.0,489.97,20.8,7.07,2.62,0.0
20191117:1110,108635.0,262.0,21.53,7.98,2.14,0.0
20191117:1210,21335.0,65.26,19.7,8.56,1.79,0.0
20191117:1310,172385.0,409.27,15.51,9.26,1.93,0.0
20191117:1410,140800.0,341.35,9.36,9.71,1.86,0.0
20191117:1510,0.0,0.0,0.0,9.59,2.07,0.0
20191117:1610,0.0,0.0,0.0,9.24,2.34,0.0
20191117:1710,0.0,0.0,0.0,9.11,2.48,0.0
20191117:1810,0.0,0.0,0.0,8.78,2.21,0.0
20191117:1910,0.0,0.0,0.0,8.84,2.41,0.0
20191117:2010,0.0,0.0,0.0,8.24,2.07,0.0
20191117:2110,0.0,0.0,0.0,7.52,2.0,0.0
20191117:2210,0.0,0.0,0.0,6.79,2.07,0.0
20191117:2310,0.0,0.0,0.0,6.36,1.79,0.0
20191118:0010,0.0,0.0,0.0,6.1,1.66,0.0
20191118:0110,0.0,0.0,0.0,5.85,1.66,0.0
20191118:0210,0.0,0.0,0.0,5.49,1.66,0.0
20191118:0310,0.0,0.0,0.0,5.07,1.66,0.0
20191118:0410,0.0,0.0,0.0,4.53,1.86,0.0
20191118:0510,0.0,0.0,0.0,4.1,2.14,0.0
20191118:0610,0.0,0.0,0.0,3.67,2.28,0.0
20191118:0710,1100.0,10.34,4.95,3.3,2.21,0.0
20191118:0810,17655.0,55.15,11.99,3.34,2.28,0.0
20191118:0910,34385.0,94.03,17.34,3.55,2.62,0.0
20191118:1010,36940.0,100.19,20.55,4.3,2.97,0.0
20191118:1110,119480.0,281.76,21.29,5.3,3.38,0.0
20191118:1210,209805.0,484.24,19.47,6.38,4.07,0.0
20191118:1310,163685.0,381.18,15.3,7.07,4.21,0.0
20191118:1410,156110.0,370.08,9.17,7.18,3.59,0.0
20191118:1510,0.0,0.0,0.0,6.78,2.9,0.0
20191118:1610,0.0,0.0,0.0,5.91,2.76,0.0
20191118:1710,0.0,0.0,0.0,5.25,2.76,0.0
20191118:1810,0.0,0.0,0.0,4.39,2.62,0.0
20191118:1910,0.0,0.0,0.0,3.36,2.69,0.0
20191118:2010,0.0,0.0,0.0,3.01,2.69,0.0
20191118:2110,0.0,0.0,0.0,2.72,2.55,0.0
20191118:2210,0.0,0.0,0.0,2.47,2.41,0.0
20191118:2310,0.0,0.0,0.0,2.18,2.21,0.0
20191119:0010,0.0,0.0,0.0,1.84,2.21,0.0
20191119:0110,0.0,0.0,0.0,1.54,2.28,0.0
20191119:0210,0.0,0.0,0.0,1.3,2.21,0.0
20191119:0310,0.0,0.0,0.0,0.98,2.0,0.0
20191119:0410,0.0,0.0,0.0,0.73,1.72,0.0
20191119:0510,0.0,0.0,0.0,0.46,1.45,0.0
20191119:0610,0.0,0.0,0.0,-0.53,1.1,0.0
20191119:0710,6240.0,25.85,4.72,-0.6,1.03,0.0
20191119:0810,154840.0,359.41,11.75,1.23,0.34,0.0
20191119:0910,258020.0,608.32,17.1,2.8,0.28,0.0
20191119:1010,290140.0,696.18,20.31,3.79,0.14,0.0
20191119:1110,96125.0,232.9,21.05,4.64,0.07,0.0
20191119:1210,28675.0,81.8,19.25,5.09,0.21,0.0
20191119:1310,10825.0,38.6,15.1,5.15,0.41,0.0
20191119:1410,123230.0,296.68,8.99,5.2,0.48,0.0
20191119:1510,0.0,0.0,0.0,4.86,0.62,0.0
20191119:1610,0.0,0.0,0.0,4.25,0.83,0.0
20191119:1710,0.0,0.0,0.0,3.63,1.03,0.0
20191119:1810,0.0,0.0,0.0,2.97,1.1,0.0
20191119:1910,0.0,0.0,0.0,2.88,1.24,0.0
20191119:2010,0.0,0.0,0.0,2.61,1.31,0.0
20191119:2110,0.0,0.0,0.0,2.28,1.17,0.0
20191119:2210,0.0,0.0,0.0,1.2,1.17,0.0
20191119:2310,0.0,0.0,0.0,0.7,1.1,0.0
20191120:0010,0.0,0.0,0.0,0.4,1.1,0.0
20191120:0110,0.0,0.0,0.0,0.3,1.1,0.0
20191120:0210,0.0,0.0,0.0,0.13,1.17,0.0
20191120:0310,0.0,0.0,0.0,-0.55,1.45,0.0
20191120:0410,0.0,0.0,0.0,-0.8,1.45,0.0
20191120:0510,0.0,0.0,0.0,-1.19,1.52,0.0
20191120:0610,0.0,0.0,0.0,-0.96,1.45,0.0
20191120:0710,5590.0,24.13,4.49,0.15,1.17,0.0
20191120:0810,83705.0,201.27,11.52,2.0,1.03,0.0
20191120:0910,52890.0,135.02,16.86,3.27,1.72,0.0
20191120:1010,50800.0,131.11,20.07,3.93,1.66,0.0
20191120:1110,85675.0,208.24,20.83,4.51,1.52,0.0
20191120:1210,61490.0,155.3,19.04,5.0,1.45,0.0
20191120:1310,35305.0,96.74,14.91,5.3,1.79,0.0
20191120:1410,9410.0,34.93,8.82,5.31,1.93,0.0
20191120:1510,0.0,0.0,0.0,4.99,1.52,0.0
20191120:1610,0.0,0.0,0.0,4.58,1.59,0.0
20191120:1710,0.0,0.0,0.0,4.34,1.72,0.0
20191120:1810,0.0,0.0,0.0,4.23,1.72,0.0
20191120:1910,0.0,0.0,0.0,3.88,1.45,0.0
20191120:2010,0.0,0.0,0.0,3.68,1.38,0.0
20191120:2110,0.0,0.0,0.0,3.63,1.31,0.0
20191120:2210,0.0,0.0,0.0,3.73,1.24,0.0
20191120:2310,0.0,0.0,0.0,3.88,1.24,0.0
20191121:0010,0.0,0.0,0.0,4.02,1.24,0.0
20191121:0110,0.0,0.0,0.0,4.11,1.31,0.0
20191121:0210,0.0,0.0,0.0,4.29,1.45,0.0
20191121:0310,0.0,0.0,0.0,4.53,1.38,0.0
20191121:0410,0.0,0.0,0.0,4.77,1.31,0.0
20191121:0510,0.0,0.0,0.0,4.93,1.03,0.0
20191121:0610,0.0,0.0,0.0,4.98,0.69,0.0
20191121:0710,0.0,5.17,4.27,4.46,0.69,0.0
20191121:0810,6360.0,26.65,11.29,4.44,0.62,0.0
20191121:0910,14510.0,47.79,16.63,4.56,0.48,0.0
20191121:1010,28315.0,80.88,19.84,4.94,0.48,0.0
20191121:1110,22020.0,66.18,20.6,5.49,0.83,0.0
20191121:1210,54290.0,140.09,18.83,5.88,0.83,0.0
20191121:1310,13685.0,45.96,14.72,5.86,0.97,0.0
20191121:1410,9730.0,35.85,8.66,5.91,1.24,0.0
20191121:1510,0.0,0.0,0.0,5.67,1.17,0.0
20191121:1610,0.0,0.0,0.0,5.39,1.1,0.0
20191121:1710,0.0,0.0,0.0,5.2,1.1,0.0
20191121:1810,0.0,0.0,0.0,5.04,0.97,0.0
20191121:1910,0.0,0.0,0.0,4.49,0.83,0.0
20191121:2010,0.0,0.0,0.0,4.35,1.03,0.0
20191121:2110,0.0,0.0,0.0,4.21,1.03,0.0
20191121:2210,0.0,0.0,0.0,4.0,1.03,0.0
20191121:2310,0.0,0.0,0.0,3.86,0.97,0.0
20191122:0010,0.0,0.0,0.0,3.57,1.17,0.0
20191122:0110,0.0,0.0,0.0,3.54,1.31,0.0
20191122:0210,0.0,0.0,0.0,3.53,1.52,0.0
20191122:0310,0.0,0.0,0.0,3.38,1.66,0.0
20191122:0410,0.0,0.0,0.0,3.24,1.86,0.0
20191122:0510,0.0,0.0,0.0,3.25,1.72,0.0
20191122:0610,0.0,0.0,0.0,3.09,1.66,0.0
20191122:0710,1835.0,12.93,4.05,2.25,1.38,0.0
20191122:0810,39155.0,104.07,11.06,2.75,1.52,0.0
20191122:0910,19940.0,60.66,16.4,3.37,1.38,0.0
20191122:1010,16820.0,53.31,19.61,4.06,1.52,0.0
20191122:1110,51790.0,133.76,20.39,4.77,1.79,0.0
20191122:1210,22465.0,67.1,18.63,5.29,2.07,0.0
20191122:1310,11875.0,41.36,14.54,5.94,2.41,0.0
20191122:1410,19510.0,60.26,8.5,6.44,2.48,0.0
20191122:1510,0.0,0.0,0.0,5.99,1.86,0.0
20191122:1610,0.0,0.0,0.0,4.99,2.21,0.0
20191122:1710,0.0,0.0,0.0,4.41,2.48,0.0
20191122:1810,0.0,0.0,0.0,3.89,2.55,0.0
20191122:1910,0.0,0.0,0.0,3.66,2.34,0.0
20191122:2010,0.0,0.0,0.0,3.39,2.55,0.0
20191122:2110,0.0,0.0,0.0,3.31,2.62,0.0
20191122:2210,0.0,0.0,0.0,3.2,2.62,0.0
20191122:2310,0.0,0.0,0.0,3.03,2.62,0.0
20191123:0010,0.0,0.0,0.0,2.87,2.69,0.0
20191123:0110,0.0,0.0,0.0,2.82,2.76,0.0
20191123:0210,0.0,0.0,0.0,2.65,2.76,0.0
20191123:0310,0.0,0.0,0.0,2.49,2.76,0.0
20191123:0410,0.0,0.0,0.0,2.33,2.83,0.0
20191123:0510,0.0,0.0,0.0,2.17,2.83,0.0
20191123:0610,0.0,0.0,0.0,2.07,2.83,0.0
20191123:0710,4330.0,20.68,3.84,2.02,2.76,0.0
20191123:0810,182225.0,418.33,10.84,3.03,2.76,0.0
20191123:0910,219770.0,507.38,16.17,5.0,2.69,0.0
20191123:1010,327215.0,771.15,19.39,7.07,3.1,0.0
20191123:1110,313710.0,742.08,20.18,8.78,3.38,0.0
20191123:1210,252345.0,595.51,18.44,10.08,3.38,0.0
20191123:1310,224140.0,531.41,14.37,10.76,3.1,0.0
20191123:1410,61720.0,159.48,8.34,10.65,3.24,0.0
20191123:1510,0.0,0.0,0.0,9.53,3.1,0.0
20191123:1610,0.0,0.0,0.0,8.28,2.97,0.0
20191123:1710,0.0,0.0,0.0,7.57,2.9,0.0
20191123:1810,0.0,0.0,0.0,7.07,2.76,0.0
20191123:1910,0.0,0.0,0.0,5.86,2.97,0.0
20191123:2010,0.0,0.0,0.0,5.61,2.76,0.0
20191123:2110,0.0,0.0,0.0,5.17,2.62,0.0
20191123:2210,0.0,0.0,0.0,4.78,2.62,0.0
20191123:2310,0.0,0.0,0.0,4.44,2.55,0.0
20191124:0010,0.0,0.0,0.0,4.15,2.48,0.0
20191124:0110,0.0,0.0,0.0,3.82,2.41,0.0
20191124:0210,0.0,0.0,0.0,3.55,2.41,0.0
20191124:0310,0.0,0.0,0.0,3.34,2.34,0.0
20191124:0410,0.0,0.0,0.0,3.13,2.34,0.0
20191124:0510,0.0,0.0,0.0,2.96,2.28,0.0
20191124:0610,0.0,0.0,0.0,2.82,2.21,0.0
20191124:0710,3155.0,17.24,3.62,3.12,2.41,0.0
20191124:0810,30095.0,84.03,10.63,3.9,2.21,0.0
20191124:0910,78990.0,193.33,15.96,5.52,2.14,0.0
20191124:1010,106010.0,254.99,19.18,7.42,2.28,0.0
20191124:1110,173435.0,409.93,19.97,8.87,2.21,0.0
20191124:1210,94275.0,231.33,18.25,9.7,2.14,0.0
20191124:1310,146945.0,351.15,14.2,10.06,2.14,0.0
20191124:1410,21180.0,65.09,8.2,9.63,1.86,0.0
20191124:1510,0.0,0.0,0.0,8.38,1.93,0.0
20191124:1610,0.0,0.0,0.0,6.97,2.07,0.0
20191124:1710,0.0,0.0,0.0,6.03,2.0,0.0
20191124:1810,0.0,0.0,0.0,5.32,1.86,0.0
20191124:1910,0.0,0.0,0.0,4.01,1.86,0.0
20191124:2010,0.0,0.0,0.0,3.37,1.86,0.0
20191124:2110,0.0,0.0,0.0,2.98,1.79,0.0
20191124:2210,0.0,0.0,0.0,2.6,1.66,0.0
20191124:2310,0.0,0.0,0.0,2.31,1.66,0.0
20191125:0010,0.0,0.0,0.0,2.05,1.59,0.0
20191125:0110,0.0,0.0,0.0,1.87,1.45,0.0
20191125:0210,0.0,0.0,0.0,1.94,1.38,0.0
20191125:0310,0.0,0.0,0.0,2.21,1.38,0.0
20191125:0410,0.0,0.0,0.0,2.22,1.17,0.0
20191125:0510,0.0,0.0,0.0,2.18,0.97,0.0
20191125:0610,0.0,0.0,0.0,1.96,1.03,0.0
20191125:0710,0.0,3.45,3.42,2.38,1.1,0.0
20191125:0810,9885.0,35.85,10.42,2.85,1.03,0.0
20191125:0910,10195.0,36.77,15.74,3.68,0.97,0.0
20191125:1010,26390.0,76.29,18.97,4.79,0.9,0.0
20191125:1110,31815.0,89.16,19.78,5.52,0.83,0.0
20191125:1210,48575.0,127.3,18.07,6.01,0.97,0.0
20191125:1310,7295.0,29.41,14.04,6.32,0.9,0.0
20191125:1410,5645.0,24.82,8.06,6.25,0.83,0.0
20191125:1510,0.0,0.0,0.0,6.05,0.55,0.0
20191125:1610,0.0,0.0,0.0,5.89,0.62,0.0
20191125:1710,0.0,0.0,0.0,5.67,1.03,0.0
20191125:1810,0.0,0.0,0.0,5.39,1.03,0.0
20191125:1910,0.0,0.0,0.0,4.03,0.97,0.0
20191125:2010,0.0,0.0,0.0,3.8,0.97,0.0
20191125:2110,0.0,0.0,0.0,3.71,1.31,0.0
20191125:2210,0.0,0.0,0.0,3.63,1.31,0.0
20191125:2310,0.0,0.0,0.0,3.61,1.17,0.0
20191126:0010,0.0,0.0,0.0,3.6,1.17,0.0
20191126:0110,0.0,0.0,0.0,3.62,1.31,0.0
20191126:0210,0.0,0.0,0.0,3.58,1.24,0.0
20191126:0310,0.0,0.0,0.0,3.58,1.1,0.0
20191126:0410,0.0,0.0,0.0,3.44,1.31,0.0
20191126:0510,0.0,0.0,0.0,3.33,1.45,0.0
20191126:0610,0.0,0.0,0.0,3.22,1.59,0.0
20191126:0710,0.0,2.59,3.21,3.18,1.59,0.0
20191126:0810,24645.0,71.53,10.21,3.6,1.59,0.0
20191126:0910,29905.0,84.18,15.54,4.51,1.72,0.0
20191126:1010,23540.0,69.85,18.77,5.98,1.72,0.0
20191126:1110,33175.0,92.83,19.58,7.26,1.72,0.0
20191126:1210,30670.0,87.32,17.9,8.21,1.86,0.0
20191126:1310,9250.0,34.93,13.89,8.62,2.0,0.0
20191126:1410,8220.0,32.17,7.92,8.62,2.07,0.0
20191126:1510,0.0,0.0,0.0,7.88,1.93,0.0
20191126:1610,0.0,0.0,0.0,7.12,2.14,0.0
20191126:1710,0.0,0.0,0.0,6.31,2.21,0.0
20191126:1810,0.0,0.0,0.0,5.62,2.14,0.0
20191126:1910,0.0,0.0,0.0,4.53,2.07,0.0
20191126:2010,0.0,0.0,0.0,4.06,2.14,0.0
20191126:2110,0.0,0.0,0.0,3.86,2.07,0.0
20191126:2210,0.0,0.0,0.0,3.77,2.07,0.0
20191126:2310,0.0,0.0,0.0,3.45,2.28,0.0
20191127:0010,0.0,0.0,0.0,3.46,2.28,0.0
20191127:0110,0.0,0.0,0.0,3.31,2.28,0.0
20191127:0210,0.0,0.0,0.0,3.57,2.41,0.0
20191127:0310,0.0,0.0,0.0,3.65,2.48,0.0
20191127:0410,0.0,0.0,0.0,3.73,2.48,0.0
20191127:0510,0.0,0.0,0.0,3.8,2.48,0.0
20191127:0610,0.0,0.0,0.0,3.94,2.41,0.0
20191127:0710,0.0,5.17,3.02,3.44,2.28,0.0
20191127:0810,6715.0,27.57,10.01,3.91,1.1,0.0
20191127:0910,9795.0,35.85,15.33,4.65,1.66,0.0
20191127:1010,17105.0,54.23,18.57,5.05,1.1,0.0
20191127:1110,19705.0,60.66,19.4,5.81,1.72,0.0
20191127:1210,47195.0,123.83,17.73,5.8,1.79,0.0
20191127:1310,13670.0,45.96,13.74,6.23,1.79,0.0
20191127:1410,4685.0,22.06,7.8,6.42,1.86,0.0
20191127:1510,0.0,0.0,0.0,6.34,2.21,0.0
20191127:1610,0.0,0.0,0.0,5.44,2.48,0.0
20191127:1710,0.0,0.0,0.0,5.02,2.62,0.0
20191127:1810,0.0,0.0,0.0,4.9,2.76,0.0
20191127:1910,0.0,0.0,0.0,4.82,3.24,0.0
20191127:2010,0.0,0.0,0.0,4.9,3.24,0.0
20191127:2110,0.0,0.0,0.0,5.2,3.17,0.0
20191127:2210,0.0,0.0,0.0,5.29,3.03,0.0
20191127:2310,0.0,0.0,0.0,5.25,3.03,0.0
20191128:0010,0.0,0.0,0.0,5.2,2.97,0.0
20191128:0110,0.0,0.0,0.0,5.24,2.9,0.0
20191128:0210,0.0,0.0,0.0,5.17,2.9,0.0
20191128:0310,0.0,0.0,0.0,5.39,2.9,0.0
20191128:0410,0.0,0.0,0.0,5.65,2.83,0.0
20191128:0510,0.0,0.0,0.0,5.57,2.9,0.0
20191128:0610,0.0,0.0,0.0,5.71,2.97,0.0
20191128:0710,85.0,6.03,2.82,6.25,3.17,0.0
20191128:0810,62560.0,157.41,9.81,6.78,3.31,0.0
20191128:0910,58640.0,149.64,15.14,7.85,3.72,0.0
20191128:1010,28710.0,82.72,18.38,8.63,3.66,0.0
20191128:1110,48340.0,127.88,19.22,9.36,4.76,0.0
20191128:1210,9550.0,35.85,17.57,9.76,4.9,0.0
20191128:1310,12385.0,43.2,13.6,9.5,4.07,0.0
20191128:1410,550.0,8.27,7.68,8.9,4.55,0.0
20191128:1510,0.0,0.0,0.0,8.33,4.28,0.0
20191128:1610,0.0,0.0,0.0,7.63,4.14,0.0
20191128:1710,0.0,0.0,0.0,7.3,4.28,0.0
20191128:1810,0.0,0.0,0.0,7.19,4.34,0.0
20191128:1910,0.0,0.0,0.0,7.41,4.62,0.0
20191128:2010,0.0,0.0,0.0,7.39,4.69,0.0
20191128:2110,0.0,0.0,0.0,7.35,4.69,0.0
20191128:2210,0.0,0.0,0.0,7.26,4.83,0.0
20191128:2310,0.0,0.0,0.0,7.13,4.76,0.0
20191129:0010,0.0,0.0,0.0,6.88,4.48,0.0
20191129:0110,0.0,0.0,0.0,6.48,4.41,0.0
20191129:0210,0.0,0.0,0.0,6.51,4.34,0.0
20191129:0310,0.0,0.0,0.0,6.56,4.41,0.0
20191129:0410,0.0,0.0,0.0,6.44,4.28,0.0
20191129:0510,0.0,0.0,0.0,6.31,4.14,0.0
20191129:0610,0.0,0.0,0.0,6.12,4.21,0.0
20191129:0710,0.0,1.72,2.63,6.57,4.48,0.0
20191129:0810,8665.0,33.09,9.62,6.56,5.03,0.0
20191129:0910,22365.0,67.1,14.95,6.51,4.0,0.0
20191129:1010,22390.0,67.1,18.2,6.17,3.24,0.0
20191129:1110,14075.0,46.88,19.05,5.82,2.62,0.0
20191129:1210,27520.0,79.05,17.42,5.57,2.28,0.0
20191129:1310,55475.0,141.34,13.47,5.24,2.41,0.0
20191129:1410,74995.0,185.35,7.57,4.84,2.69,0.0
20191129:1510,0.0,0.0,0.0,4.13,3.03,0.0
20191129:1610,0.0,0.0,0.0,3.55,3.03,0.0
20191129:1710,0.0,0.0,0.0,3.17,3.1,0.0
20191129:1810,0.0,0.0,0.0,3.01,3.1,0.0
20191129:1910,0.0,0.0,0.0,2.25,3.03,0.0
20191129:2010,0.0,0.0,0.0,1.78,3.03,0.0
20191129:2110,0.0,0.0,0.0,1.57,2.97,0.0
20191129:2210,0.0,0.0,0.0,1.65,2.9,0.0
20191129:2310,0.0,0.0,0.0,1.86,2.83,0.0
20191130:0010,0.0,0.0,0.0,1.91,2.9,0.0
20191130:0110,0.0,0.0,0.0,1.63,2.9,0.0
20191130:0210,0.0,0.0,0.0,1.58,2.97,0.0
20191130:0310,0.0,0.0,0.0,1.15,2.69,0.0
20191130:0410,0.0,0.0,0.0,0.7,2.41,0.0
20191130:0510,0.0,0.0,0.0,0.58,2.28,0.0
20191130:0610,0.0,0.0,0.0,0.6,2.21,0.0
20191130:0710,475.0,7.76,2.45,0.03,2.14,0.0
20191130:0810,43985.0,113.51,9.43,0.74,2.62,0.0
20191130:0910,154070.0,351.74,14.76,1.4,2.83,0.0
20191130:1010,58300.0,146.14,18.02,2.04,2.28,0.0
20191130:1110,225420.0,517.4,18.88,2.7,2.14,0.0
20191130:1210,98775.0,234.95,17.27,3.17,1.72,0.0
20191130:1310,95705.0,228.43,13.34,3.41,1.59,0.0
20191130:1410,26405.0,75.72,7.46,3.24,1.24,0.0
20191130:1510,0.0,0.0,0.0,2.84,0.69,0.0
20191130:1610,0.0,0.0,0.0,2.36,0.41,0.0
20191130:1710,0.0,0.0,0.0,1.54,0.62,0.0
20191130:1810,0.0,0.0,0.0,0.03,1.03,0.0
20191130:1910,0.0,0.0,0.0,0.62,0.83,0.0
20191130:2010,0.0,0.0,0.0,-1.74,1.24,0.0
20191130:2110,0.0,0.0,0.0,-2.67,1.45,0.0
20191130:2210,0.0,0.0,0.0,-2.55,1.38,0.0
20191130:2310,0.0,0.0,0.0,-3.03,1.52,0.0
20191201:0010,0.0,0.0,0.0,-3.47,2.0,0.0
20191201:0110,0.0,0.0,0.0,-3.21,2.14,0.0
20191201:0210,0.0,0.0,0.0,-3.2,2.07,0.0
20191201:0310,0.0,0.0,0.0,-3.21,2.14,0.0
20191201:0410,0.0,0.0,0.0,-3.07,2.07,0.0
20191201:0510,0.0,0.0,0.0,-2.35,2.34,0.0
20191201:0610,0.0,0.0,0.0,-1.71,2.83,0.0
20191201:0710,0.0,4.31,2.26,-1.75,2.48,0.0
20191201:0810,18070.0,55.11,9.25,-1.08,2.69,0.0
20191201:0910,49465.0,125.32,14.58,-0.02,3.1,0.0
20191201:1010,136595.0,313.13,17.85,0.92,2.97,0.0
20191201:1110,83835.0,200.65,18.73,1.65,3.03,0.0
20191201:1210,21265.0,63.42,17.13,2.06,2.76,0.0
20191201:1310,17765.0,55.15,13.22,2.07,2.41,0.0
20191201:1410,15270.0,49.01,7.36,1.61,2.48,0.0
20191201:1510,0.0,0.0,0.0,0.82,2.28,0.0
20191201:1610,0.0,0.0,0.0,0.07,2.21,0.0
20191201:1710,0.0,0.0,0.0,-0.09,2.07,0.0
20191201:1810,0.0,0.0,0.0,-0.23,1.79,0.0
20191201:1910,0.0,0.0,0.0,-0.5,1.59,0.0
20191201:2010,0.0,0.0,0.0,-0.4,1.45,0.0
20191201:2110,0.0,0.0,0.0,-0.41,1.45,0.0
20191201:2210,0.0,0.0,0.0,-0.39,1.38,0.0
20191201:2310,0.0,0.0,0.0,-0.39,1.24,0.0
20191202:0010,0.0,0.0,0.0,-0.44,1.31,0.0
20191202:0110,0.0,0.0,0.0,-0.54,1.38,0.0
20191202:0210,0.0,0.0,0.0,-0.58,1.38,0.0
20191202:0310,0.0,0.0,0.0,-0.49,1.52,0.0
20191202:0410,0.0,0.0,0.0,-0.55,1.72,0.0
20191202:0510,0.0,0.0,0.0,-0.59,1.66,0.0
20191202:0610,0.0,0.0,0.0,-0.83,1.52,0.0
20191202:0710,0.0,0.0,0.0,-0.56,2.0,0.0
20191202:0810,222280.0,505.71,9.07,-0.24,2.0,0.0
20191202:0910,291575.0,663.58,14.41,0.31,2.62,0.0
20191202:1010,112795.0,262.25,17.68,1.3,2.97,0.0
20191202:1110,115280.0,268.61,18.58,1.89,2.76,0.0
20191202:1210,317685.0,734.02,17.0,2.28,2.55,0.0
20191202:1310,24705.0,71.48,13.11,2.48,2.48,0.0
20191202:1410,8160.0,31.25,7.27,2.1,2.0,0.0
20191202:1510,0.0,0.0,0.0,1.78,2.14,0.0
20191202:1610,0.0,0.0,0.0,0.99,2.28,0.0
20191202:1710,0.0,0.0,0.0,0.81,2.41,0.0
20191202:1810,0.0,0.0,0.0,0.62,2.48,0.0
20191202:1910,0.0,0.0,0.0,0.53,2.48,0.0
20191202:2010,0.0,0.0,0.0,0.64,2.55,0.0
20191202:2110,0.0,0.0,0.0,0.78,2.55,0.0
20191202:2210,0.0,0.0,0.0,0.85,2.48,0.0
20191202:2310,0.0,0.0,0.0,1.0,2.34,0.0
20191203:0010,0.0,0.0,0.0,1.05,2.21,0.0
20191203:0110,0.0,0.0,0.0,1.01,2.0,0.0
20191203:0210,0.0,0.0,0.0,0.9,1.86,0.0
20191203:0310,0.0,0.0,0.0,0.77,1.79,0.0
20191203:0410,0.0,0.0,0.0,0.68,1.79,0.0
20191203:0510,0.0,0.0,0.0,0.64,1.72,0.0
20191203:0610,0.0,0.0,0.0,0.59,1.79,0.0
20191203:0710,0.0,0.0,0.0,0.46,1.66,0.0
20191203:0810,27540.0,77.18,8.9,0.75,2.0,0.0
20191203:0910,50660.0,128.69,14.24,1.18,2.0,0.0
20191203:1010,23690.0,68.93,17.52,1.35,1.86,0.0
20191203:1110,61345.0,152.67,18.43,1.51,1.59,0.0
20191203:1210,60475.0,150.81,16.87,1.8,1.45,0.0
20191203:1310,63915.0,158.0,13.0,1.86,1.38,0.0
20191203:1410,11840.0,40.65,7.18,1.85,1.17,0.0
20191203:1510,0.0,0.0,0.0,1.65,0.97,0.0
20191203:1610,0.0,0.0,0.0,1.38,0.69,0.0
20191203:1710,0.0,0.0,0.0,0.83,0.55,0.0
20191203:1810,0.0,0.0,0.0,0.34,0.69,0.0
20191203:1910,0.0,0.0,0.0,0.34,1.03,0.0
20191203:2010,0.0,0.0,0.0,-0.02,1.17,0.0
20191203:2110,0.0,0.0,0.0,-0.18,1.17,0.0
20191203:2210,0.0,0.0,0.0,-0.18,1.1,0.0
20191203:2310,0.0,0.0,0.0,-0.31,1.24,0.0
20191204:0010,0.0,0.0,0.0,-0.44,1.17,0.0
20191204:0110,0.0,0.0,0.0,-0.53,1.31,0.0
20191204:0210,0.0,0.0,0.0,-1.32,1.38,0.0
20191204:0310,0.0,0.0,0.0,-1.67,1.52,0.0
20191204:0410,0.0,0.0,0.0,-2.2,1.66,0.0
20191204:0510,0.0,0.0,0.0,-2.49,1.66,0.0
20191204:0610,0.0,0.0,0.0,-2.64,1.66,0.0
20191204:0710,0.0,0.0,0.0,-2.68,1.66,0.0
20191204:0810,76670.0,182.69,8.74,-1.83,1.38,0.0
20191204:0910,123870.0,286.41,14.08,0.47,1.38,0.0
20191204:1010,270615.0,625.08,17.37,1.92,1.59,0.0
20191204:1110,323235.0,757.62,18.3,3.1,1.79,0.0
20191204:1210,309115.0,723.27,16.75,3.84,1.93,0.0
20191204:1310,226160.0,524.23,12.91,4.02,1.86,0.0
20191204:1410,101000.0,242.26,7.1,3.26,1.86,0.0
20191204:1510,0.0,0.0,0.0,1.76,2.21,0.0
20191204:1610,0.0,0.0,0.0,0.72,2.21,0.0
20191204:1710,0.0,0.0,0.0,0.2,2.28,0.0
20191204:1810,0.0,0.0,0.0,-0.11,2.28,0.0
20191204:1910,0.0,0.0,0.0,-0.44,2.0,0.0
20191204:2010,0.0,0.0,0.0,-0.68,1.79,0.0
20191204:2110,0.0,0.0,0.0,-0.96,1.66,0.0
20191204:2210,0.0,0.0,0.0,-1.35,1.52,0.0
20191204:2310,0.0,0.0,0.0,-1.92,1.38,0.0
20191205:0010,0.0,0.0,0.0,-2.26,1.38,0.0
20191205:0110,0.0,0.0,0.0,-2.37,1.52,0.0
20191205:0210,0.0,0.0,0.0,-2.51,1.45,0.0
20191205:0310,0.0,0.0,0.0,-2.71,1.38,0.0
20191205:0410,0.0,0.0,0.0,-2.88,1.31,0.0
20191205:0510,0.0,0.0,0.0,-3.06,1.24,0.0
20191205:0610,0.0,0.0,0.0,-3.37,1.17,0.0
20191205:0710,0.0,0.0,0.0,-3.75,1.52,0.0
20191205:0810,28365.0,78.09,8.58,-2.45,1.72,0.0
20191205:0910,19260.0,57.91,13.93,-1.58,1.93,0.0
20191205:1010,19935.0,59.74,17.23,-0.51,1.66,0.0
20191205:1110,18275.0,56.07,18.17,0.54,1.52,0.0
20191205:1210,14760.0,47.79,16.64,1.34,1.38,0.0
20191205:1310,12475.0,42.28,12.82,1.98,1.24,0.0
20191205:1410,5460.0,23.9,7.03,1.66,1.24,0.0
20191205:1510,0.0,0.0,0.0,0.55,1.86,0.0
20191205:1610,0.0,0.0,0.0,-0.73,1.86,0.0
20191205:1710,0.0,0.0,0.0,-1.19,1.79,0.0
20191205:1810,0.0,0.0,0.0,-1.42,1.79,0.0
20191205:1910,0.0,0.0,0.0,-2.24,1.79,0.0
20191205:2010,0.0,0.0,0.0,-2.68,1.93,0.0
20191205:2110,0.0,0.0,0.0,-2.76,1.93,0.0
20191205:2210,0.0,0.0,0.0,-2.79,1.86,0.0
20191205:2310,0.0,0.0,0.0,-2.91,1.79,0.0
20191206:0010,0.0,0.0,0.0,-3.13,1.79,0.0
20191206:0110,0.0,0.0,0.0,-3.3,1.79,0.0
20191206:0210,0.0,0.0,0.0,-3.39,1.86,0.0
20191206:0310,0.0,0.0,0.0,-3.27,1.86,0.0
20191206:0410,0.0,0.0,0.0,-3.29,1.86,0.0
20191206:0510,0.0,0.0,0.0,-3.19,1.93,0.0
20191206:0610,0.0,0.0,0.0,-2.96,2.07,0.0
20191206:0710,0.0,0.0,0.0,-3.41,2.34,0.0
20191206:0810,24605.0,69.56,8.43,-2.75,2.21,0.0
20191206:0910,27225.0,76.23,13.78,-1.1,2.07,0.0
20191206:1010,48460.0,124.11,17.09,1.02,2.14,0.0
20191206:1110,68260.0,168.2,18.04,2.77,2.14,0.0
20191206:1210,121205.0,284.19,16.54,3.78,2.07,0.0
20191206:1310,47650.0,123.59,12.73,4.23,2.07,0.0
20191206:1410,23065.0,67.92,6.97,3.41,2.21,0.0
20191206:1510,0.0,0.0,0.0,1.91,2.55,0.0
20191206:1610,0.0,0.0,0.0,0.97,2.62,0.0
20191206:1710,0.0,0.0,0.0,0.82,2.69,0.0
20191206:1810,0.0,0.0,0.0,0.88,2.76,0.0
20191206:1910,0.0,0.0,0.0,-0.05,2.83,0.0
20191206:2010,0.0,0.0,0.0,-0.01,2.9,0.0
20191206:2110,0.0,0.0,0.0,0.2,2.9,0.0
20191206:2210,0.0,0.0,0.0,0.7,2.97,0.0
20191206:2310,0.0,0.0,0.0,1.17,3.03,0.0
20191207:0010,0.0,0.0,0.0,1.88,3.24,0.0
20191207:0110,0.0,0.0,0.0,2.78,3.52,0.0
20191207:0210,0.0,0.0,0.0,3.96,4.0,0.0
20191207:0310,0.0,0.0,0.0,4.86,4.62,0.0
20191207:0410,0.0,0.0,0.0,5.18,4.97,0.0
20191207:0510,0.0,0.0,0.0,5.19,4.83,0.0
20191207:0610,0.0,0.0,0.0,5.09,4.62,0.0
20191207:0710,0.0,0.0,0.0,5.23,4.34,0.0
20191207:0810,6015.0,25.74,8.28,5.23,4.28,0.0
20191207:0910,197500.0,452.57,13.64,5.32,4.34,0.0
20191207:1010,22495.0,67.1,16.96,5.39,4.41,0.0
20191207:1110,19370.0,59.74,17.93,5.84,4.9,0.0
20191207:1210,8360.0,32.17,16.44,5.69,4.48,0.0
20191207:1310,7335.0,29.41,12.66,5.66,4.14,0.0
20191207:1410,6005.0,25.74,6.91,5.54,4.28,0.0
20191207:1510,0.0,0.0,0.0,5.11,3.86,0.0
20191207:1610,0.0,0.0,0.0,4.78,3.59,0.0
20191207:1710,0.0,0.0,0.0,4.69,3.38,0.0
20191207:1810,0.0,0.0,0.0,4.61,3.24,0.0
20191207:1910,0.0,0.0,0.0,4.85,2.97,0.0
20191207:2010,0.0,0.0,0.0,4.98,2.97,0.0
20191207:2110,0.0,0.0,0.0,5.04,3.03,0.0
20191207:2210,0.0,0.0,0.0,5.05,3.24,0.0
20191207:2310,0.0,0.0,0.0,4.97,3.24,0.0
20191208:0010,0.0,0.0,0.0,4.91,3.17,0.0
20191208:0110,0.0,0.0,0.0,4.73,3.17,0.0
20191208:0210,0.0,0.0,0.0,4.79,3.24,0.0
20191208:0310,0.0,0.0,0.0,4.62,3.24,0.0
20191208:0410,0.0,0.0,0.0,4.59,3.17,0.0
20191208:0510,0.0,0.0,0.0,4.51,3.17,0.0
20191208:0610,0.0,0.0,0.0,4.43,3.17,0.0
20191208:0710,0.0,0.0,0.0,3.69,3.24,0.0
20191208:0810,8780.0,33.09,8.14,3.99,3.24,0.0
20191208:0910,40715.0,108.23,13.5,4.7,3.31,0.0
20191208:1010,24370.0,71.69,16.84,5.78,2.83,0.0
20191208:1110,77280.0,190.48,17.82,6.83,2.97,0.0
20191208:1210,14700.0,48.71,16.35,7.38,2.83,0.0
20191208:1310,34610.0,95.68,12.59,7.8,4.07,0.0
20191208:1410,44205.0,117.95,6.86,7.96,3.93,0.0
20191208:1510,0.0,0.0,0.0,7.7,3.66,0.0
20191208:1610,0.0,0.0,0.0,7.39,3.59,0.0
20191208:1710,0.0,0.0,0.0,7.33,3.72,0.0
20191208:1810,0.0,0.0,0.0,7.42,3.93,0.0
20191208:1910,0.0,0.0,0.0,6.84,3.86,0.0
20191208:2010,0.0,0.0,0.0,7.02,4.0,0.0
20191208:2110,0.0,0.0,0.0,7.33,4.14,0.0
20191208:2210,0.0,0.0,0.0,7.67,4.34,0.0
20191208:2310,0.0,0.0,0.0,7.73,4.48,0.0
20191209:0010,0.0,0.0,0.0,7.9,4.62,0.0
20191209:0110,0.0,0.0,0.0,7.5,4.34,0.0
20191209:0210,0.0,0.0,0.0,6.86,4.0,0.0
20191209:0310,0.0,0.0,0.0,6.3,3.72,0.0
20191209:0410,0.0,0.0,0.0,5.78,3.72,0.0
20191209:0510,0.0,0.0,0.0,5.42,4.07,0.0
20191209:0610,0.0,0.0,0.0,5.06,4.07,0.0
20191209:0710,0.0,0.0,0.0,5.04,3.66,0.0
20191209:0810,161675.0,375.47,8.0,5.14,3.31,0.0
20191209:0910,38450.0,103.65,13.38,5.74,3.17,0.0
20191209:1010,97975.0,235.22,16.72,6.45,3.1,0.0
20191209:1110,45195.0,119.48,17.72,6.84,4.21,0.0
20191209:1210,194905.0,452.88,16.27,6.92,3.1,0.0
20191209:1310,31835.0,89.23,12.52,7.27,3.1,0.0
20191209:1410,11340.0,40.03,6.82,6.44,3.72,0.0
20191209:1510,0.0,0.0,0.0,5.42,3.45,0.0
20191209:1610,0.0,0.0,0.0,4.94,3.1,0.0
20191209:1710,0.0,0.0,0.0,4.3,2.83,0.0
20191209:1810,0.0,0.0,0.0,4.1,2.69,0.0
20191209:1910,0.0,0.0,0.0,4.02,2.9,0.0
20191209:2010,0.0,0.0,0.0,3.96,2.9,0.0
20191209:2110,0.0,0.0,0.0,3.86,2.9,0.0
20191209:2210,0.0,0.0,0.0,3.67,3.1,0.0
20191209:2310,0.0,0.0,0.0,3.55,3.31,0.0
20191210:0010,0.0,0.0,0.0,3.33,3.45,0.0
20191210:0110,0.0,0.0,0.0,3.11,3.72,0.0
20191210:0210,0.0,0.0,0.0,2.79,3.66,0.0
20191210:0310,0.0,0.0,0.0,2.51,3.86,0.0
20191210:0410,0.0,0.0,0.0,2.08,4.21,0.0
20191210:0510,0.0,0.0,0.0,1.44,3.59,0.0
20191210:0610,0.0,0.0,0.0,1.09,3.17,0.0
20191210:0710,0.0,0.0,0.0,1.36,3.38,0.0
20191210:0810,23475.0,67.99,7.87,1.29,3.17,0.0
20191210:0910,24985.0,71.73,13.25,1.41,3.86,0.0
20191210:1010,44860.0,116.46,16.61,2.0,3.72,0.0
20191210:1110,47310.0,122.36,17.63,2.77,3.17,0.0
20191210:1210,46050.0,119.66,16.2,3.29,3.59,0.0
20191210:1310,86260.0,206.53,12.47,3.11,3.03,0.0
20191210:1410,53020.0,135.24,6.78,2.71,2.41,0.0
20191210:1510,0.0,0.0,0.0,2.23,1.79,0.0
20191210:1610,0.0,0.0,0.0,1.5,1.45,0.0
20191210:1710,0.0,0.0,0.0,0.88,1.45,0.0
20191210:1810,0.0,0.0,0.0,0.58,1.38,0.0
20191210:1910,0.0,0.0,0.0,0.05,1.45,0.0
20191210:2010,0.0,0.0,0.0,-0.34,1.52,0.0
20191210:2110,0.0,0.0,0.0,-0.99,1.72,0.0
20191210:2210,0.0,0.0,0.0,-1.49,1.93,0.0
20191210:2310,0.0,0.0,0.0,-1.66,2.14,0.0
20191211:0010,0.0,0.0,0.0,-2.21,2.28,0.0
20191211:0110,0.0,0.0,0.0,-1.89,2.41,0.0
20191211:0210,0.0,0.0,0.0,-1.82,2.41,0.0
20191211:0310,0.0,0.0,0.0,-1.9,2.48,0.0
20191211:0410,0.0,0.0,0.0,-2.05,2.48,0.0
20191211:0510,0.0,0.0,0.0,-2.18,2.48,0.0
20191211:0610,0.0,0.0,0.0,-2.36,2.48,0.0
20191211:0710,0.0,0.0,0.0,-2.69,2.34,0.0
20191211:0810,54455.0,134.55,7.75,-2.36,2.48,0.0
20191211:0910,129105.0,294.24,13.14,-1.22,2.41,0.0
20191211:1010,113990.0,263.43,16.51,-0.05,2.55,0.0
20191211:1110,170850.0,388.41,17.54,0.84,2.55,0.0
20191211:1210,178345.0,406.49,16.13,1.52,2.41,0.0
20191211:1310,56285.0,141.07,12.42,1.65,1.93,0.0
20191211:1410,43855.0,114.25,6.75,1.19,1.86,0.0
20191211:1510,0.0,0.0,0.0,0.27,2.0,0.0
20191211:1610,0.0,0.0,0.0,-0.17,1.93,0.0
20191211:1710,0.0,0.0,0.0,-0.28,1.72,0.0
20191211:1810,0.0,0.0,0.0,-0.38,1.72,0.0
20191211:1910,0.0,0.0,0.0,-0.96,1.86,0.0
20191211:2010,0.0,0.0,0.0,-0.99,2.0,0.0
20191211:2110,0.0,0.0,0.0,-0.76,2.0,0.0
20191211:2210,0.0,0.0,0.0,-0.5,2.14,0.0
20191211:2310,0.0,0.0,0.0,-0.29,2.14,0.0
20191212:0010,0.0,0.0,0.0,-0.07,2.0,0.0
20191212:0110,0.0,0.0,0.0,0.07,2.0,0.0
20191212:0210,0.0,0.0,0.0,0.23,2.0,0.0
20191212:0310,0.0,0.0,0.0,0.33,1.93,0.0
20191212:0410,0.0,0.0,0.0,0.35,1.79,0.0
20191212:0510,0.0,0.0,0.0,0.34,1.72,0.0
20191212:0610,0.0,0.0,0.0,0.28,1.79,0.0
20191212:0710,0.0,0.0,0.0,0.32,1.72,0.0
20191212:0810,3895.0,19.3,7.63,0.36,1.72,0.0
20191212:0910,9280.0,34.01,13.03,0.8,2.21,0.0
20191212:1010,34065.0,92.49,16.41,1.44,2.69,0.0
20191212:1110,75055.0,182.04,17.46,2.03,2.62,0.0
20191212:1210,95325.0,225.82,16.07,2.42,2.55,0.0
20191212:1310,49530.0,126.72,12.38,2.43,2.21,0.0
20191212:1410,585.0,8.27,6.73,2.12,1.79,0.0
20191212:1510,0.0,0.0,0.0,1.76,1.72,0.0
20191212:1610,0.0,0.0,0.0,1.38,1.72,0.0
20191212:1710,0.0,0.0,0.0,1.07,1.72,0.0
20191212:1810,0.0,0.0,0.0,0.75,1.79,0.0
20191212:1910,0.0,0.0,0.0,1.01,1.59,0.0
20191212:2010,0.0,0.0,0.0,0.96,1.52,0.0
20191212:2110,0.0,0.0,0.0,0.67,1.72,0.0
20191212:2210,0.0,0.0,0.0,0.36,2.07,0.0
20191212:2310,0.0,0.0,0.0,0.06,2.34,0.0
20191213:0010,0.0,0.0,0.0,-0.03,2.69,0.0
20191213:0110,0.0,0.0,0.0,-0.19,3.03,0.0
20191213:0210,0.0,0.0,0.0,-0.46,3.24,0.0
20191213:0310,0.0,0.0,0.0,-0.87,3.24,0.0
20191213:0410,0.0,0.0,0.0,-1.01,3.31,0.0
20191213:0510,0.0,0.0,0.0,-1.25,3.24,0.0
20191213:0610,0.0,0.0,0.0,-1.28,3.03,0.0
20191213:0710,0.0,0.0,0.0,-0.71,2.97,0.0
20191213:0810,42660.0,109.94,7.52,-0.51,3.1,0.0
20191213:0910,92615.0,217.2,12.93,0.15,2.97,0.0
20191213:1010,19415.0,58.82,16.32,1.05,2.9,0.0
20191213:1110,7500.0,29.41,17.39,1.37,2.55,0.0
20191213:1210,11825.0,40.44,16.02,0.8,2.9,0.0
20191213:1310,16750.0,52.39,12.35,0.54,2.97,0.0
20191213:1410,595.0,8.27,6.71,0.81,3.24,0.0
20191213:1510,0.0,0.0,0.0,1.46,3.17,0.0
20191213:1610,0.0,0.0,0.0,2.0,3.38,0.0
20191213:1710,0.0,0.0,0.0,2.58,3.66,0.0
20191213:1810,0.0,0.0,0.0,2.6,4.0,0.0
20191213:1910,0.0,0.0,0.0,1.66,4.55,0.0
20191213:2010,0.0,0.0,0.0,1.69,4.83,0.0
20191213:2110,0.0,0.0,0.0,1.81,5.24,0.0
20191213:2210,0.0,0.0,0.0,2.01,5.45,0.0
20191213:2310,0.0,0.0,0.0,2.28,5.45,0.0
20191214:0010,0.0,0.0,0.0,2.61,5.17,0.0
20191214:0110,0.0,0.0,0.0,2.63,4.83,0.0
20191214:0210,0.0,0.0,0.0,2.61,4.34,0.0
20191214:0310,0.0,0.0,0.0,2.46,4.07,0.0
20191214:0410,0.0,0.0,0.0,2.13,3.38,0.0
20191214:0510,0.0,0.0,0.0,1.55,3.24,0.0
20191214:0610,0.0,0.0,0.0,1.11,3.24,0.0
20191214:0710,0.0,0.0,0.0,0.61,3.72,0.0
20191214:0810,28140.0,78.41,7.41,1.14,4.83,0.0
20191214:0910,29065.0,81.28,12.83,2.5,4.55,0.0
20191214:1010,242045.0,548.14,16.24,5.05,6.55,0.0
20191214:1110,186535.0,423.7,17.33,5.42,8.07,0.0
20191214:1210,59865.0,150.55,15.98,5.68,7.24,0.0
20191214:1310,3195.0,17.46,12.33,5.1,6.07,0.0
20191214:1410,35460.0,96.48,6.7,4.65,6.21,0.0
20191214:1510,0.0,0.0,0.0,4.24,5.66,0.0
20191214:1610,0.0,0.0,0.0,3.85,5.03,0.0
20191214:1710,0.0,0.0,0.0,3.86,4.48,0.0
20191214:1810,0.0,0.0,0.0,4.11,4.34,0.0
20191214:1910,0.0,0.0,0.0,5.45,5.31,0.0
20191214:2010,0.0,0.0,0.0,6.22,6.0,0.0
20191214:2110,0.0,0.0,0.0,6.32,5.93,0.0
20191214:2210,0.0,0.0,0.0,5.94,5.24,0.0
20191214:2310,0.0,0.0,0.0,5.55,4.21,0.0
20191215:0010,0.0,0.0,0.0,4.85,2.97,0.0
20191215:0110,0.0,0.0,0.0,4.26,2.21,0.0
20191215:0210,0.0,0.0,0.0,3.94,1.86,0.0
20191215:0310,0.0,0.0,0.0,3.93,2.34,0.0
20191215:0410,0.0,0.0,0.0,4.08,3.1,0.0
20191215:0510,0.0,0.0,0.0,4.54,3.86,0.0
20191215:0610,0.0,0.0,0.0,5.28,4.28,0.0
20191215:0710,0.0,0.0,0.0,5.92,4.55,0.0
20191215:0810,4065.0,20.22,7.31,6.65,4.62,0.0
20191215:0910,35615.0,97.82,12.75,7.62,4.34,0.0
20191215:1010,61235.0,155.87,16.17,8.67,4.14,0.0
20191215:1110,280085.0,655.59,17.27,9.22,4.21,0.0
20191215:1210,17495.0,56.07,15.94,9.64,4.0,0.0
20191215:1310,16000.0,52.39,12.31,9.84,4.21,0.0
20191215:1410,5540.0,24.82,6.7,9.86,4.69,0.0
20191215:1510,0.0,0.0,0.0,9.2,4.28,0.0
20191215:1610,0.0,0.0,0.0,8.64,3.17,0.0
20191215:1710,0.0,0.0,0.0,8.21,2.34,0.0
20191215:1810,0.0,0.0,0.0,7.82,1.93,0.0
20191215:1910,0.0,0.0,0.0,6.91,2.34,0.0
20191215:2010,0.0,0.0,0.0,6.7,2.28,0.0
20191215:2110,0.0,0.0,0.0,6.72,2.21,0.0
20191215:2210,0.0,0.0,0.0,6.71,2.0,0.0
20191215:2310,0.0,0.0,0.0,6.48,1.93,0.0
20191216:0010,0.0,0.0,0.0,6.4,2.0,0.0
20191216:0110,0.0,0.0,0.0,6.04,2.14,0.0
20191216:0210,0.0,0.0,0.0,5.29,2.21,0.0
20191216:0310,0.0,0.0,0.0,4.98,2.14,0.0
20191216:0410,0.0,0.0,0.0,4.93,2.14,0.0
20191216:0510,0.0,0.0,0.0,4.56,2.41,0.0
20191216:0610,0.0,0.0,0.0,4.22,2.62,0.0
20191216:0710,0.0,0.0,0.0,3.52,2.41,0.0
20191216:0810,123925.0,290.26,7.22,3.61,2.48,0.0
20191216:0910,238225.0,550.1,12.67,4.61,2.48,0.0
20191216:1010,235095.0,546.73,16.1,5.73,2.21,0.0
20191216:1110,319240.0,756.24,17.22,6.74,2.28,0.0
20191216:1210,295810.0,699.86,15.91,7.5,2.28,0.0
20191216:1310,171845.0,404.71,12.3,7.59,1.86,0.0
20191216:1410,118660.0,286.33,6.71,7.16,1.86,0.0
20191216:1510,0.0,0.0,0.0,6.05,2.07,0.0
20191216:1610,0.0,0.0,0.0,4.93,2.14,0.0
20191216:1710,0.0,0.0,0.0,4.48,2.28,0.0
20191216:1810,0.0,0.0,0.0,4.35,2.41,0.0
20191216:1910,0.0,0.0,0.0,3.88,2.34,0.0
20191216:2010,0.0,0.0,0.0,3.79,2.28,0.0
20191216:2110,0.0,0.0,0.0,3.73,2.34,0.0
20191216:2210,0.0,0.0,0.0,3.67,2.34,0.0
20191216:2310,0.0,0.0,0.0,3.57,2.34,0.0
20191217:0010,0.0,0.0,0.0,3.53,2.41,0.0
20191217:0110,0.0,0.0,0.0,3.44,2.34,0.0
20191217:0210,0.0,0.0,0.0,3.42,2.41,0.0
20191217:0310,0.0,0.0,0.0,3.3,2.55,0.0
20191217:0410,0.0,0.0,0.0,3.2,2.41,0.0
20191217:0510,0.0,0.0,0.0,2.89,2.21,0.0
20191217:0610,0.0,0.0,0.0,2.49,2.14,0.0
20191217:0710,0.0,0.0,0.0,2.77,2.14,0.0
20191217:0810,49680.0,127.08,7.14,2.81,1.86,0.0
20191217:0910,52445.0,134.04,12.59,4.23,1.66,0.0
20191217:1010,298755.0,707.9,16.04,6.18,1.66,0.0
20191217:1110,320440.0,768.25,17.18,7.78,1.79,0.0
20191217:1210,294680.0,706.0,15.89,9.05,1.86,0.0
20191217:1310,198290.0,471.49,12.29,9.71,1.79,0.0
20191217:1410,15760.0,51.68,6.72,9.38,2.07,0.0
20191217:1510,0.0,0.0,0.0,8.21,2.41,0.0
20191217:1610,0.0,0.0,0.0,7.13,2.48,0.0
20191217:1710,0.0,0.0,0.0,6.46,2.48,0.0
20191217:1810,0.0,0.0,0.0,5.89,2.41,0.0
20191217:1910,0.0,0.0,0.0,5.24,2.41,0.0
20191217:2010,0.0,0.0,0.0,4.96,2.34,0.0
20191217:2110,0.0,0.0,0.0,4.73,2.21,0.0
20191217:2210,0.0,0.0,0.0,4.53,2.28,0.0
20191217:2310,0.0,0.0,0.0,4.55,2.34,0.0
20191218:0010,0.0,0.0,0.0,4.68,2.48,0.0
20191218:0110,0.0,0.0,0.0,4.9,2.55,0.0
20191218:0210,0.0,0.0,0.0,4.98,2.48,0.0
20191218:0310,0.0,0.0,0.0,4.69,2.28,0.0
20191218:0410,0.0,0.0,0.0,4.17,2.21,0.0
20191218:0510,0.0,0.0,0.0,3.98,2.21,0.0
20191218:0610,0.0,0.0,0.0,4.21,2.21,0.0
20191218:0710,0.0,0.0,0.0,5.13,2.21,0.0
20191218:0810,37480.0,101.09,7.06,5.44,2.14,0.0
20191218:0910,191105.0,446.74,12.53,6.66,1.86,0.0
20191218:1010,29770.0,85.17,15.99,8.36,1.66,0.0
20191218:1110,18650.0,58.82,17.15,8.88,1.52,0.0
20191218:1210,27590.0,80.48,15.87,9.67,1.45,0.0
20191218:1310,96790.0,237.16,12.3,9.55,1.1,0.0
20191218:1410,29395.0,84.58,6.74,9.3,0.9,0.0
20191218:1510,0.0,0.0,0.0,8.39,1.1,0.0
20191218:1610,0.0,0.0,0.0,7.08,1.86,0.0
20191218:1710,0.0,0.0,0.0,5.93,1.86,0.0
20191218:1810,0.0,0.0,0.0,5.17,2.0,0.0
20191218:1910,0.0,0.0,0.0,4.13,1.72,0.0
20191218:2010,0.0,0.0,0.0,3.75,1.72,0.0
20191218:2110,0.0,0.0,0.0,3.37,1.72,0.0
20191218:2210,0.0,0.0,0.0,3.21,1.93,0.0
20191218:2310,0.0,0.0,0.0,3.22,2.0,0.0
20191219:0010,0.0,0.0,0.0,3.08,2.0,0.0
20191219:0110,0.0,0.0,0.0,2.95,2.0,0.0
20191219:0210,0.0,0.0,0.0,2.83,2.0,0.0
20191219:0310,0.0,0.0,0.0,2.54,2.0,0.0
20191219:0410,0.0,0.0,0.0,2.3,2.0,0.0
20191219:0510,0.0,0.0,0.0,1.85,2.07,0.0
20191219:0610,0.0,0.0,0.0,1.87,2.07,0.0
20191219:0710,0.0,0.0,0.0,1.44,2.21,0.0
20191219:0810,33115.0,89.97,6.99,1.9,2.14,0.0
20191219:0910,143405.0,331.57,12.47,3.03,2.07,0.0
20191219:1010,99165.0,236.21,15.95,4.55,2.41,0.0
20191219:1110,78395.0,192.42,17.12,6.14,2.62,0.0
20191219:1210,115310.0,274.43,15.87,7.07,2.55,0.0
20191219:1310,92245.0,224.0,12.31,7.54,2.28,0.0
20191219:1410,125210.0,300.77,6.77,7.13,2.14,0.0
20191219:1510,0.0,0.0,0.0,6.3,2.21,0.0
20191219:1610,0.0,0.0,0.0,5.54,2.21,0.0
20191219:1710,0.0,0.0,0.0,4.94,2.34,0.0
20191219:1810,0.0,0.0,0.0,4.65,2.48,0.0
20191219:1910,0.0,0.0,0.0,3.64,2.28,0.0
20191219:2010,0.0,0.0,0.0,3.58,2.28,0.0
20191219:2110,0.0,0.0,0.0,3.54,2.34,0.0
20191219:2210,0.0,0.0,0.0,3.67,2.48,0.0
20191219:2310,0.0,0.0,0.0,3.96,2.55,0.0
20191220:0010,0.0,0.0,0.0,4.23,2.62,0.0
20191220:0110,0.0,0.0,0.0,4.35,2.55,0.0
20191220:0210,0.0,0.0,0.0,4.35,2.41,0.0
20191220:0310,0.0,0.0,0.0,4.11,2.34,0.0
20191220:0410,0.0,0.0,0.0,3.86,2.48,0.0
20191220:0510,0.0,0.0,0.0,3.7,2.48,0.0
20191220:0610,0.0,0.0,0.0,3.53,2.76,0.0
20191220:0710,0.0,0.0,0.0,3.11,2.9,0.0
20191220:0810,85900.0,206.74,6.92,3.8,2.76,0.0
20191220:0910,186425.0,431.06,12.41,5.3,2.62,0.0
20191220:1010,190455.0,444.74,15.91,7.21,2.41,0.0
20191220:1110,36250.0,100.27,17.11,8.92,2.83,0.0
20191220:1210,180555.0,426.14,15.87,9.91,2.9,0.0
20191220:1310,153740.0,365.48,12.33,10.24,2.83,0.0
20191220:1410,16485.0,53.53,6.8,9.71,2.55,0.0
20191220:1510,0.0,0.0,0.0,8.53,2.41,0.0
20191220:1610,0.0,0.0,0.0,7.6,2.14,0.0
20191220:1710,0.0,0.0,0.0,7.3,1.93,0.0
20191220:1810,0.0,0.0,0.0,7.25,1.66,0.0
20191220:1910,0.0,0.0,0.0,7.18,2.07,0.0
20191220:2010,0.0,0.0,0.0,6.94,2.41,0.0
20191220:2110,0.0,0.0,0.0,7.07,3.1,0.0
20191220:2210,0.0,0.0,0.0,7.16,3.52,0.0
20191220:2310,0.0,0.0,0.0,6.99,3.52,0.0
20191221:0010,0.0,0.0,0.0,6.71,3.17,0.0
20191221:0110,0.0,0.0,0.0,6.28,2.62,0.0
20191221:0210,0.0,0.0,0.0,5.76,2.07,0.0
20191221:0310,0.0,0.0,0.0,5.23,2.0,0.0
20191221:0410,0.0,0.0,0.0,4.42,2.14,0.0
20191221:0510,0.0,0.0,0.0,3.62,2.07,0.0
20191221:0610,0.0,0.0,0.0,2.63,2.0,0.0
20191221:0710,0.0,0.0,0.0,1.2,1.66,0.0
20191221:0810,18350.0,56.08,6.86,0.91,1.24,0.0
20191221:0910,27040.0,76.85,12.37,2.42,1.03,0.0
20191221:1010,46880.0,122.14,15.89,3.77,0.9,0.0
20191221:1110,49060.0,127.55,17.1,4.65,0.83,0.0
20191221:1210,64755.0,162.33,15.88,5.23,1.1,0.0
20191221:1310,45890.0,120.31,12.36,5.46,1.45,0.0
20191221:1410,73020.0,181.72,6.85,5.37,1.17,0.0
20191221:1510,0.0,0.0,0.0,4.9,1.03,0.0
20191221:1610,0.0,0.0,0.0,4.39,1.24,0.0
20191221:1710,0.0,0.0,0.0,3.7,1.59,0.0
20191221:1810,0.0,0.0,0.0,2.97,1.79,0.0
20191221:1910,0.0,0.0,0.0,2.98,1.72,0.0
20191221:2010,0.0,0.0,0.0,2.44,1.79,0.0
20191221:2110,0.0,0.0,0.0,1.85,2.0,0.0
20191221:2210,0.0,0.0,0.0,1.86,1.93,0.0
20191221:2310,0.0,0.0,0.0,1.96,2.0,0.0
20191222:0010,0.0,0.0,0.0,2.07,2.14,0.0
20191222:0110,0.0,0.0,0.0,2.15,2.0,0.0
20191222:0210,0.0,0.0,0.0,2.25,1.93,0.0
20191222:0310,0.0,0.0,0.0,2.23,1.93,0.0
20191222:0410,0.0,0.0,0.0,2.1,1.79,0.0
20191222:0510,0.0,0.0,0.0,2.17,2.0,0.0
20191222:0610,0.0,0.0,0.0,2.07,2.07,0.0
20191222:0710,0.0,0.0,0.0,2.38,2.0,0.0
20191222:0810,4475.0,21.14,6.81,2.48,2.62,0.0
20191222:0910,21330.0,63.63,12.33,2.75,2.9,0.0
20191222:1010,41410.0,109.49,15.86,3.36,2.62,0.0
20191222:1110,54580.0,139.02,17.09,4.07,2.34,0.0
20191222:1210,71265.0,175.74,15.9,4.57,2.0,0.0
20191222:1310,44270.0,116.4,12.39,5.0,2.0,0.0
20191222:1410,19410.0,59.6,6.89,4.97,2.28,0.0
20191222:1510,0.0,0.0,0.0,4.82,2.34,0.0
20191222:1610,0.0,0.0,0.0,4.71,2.34,0.0
20191222:1710,0.0,0.0,0.0,4.86,2.83,0.0
20191222:1810,0.0,0.0,0.0,4.82,3.24,0.0
20191222:1910,0.0,0.0,0.0,5.7,4.0,0.0
20191222:2010,0.0,0.0,0.0,5.61,4.62,0.0
20191222:2110,0.0,0.0,0.0,5.37,4.83,0.0
20191222:2210,0.0,0.0,0.0,5.18,4.9,0.0
20191222:2310,0.0,0.0,0.0,4.99,4.97,0.0
20191223:0010,0.0,0.0,0.0,4.82,4.9,0.0
20191223:0110,0.0,0.0,0.0,4.67,4.76,0.0
20191223:0210,0.0,0.0,0.0,4.53,4.76,0.0
20191223:0310,0.0,0.0,0.0,4.39,4.83,0.0
20191223:0410,0.0,0.0,0.0,4.27,4.83,0.0
20191223:0510,0.0,0.0,0.0,4.22,4.62,0.0
20191223:0610,0.0,0.0,0.0,4.13,4.34,0.0
20191223:0710,0.0,0.0,0.0,4.44,4.28,0.0
20191223:0810,26695.0,76.13,6.77,4.38,4.14,0.0
20191223:0910,60620.0,151.52,12.3,4.63,4.07,0.0
20191223:1010,18685.0,57.91,15.85,4.91,4.28,0.0
20191223:1110,10865.0,38.6,17.1,4.99,4.76,0.0
20191223:1210,30715.0,86.02,15.92,5.13,4.9,0.0
20191223:1310,4095.0,20.22,12.43,5.26,4.48,0.0
20191223:1410,5365.0,23.9,6.95,5.18,4.83,0.0
20191223:1510,0.0,0.0,0.0,4.81,3.86,0.0
20191223:1610,0.0,0.0,0.0,4.22,3.52,0.0
20191223:1710,0.0,0.0,0.0,4.36,3.86,0.0
20191223:1810,0.0,0.0,0.0,4.3,3.72,0.0
20191223:1910,0.0,0.0,0.0,4.25,3.52,0.0
20191223:2010,0.0,0.0,0.0,4.34,3.31,0.0
20191223:2110,0.0,0.0,0.0,4.3,3.45,0.0
20191223:2210,0.0,0.0,0.0,4.32,4.07,0.0
20191223:2310,0.0,0.0,0.0,4.19,4.21,0.0
20191224:0010,0.0,0.0,0.0,4.1,4.28,0.0
20191224:0110,0.0,0.0,0.0,3.92,4.14,0.0
20191224:0210,0.0,0.0,0.0,3.88,4.34,0.0
20191224:0310,0.0,0.0,0.0,3.7,4.14,0.0
20191224:0410,0.0,0.0,0.0,3.54,3.66,0.0
20191224:0510,0.0,0.0,0.0,3.46,3.1,0.0
20191224:0610,0.0,0.0,0.0,3.54,2.83,0.0
20191224:0710,0.0,0.0,0.0,3.8,2.62,0.0
20191224:0810,49820.0,127.9,6.73,3.92,2.41,0.0
20191224:0910,72470.0,177.5,12.28,4.16,2.14,0.0
20191224:1010,97495.0,232.1,15.85,4.75,3.45,0.0
20191224:1110,323430.0,751.59,17.11,5.27,3.45,0.0
20191224:1210,50375.0,130.26,15.95,5.49,2.97,0.0
20191224:1310,5360.0,23.9,12.48,5.16,2.9,0.0
20191224:1410,2070.0,13.79,7.01,3.86,3.59,0.0
20191224:1510,0.0,0.0,0.0,3.22,3.17,0.0
20191224:1610,0.0,0.0,0.0,3.94,3.24,0.0
20191224:1710,0.0,0.0,0.0,5.16,4.28,0.0
20191224:1810,0.0,0.0,0.0,5.59,4.48,0.0
20191224:1910,0.0,0.0,0.0,5.55,4.69,0.0
20191224:2010,0.0,0.0,0.0,5.41,4.83,0.0
20191224:2110,0.0,0.0,0.0,5.47,5.1,0.0
20191224:2210,0.0,0.0,0.0,5.61,5.66,0.0
20191224:2310,0.0,0.0,0.0,5.5,5.45,0.0
20191225:0010,0.0,0.0,0.0,5.49,5.45,0.0
20191225:0110,0.0,0.0,0.0,5.57,5.31,0.0
20191225:0210,0.0,0.0,0.0,5.48,4.83,0.0
20191225:0310,0.0,0.0,0.0,5.25,4.48,0.0
20191225:0410,0.0,0.0,0.0,4.96,4.14,0.0
20191225:0510,0.0,0.0,0.0,4.73,3.66,0.0
20191225:0610,0.0,0.0,0.0,4.61,3.1,0.0
20191225:0710,0.0,0.0,0.0,4.69,3.17,0.0
20191225:0810,360.0,7.35,6.7,4.7,2.83,0.0
20191225:0910,4725.0,22.06,12.26,5.05,2.34,0.0
20191225:1010,53325.0,136.57,15.85,5.25,3.17,0.0
20191225:1110,18630.0,57.91,17.13,5.27,2.69,0.0
20191225:1210,17490.0,55.15,15.99,5.33,3.03,0.0
20191225:1310,236920.0,545.31,12.54,5.15,3.52,0.0
20191225:1410,33160.0,91.36,7.08,4.89,4.14,0.0
20191225:1510,0.0,0.0,0.0,4.47,3.86,0.0
20191225:1610,0.0,0.0,0.0,4.11,3.66,0.0
20191225:1710,0.0,0.0,0.0,3.88,3.45,0.0
20191225:1810,0.0,0.0,0.0,3.59,3.17,0.0
20191225:1910,0.0,0.0,0.0,3.31,3.1,0.0
20191225:2010,0.0,0.0,0.0,3.11,2.9,0.0
20191225:2110,0.0,0.0,0.0,3.0,2.69,0.0
20191225:2210,0.0,0.0,0.0,3.05,2.62,0.0
20191225:2310,0.0,0.0,0.0,3.0,2.69,0.0
20191226:0010,0.0,0.0,0.0,2.93,2.69,0.0
20191226:0110,0.0,0.0,0.0,2.84,2.62,0.0
20191226:0210,0.0,0.0,0.0,2.72,2.41,0.0
20191226:0310,0.0,0.0,0.0,2.64,2.07,0.0
20191226:0410,0.0,0.0,0.0,2.59,1.93,0.0
20191226:0510,0.0,0.0,0.0,2.36,1.66,0.0
20191226:0610,0.0,0.0,0.0,2.4,1.79,0.0
20191226:0710,0.0,0.0,0.0,2.45,1.45,0.0
20191226:0810,15065.0,48.59,6.67,2.54,1.45,0.0
20191226:0910,43485.0,113.62,12.25,2.73,1.52,0.0
20191226:1010,47135.0,122.14,15.86,3.05,1.72,0.0
20191226:1110,55065.0,139.88,17.16,3.47,1.86,0.0
20191226:1210,61265.0,153.57,16.04,3.7,1.59,0.0
20191226:1310,19495.0,59.74,12.6,4.01,1.59,0.0
20191226:1410,21335.0,63.91,7.15,3.74,1.45,0.0
20191226:1510,0.0,0.0,0.0,3.36,1.1,0.0
20191226:1610,0.0,0.0,0.0,2.42,0.83,0.0
20191226:1710,0.0,0.0,0.0,1.9,1.03,0.0
20191226:1810,0.0,0.0,0.0,1.54,1.24,0.0
20191226:1910,0.0,0.0,0.0,1.2,1.17,0.0
20191226:2010,0.0,0.0,0.0,0.93,1.24,0.0
20191226:2110,0.0,0.0,0.0,0.99,1.38,0.0
20191226:2210,0.0,0.0,0.0,1.22,1.45,0.0
20191226:2310,0.0,0.0,0.0,1.32,1.45,0.0
20191227:0010,0.0,0.0,0.0,1.35,1.45,0.0
20191227:0110,0.0,0.0,0.0,1.26,1.45,0.0
20191227:0210,0.0,0.0,0.0,0.73,1.38,0.0
20191227:0310,0.0,0.0,0.0,-0.14,1.17,0.0
20191227:0410,0.0,0.0,0.0,0.09,0.83,0.0
20191227:0510,0.0,0.0,0.0,0.23,0.69,0.0
20191227:0610,0.0,0.0,0.0,0.07,0.69,0.0
20191227:0710,0.0,0.0,0.0,1.0,0.28,0.0
20191227:0810,50560.0,128.55,6.66,0.94,0.41,0.0
20191227:0910,48320.0,123.79,12.25,1.6,1.03,0.0
20191227:1010,23955.0,69.85,15.87,2.51,2.14,0.0
20191227:1110,43250.0,113.76,17.2,3.4,2.69,0.0
20191227:1210,73190.0,179.17,16.09,3.78,2.62,0.0
20191227:1310,132560.0,308.85,12.67,3.85,2.34,0.0
20191227:1410,15375.0,49.62,7.24,3.57,1.79,0.0
20191227:1510,0.0,0.0,0.0,2.92,1.59,0.0
20191227:1610,0.0,0.0,0.0,1.96,1.45,0.0
20191227:1710,0.0,0.0,0.0,0.92,1.59,0.0
20191227:1810,0.0,0.0,0.0,-0.15,1.79,0.0
20191227:1910,0.0,0.0,0.0,-1.24,1.86,0.0
20191227:2010,0.0,0.0,0.0,-1.49,1.93,0.0
20191227:2110,0.0,0.0,0.0,-1.43,1.86,0.0
20191227:2210,0.0,0.0,0.0,-1.48,1.79,0.0
20191227:2310,0.0,0.0,0.0,-1.09,1.72,0.0
20191228:0010,0.0,0.0,0.0,-1.16,1.52,0.0
20191228:0110,0.0,0.0,0.0,-1.48,1.31,0.0
20191228:0210,0.0,0.0,0.0,-1.51,1.03,0.0
20191228:0310,0.0,0.0,0.0,-2.06,1.17,0.0
20191228:0410,0.0,0.0,0.0,-1.7,1.45,0.0
20191228:0510,0.0,0.0,0.0,-0.93,1.66,0.0
20191228:0610,0.0,0.0,0.0,-0.57,1.66,0.0
20191228:0710,0.0,0.0,0.0,-0.91,1.38,0.0
20191228:0810,18695.0,56.52,6.65,-0.91,1.17,0.0
20191228:0910,117430.0,272.21,12.26,0.38,1.38,0.0
20191228:1010,64880.0,159.43,15.9,0.74,1.72,0.0
20191228:1110,123815.0,287.07,17.24,1.0,1.59,0.0
20191228:1210,114345.0,266.38,16.16,0.86,1.45,0.0
20191228:1310,69190.0,168.68,12.75,0.85,1.31,0.0
20191228:1410,26780.0,75.66,7.33,0.72,1.66,0.0
20191228:1510,0.0,0.0,0.0,0.34,1.59,0.0
20191228:1610,0.0,0.0,0.0,-0.08,1.45,0.0
20191228:1710,0.0,0.0,0.0,-0.93,1.24,0.0
20191228:1810,0.0,0.0,0.0,-1.8,1.1,0.0
20191228:1910,0.0,0.0,0.0,-1.78,0.97,0.0
20191228:2010,0.0,0.0,0.0,-2.06,1.03,0.0
20191228:2110,0.0,0.0,0.0,-2.43,1.1,0.0
20191228:2210,0.0,0.0,0.0,-2.78,1.17,0.0
20191228:2310,0.0,0.0,0.0,-2.92,1.1,0.0
20191229:0010,0.0,0.0,0.0,-3.08,1.1,0.0
20191229:0110,0.0,0.0,0.0,-3.28,1.24,0.0
20191229:0210,0.0,0.0,0.0,-3.02,1.38,0.0
20191229:0310,0.0,0.0,0.0,-3.35,1.17,0.0
20191229:0410,0.0,0.0,0.0,-3.38,1.03,0.0
20191229:0510,0.0,0.0,0.0,-3.65,1.1,0.0
20191229:0610,0.0,0.0,0.0,-3.92,1.17,0.0
20191229:0710,0.0,0.0,0.0,-4.09,1.52,0.0
20191229:0810,100015.0,231.2,6.64,-3.97,1.38,0.0
20191229:0910,253285.0,576.15,12.27,-2.58,0.83,0.0
20191229:1010,302565.0,698.39,15.93,-1.29,0.97,0.0
20191229:1110,307740.0,714.97,17.3,-0.36,0.97,0.0
20191229:1210,298615.0,698.26,16.23,0.27,0.62,0.0
20191229:1310,259330.0,599.8,12.83,0.57,0.9,0.0
20191229:1410,139595.0,324.98,7.42,0.24,0.97,0.0
20191229:1510,0.0,0.0,0.0,-0.45,1.24,0.0
20191229:1610,0.0,0.0,0.0,-1.23,1.17,0.0
20191229:1710,0.0,0.0,0.0,-1.67,1.24,0.0
20191229:1810,0.0,0.0,0.0,-2.0,1.24,0.0
20191229:1910,0.0,0.0,0.0,-2.99,1.38,0.0
20191229:2010,0.0,0.0,0.0,-3.26,1.31,0.0
20191229:2110,0.0,0.0,0.0,-3.32,1.1,0.0
20191229:2210,0.0,0.0,0.0,-3.07,0.76,0.0
20191229:2310,0.0,0.0,0.0,-2.4,0.41,0.0
20191230:0010,0.0,0.0,0.0,-3.53,1.24,0.0
20191230:0110,0.0,0.0,0.0,-3.37,1.52,0.0
20191230:0210,0.0,0.0,0.0,-3.19,1.52,0.0
20191230:0310,0.0,0.0,0.0,-3.31,1.59,0.0
20191230:0410,0.0,0.0,0.0,-3.37,1.59,0.0
20191230:0510,0.0,0.0,0.0,-3.16,1.52,0.0
20191230:0610,0.0,0.0,0.0,-3.16,1.45,0.0
20191230:0710,0.0,0.0,0.0,-4.09,1.59,0.0
20191230:0810,142160.0,322.21,6.65,-3.85,1.45,0.0
20191230:0910,254865.0,575.48,12.29,-2.52,1.45,0.0
20191230:1010,299595.0,686.43,15.97,-0.56,1.66,0.0
20191230:1110,300665.0,695.88,17.36,1.17,1.59,0.0
20191230:1210,283525.0,658.06,16.3,2.32,1.52,0.0
20191230:1310,244150.0,565.24,12.92,2.75,1.45,0.0
20191230:1410,137390.0,321.39,7.52,2.17,1.66,0.0
20191230:1510,0.0,0.0,0.0,0.84,2.0,0.0
20191230:1610,0.0,0.0,0.0,-0.29,1.93,0.0
20191230:1710,0.0,0.0,0.0,-0.8,1.66,0.0
20191230:1810,0.0,0.0,0.0,-1.33,1.52,0.0
20191230:1910,0.0,0.0,0.0,-1.84,1.52,0.0
20191230:2010,0.0,0.0,0.0,-1.87,1.59,0.0
20191230:2110,0.0,0.0,0.0,-1.63,1.66,0.0
20191230:2210,0.0,0.0,0.0,-0.97,1.66,0.0
20191230:2310,0.0,0.0,0.0,-1.03,1.59,0.0
20191231:0010,0.0,0.0,0.0,-1.43,1.66,0.0
20191231:0110,0.0,0.0,0.0,-1.45,1.86,0.0
20191231:0210,0.0,0.0,0.0,-1.3,1.93,0.0
20191231:0310,0.0,0.0,0.0,-1.17,2.0,0.0
20191231:0410,0.0,0.0,0.0,-1.25,2.14,0.0
20191231:0510,0.0,0.0,0.0,-1.16,2.34,0.0
20191231:0610,0.0,0.0,0.0,-0.99,2.41,0.0
20191231:0710,0.0,0.0,0.0,-1.13,2.48,0.0
20191231:0810,33285.0,89.44,6.66,-0.72,2.48,0.0
20191231:0910,8930.0,33.09,12.32,0.67,2.41,0.0
20191231:1010,200355.0,457.31,16.02,2.15,2.28,0.0
20191231:1110,5110.0,22.98,17.42,2.59,2.07,0.0
20191231:1210,50395.0,129.17,16.39,2.69,1.79,0.0
20191231:1310,53610.0,135.8,13.02,2.5,1.52,0.0
20191231:1410,43440.0,113.44,7.63,1.94,1.59,0.0
20191231:1510,0.0,0.0,0.0,1.14,1.66,0.0
20191231:1610,0.0,0.0,0.0,0.54,1.66,0.0
20191231:1710,0.0,0.0,0.0,-0.1,1.72,0.0
20191231:1810,0.0,0.0,0.0,-0.16,1.66,0.0
20191231:1910,0.0,0.0,0.0,-0.42,1.1,0.0
20191231:2010,0.0,0.0,0.0,-1.11,1.03,0.0
20191231:2110,0.0,0.0,0.0,-1.85,1.17,0.0
20191231:2210,0.0,0.0,0.0,-2.09,1.1,0.0
20191231:2310,0.0,0.0,0.0,-1.79,0.9,0.0
